Phase fields,scores,Norm. score
Cl Cs O Re      , 27.591,    0.346
C I Mo O        , 27.748,    0.387
Bi Ce O S       , 27.796,      0.4
Ba Cl Cu O      , 27.561,    0.338
C Cu N S        , 29.052,    0.727
F K O Ta        ,  28.21,    0.508
Cd Cl O P       , 27.444,    0.308
C N Pb S        , 29.248,    0.778
Cl Fe O P       ,  27.37,    0.288
F Nb O Zr       , 27.935,    0.436
B Ca Cl O       , 27.591,    0.346
Cu F O P        , 27.381,    0.291
O S Tl          , 27.603,    0.349
Cl Cu O Sr      , 27.277,    0.264
Bi Cl In S      , 28.803,    0.662
Cd I P S        , 29.005,    0.715
F O Se Xe       ,  27.25,    0.257
F O Te U        , 27.287,    0.267
As Cl Cu O      , 27.178,    0.238
As Cl Co O      , 27.666,    0.366
Cl Mn O         , 28.019,    0.458
F O Se Y        , 27.447,    0.308
C N Na S        , 29.496,    0.843
Ca Cl Cu O      ,  27.67,    0.367
Br Ca Cu O      , 28.237,    0.515
Br C O Re       , 28.105,     0.48
Ba Br Cu O      ,  28.13,    0.487
Cl N O Sb       , 27.461,    0.312
B Cl Li O       , 27.728,    0.382
Br Cu O Sr      , 27.852,    0.414
Cd I O V        , 28.064,     0.47
Br Cd O P       , 28.016,    0.457
As Br Cd O      , 27.843,    0.412
Br Cd O V       ,  28.31,    0.534
Ag Br N O       , 27.757,    0.389
Ag I O W        , 28.004,    0.454
F Li O S        , 27.419,    0.301
Br Cu P S       ,  29.16,    0.756
F K O P         , 27.679,    0.369
F O W Xe        , 27.848,    0.413
Bi Cl F O       , 26.608,     0.09
Bi Br Cu S      , 29.126,    0.747
Cl K O W        , 27.888,    0.424
As Cd I         , 29.019,    0.719
F O P Rb        , 27.525,    0.329
Ag N O Te       , 27.798,      0.4
K N O Se        , 27.699,    0.374
C F Hg O        , 27.409,    0.299
F O P Sn        , 27.616,    0.353
F K O U         ,  27.69,    0.372
Bi Cl Cu S      , 28.576,    0.603
Cl O P Sr       , 27.227,    0.251
F Na O P        , 27.852,    0.414
Ca O S Sb       , 28.335,     0.54
Br K Mo O       , 28.282,    0.526
Cl Mo Se        , 28.688,    0.632
Ce O S          , 28.048,    0.465
C Cl Mn O       , 27.719,     0.38
Ga Ge La O S    , 27.928,    0.434
N O S           , 26.977,    0.186
Cs F O Sb       , 27.859,    0.416
F O Rb Sb       , 27.941,    0.437
Ag O S Si       , 27.832,    0.409
Ca Cl O W       , 27.856,    0.415
Cd F O P        ,  27.47,    0.314
C Cr O S        , 27.709,    0.377
Cl N S Sb       , 28.712,    0.639
C F O Tl        , 27.741,    0.385
Cl F Sb         , 29.096,    0.739
Al Ca F O       , 28.084,    0.475
Cs F I O        ,  27.09,    0.215
Ca Cl O P       , 27.621,    0.354
Cl Mn O P       , 27.665,    0.365
F Mn O P        ,  27.69,    0.372
Cl Mg O P       , 27.431,    0.304
F Li Nb O       , 27.797,      0.4
Br Cl Tl        , 29.493,    0.842
As F N S        ,  28.16,    0.495
Cl F K Sb       , 29.027,    0.721
F Na O Ta       , 28.381,    0.552
F Hg Ni S       , 28.936,    0.697
C Cs N Se       , 29.113,    0.743
K O S Sb        , 28.367,    0.549
B F Mg O        , 27.426,    0.303
B Cl Cr O       , 27.317,    0.275
C Cl O Pb       , 27.618,    0.353
N O Si Sm       , 27.978,    0.447
F Nb O Se       , 26.978,    0.186
F Mg O Si       , 27.537,    0.332
Ag S Se Te      , 28.942,    0.699
B Fe I O        , 27.664,    0.365
As Cs F O       , 27.265,    0.261
Cl F O Sb       , 27.075,    0.212
Cl Cr Cs O      , 27.458,    0.311
Ag Cl N O       , 27.179,    0.239
Cl K O Ru       , 27.816,    0.405
Ag I N O        , 27.506,    0.324
F Nb O Tl       ,   27.7,    0.375
Cl Cu O Se      , 26.989,    0.189
Ba Cl O Re      , 27.685,    0.371
Ba Cl O P       , 27.511,    0.325
As F K O        , 27.503,    0.323
As F O Rb       , 27.348,    0.283
Cl Cr O Rb      , 27.541,    0.333
Ca Cl O Si      , 27.701,    0.375
F K O V         , 27.976,    0.447
Cl Fe O Pb      , 27.627,    0.356
B Cl Mg O       ,   27.4,    0.296
Br Cl Cs W      ,  29.15,    0.753
Br Cl Cs Mo     , 28.986,     0.71
Cl O Si Yb      , 27.722,     0.38
Ca F O P        , 27.646,    0.361
Bi Cl N S       , 28.272,    0.524
F Ga Ge Mg O    , 55.136,     0.68
F Na O S        , 27.488,    0.319
F Nb O Rb       , 27.538,    0.332
Cs F Nb O       , 27.455,    0.311
F Nb O Sc       , 28.106,     0.48
F K O Sb        , 28.093,    0.477
F Na O Sb       , 28.264,    0.522
F O Rb Ta       , 28.059,    0.468
Cs F Mo O       , 27.504,    0.324
Ce N O Si       ,  28.01,    0.456
La N O Si       , 27.996,    0.452
N O S U         , 27.359,    0.286
F Mo O Rb       , 27.587,    0.345
Ag Ga Ge I S    , 29.114,    0.743
Ba F O P        , 27.537,    0.332
C N S Se        ,  28.66,    0.625
C N Se          , 28.664,    0.626
Cl N Sb V       , 29.343,    0.803
As F O S        ,  26.78,    0.135
F Li O Ta       , 28.313,    0.535
Cl O Re         , 27.655,    0.363
Cs F O V        , 27.741,    0.385
C Hg N S        , 29.027,    0.721
F O S Xe        , 27.246,    0.256
C N P S         , 29.005,    0.715
As Eu O Ta      , 28.746,    0.648
Cl I N V        , 28.615,    0.613
C Fe O Se       , 27.735,    0.384
Cl O Sn         , 26.911,    0.169
As F I S        , 28.079,    0.473
Hg I Na O       , 28.168,    0.497
Cl Cu N S       , 28.355,    0.545
Ce Cr O S       , 27.872,     0.42
Cr La O S       , 27.858,    0.416
Cl Fe N S       , 28.369,    0.549
B I Ni O        , 27.939,    0.437
La O Se         , 27.461,    0.312
Cl Cs O U       , 27.427,    0.303
O Rb Re S       , 27.976,    0.447
Cs F O U        , 27.453,     0.31
Br Cl Cu Rb     , 29.052,    0.727
B Mg O S        , 27.706,    0.376
F K O Xe        , 27.957,    0.442
Fe I N O        ,  27.43,    0.304
Co I N O        , 27.899,    0.426
Ca Cl Cr O      , 27.662,    0.365
Cl Mo O P       , 27.369,    0.288
Cl K O Os       , 28.081,    0.474
Na O S          , 27.768,    0.392
C I O Re        , 27.858,    0.416
Cl F I Sb       ,  28.36,    0.547
Ag La O S       , 27.955,    0.441
As La O S       , 27.643,     0.36
Cr F K O        ,  27.72,     0.38
F Fe O Sr       , 27.317,    0.275
F K Nb O        , 27.692,    0.372
Cl O Pb V       , 27.862,    0.417
Cl F N P        , 28.032,    0.461
Br F N P        , 28.592,    0.607
Cl O S Zr       , 27.533,    0.331
B Cl N          , 28.375,    0.551
F N P S         , 28.331,    0.539
Cu S Se Ta      , 29.418,    0.823
B Br Eu O       , 28.272,    0.524
Cl Cu Hg Se     , 28.637,    0.619
Cl O P Sn       ,  27.59,    0.346
Cl Hg O         , 27.351,    0.284
Ag C N S        , 29.138,     0.75
B Ba F O        , 27.506,    0.324
F K O S         , 27.312,    0.273
Br Cl O W       , 27.447,    0.308
Cs F O P        , 27.442,    0.307
As I K O        , 27.801,    0.401
As Br K O       , 28.049,    0.466
B Br Ca O       , 28.159,    0.494
Cs F O Ta       , 27.978,    0.447
Ag C N O        , 27.906,    0.428
Br Cs O U       , 27.999,    0.453
F Fe O P        , 27.396,    0.295
K N O Os        , 28.478,    0.577
F O P Pb        , 27.589,    0.346
Cs O P S        , 27.722,     0.38
Cl O Pr W       , 27.526,    0.329
Cl Cs O Os      , 27.847,    0.413
B F N S         , 28.302,    0.532
C Fe O S        , 27.731,    0.383
C N S Zn        , 29.545,    0.856
Al Cl K O       , 28.091,    0.477
Ag N O S        , 27.488,    0.319
As N O Th       , 27.762,    0.391
N O P Th        , 27.935,    0.436
F Na Nb O       , 27.865,    0.418
F O U Zr        , 27.933,    0.435
C N O S         , 27.403,    0.297
I S Sb Sn       , 29.537,    0.854
Cs F O Ti       , 27.409,    0.299
F Na O V        , 28.148,    0.491
F N O Xe        , 27.348,    0.283
F Hg S Si       , 28.687,    0.632
C Cl O Ru       , 27.525,    0.329
C I O Ru        , 27.848,    0.413
Br P S          , 28.765,    0.652
C K N Se        , 29.336,    0.802
C K N O         ,  28.11,    0.481
Cl O P Sb       , 27.725,    0.381
Cl Nb O P       , 27.319,    0.275
Cl O P Pb       , 27.563,    0.339
As Cl O Pb      , 27.387,    0.293
Cl Co N O       , 27.577,    0.342
Cl O Sb Se      , 27.364,    0.287
As F S          , 28.061,    0.469
Br Cl Cs Hg     , 28.948,      0.7
Bi F Nb O       , 27.309,    0.272
Bi F O Ti       , 27.263,     0.26
Cl Cs Np O      , 27.878,    0.421
Ce Ga Ge O S    , 27.942,    0.438
K O S Se        , 27.598,    0.348
Cs Mo O S       , 27.784,    0.397
Bi F O Ta       , 27.834,     0.41
Li N O Si       , 28.238,    0.515
Li N O Ti       , 28.128,    0.486
Ga Ge Li N O    , 56.537,    1.046
Bi Cd I O       , 27.732,    0.383
Bi Br O Sr      , 27.768,    0.392
Bi Cl O Sr      , 27.191,    0.242
Bi Cl Li O      , 27.723,    0.381
Bi Cl Na O      , 27.792,    0.398
Bi Br Li O      , 28.289,    0.528
Bi Br Na O      , 28.356,    0.546
Bi Br Cd O      , 27.981,    0.448
Bi I Li O       , 28.043,    0.464
Bi I Na O       , 28.111,    0.482
C Hg N O        ,  27.79,    0.398
As Ca Cl O      , 27.445,    0.308
Ca Cl O V       , 27.919,    0.432
Br Ca O P       , 28.189,    0.502
F N S Sb        , 28.736,    0.645
Br Cl I Sb      ,  28.89,    0.685
Ca O S Si       , 28.004,    0.454
Cl Cr K O       , 27.695,    0.373
F I K O         ,  27.33,    0.278
Am F K O        , 28.033,    0.461
Cl Cs Nb O      , 27.429,    0.304
C F La O        , 27.592,    0.346
K O S           , 27.594,    0.347
F Mg O P        , 27.456,    0.311
Cl N O S        , 26.662,    0.104
C N Na O        , 28.281,    0.526
Cs N O Os       , 28.247,    0.517
B F O Te        , 27.245,    0.256
Al Cl N S       , 28.734,    0.644
Ag I O P        ,  27.77,    0.393
F I S Sb        , 28.656,    0.624
F In N O        , 27.352,    0.284
C Cl O Os       , 27.793,    0.399
Cl Cu K O       , 27.703,    0.375
Cu F Hg S       , 28.657,    0.624
F Hg Mn S       , 28.952,    0.701
F Hg Ni O       , 27.695,    0.373
F Hg O Zn       , 27.926,    0.434
Ca F O Sb       , 28.061,    0.469
Cl O P Ti       , 27.273,    0.263
Cl K N Os       ,   29.4,    0.818
Bi Ca Cl O      , 27.585,    0.345
Bi Br Ca O      , 28.154,    0.493
Bi Cd Cl O      , 27.408,    0.298
C Ce F O        , 27.606,     0.35
C N O Rb        , 27.958,    0.442
C Cs N O        , 27.876,    0.421
C N O Tl        , 28.118,    0.484
Cd I S Sb       , 29.401,    0.818
Cl Mo S         ,  28.27,    0.523
Cl N V          , 28.301,    0.531
Cl K N O        , 27.388,    0.293
Cl K Mo O       , 27.716,    0.379
Cl Cs F Sb      , 28.801,    0.662
Br Cr Cu Se     , 29.203,    0.767
C K N S         , 29.333,    0.801
C N S Tl        ,  29.34,    0.803
Br C O Pb       , 28.186,    0.501
Ba Bi Cl O      , 27.475,    0.316
Ba Bi Br O      , 28.046,    0.465
C Cl F Se       ,  27.99,     0.45
Cl F N Re       , 28.203,    0.506
Cl N S V        , 28.597,    0.609
Br Cs Mo O      ,  28.05,    0.466
C Cd N S        , 29.136,    0.749
C N Ni S        , 29.327,    0.799
Al B F O        , 27.744,    0.386
Cl N Pt S       , 28.726,    0.642
Cr F O Rb       , 27.566,     0.34
Bi Cl O Pb      , 27.528,     0.33
As Mn O Sr      , 28.078,    0.473
As Ba Mn O      , 28.354,    0.545
Hg I N O        , 27.388,    0.293
N O Os Rb       , 28.328,    0.538
Au Cl O Se      , 27.459,    0.312
F O Pb Zr       , 28.174,    0.498
Cl Fe O Sr      , 27.291,    0.268
Ba F O W        , 27.772,    0.393
Hg I O          , 27.676,    0.368
F Mo O Te       , 27.339,     0.28
Au C Cl O       , 27.874,     0.42
Cl Fe N O       , 27.102,    0.219
F N Re          , 28.227,    0.512
Ag N O Se       , 27.492,     0.32
As Bi Br Hg     ,  29.28,    0.787
F O Te W        , 27.513,    0.326
F O Re Te       , 27.451,     0.31
Cl La O Ti      ,  27.48,    0.317
Cl Co O Sr      , 27.763,    0.391
Cl Nd O Ti      , 27.415,      0.3
Ag Br O Pb      , 28.269,    0.523
Cl O Pr Ti      , 27.255,    0.259
Al N O Si       , 28.229,    0.513
N O Si Y        , 28.262,    0.521
Ga Ge Nd O S    , 27.864,    0.417
Cd F O Sb       , 27.887,    0.423
Cl La O W       , 27.748,    0.387
O S Si Sm       , 27.879,    0.421
Ho S Te         , 29.402,    0.819
Cs F O W        , 27.678,    0.369
Cl Gd O W       , 27.716,    0.379
Cu I In Se      , 29.196,    0.765
Ag I In Se      , 29.281,    0.787
Ag I In Te      , 29.568,    0.862
Cl Cu In Te     , 29.179,    0.761
Br Cu In Te     , 29.717,    0.901
Cu I In Te      , 29.484,     0.84
Br Cu In Se     , 29.432,    0.827
Ag Cl In S      , 28.971,    0.706
Ag Br In S      , 29.513,    0.848
Ag Cl In Se     , 28.975,    0.707
Ag Br In Se     , 29.517,    0.849
Ag Cl In Te     , 29.265,    0.783
Ag Br In Te     , 29.801,    0.923
C F O Pb        , 27.643,     0.36
Cl La Nb O      , 27.525,    0.329
Cl O Se Sn      , 27.227,    0.251
C Cl O Re       , 27.536,    0.332
C I O Os        , 28.113,    0.482
Cl Nb O Pr      , 27.301,    0.271
Ba Cl O Te      , 27.456,    0.311
Br O Pb Tl      , 28.478,    0.578
F Mo Nb O       , 27.408,    0.298
Cl O Pb Sb      , 27.979,    0.447
Ba Nb O S       , 27.829,    0.408
Cl N S W        , 28.536,    0.593
F Mg Nb O       , 27.469,    0.314
Cl F Ir P       , 28.687,    0.632
Cl O Sm Ti      , 27.461,    0.312
Cl Cr O Sr      , 27.269,    0.262
Ag Al Cl O      , 27.887,    0.423
B Cl O Pb       , 27.533,    0.331
Br Mo O Pb      , 28.194,    0.503
Br O Pb W       , 28.363,    0.548
Br Nb O Pb      , 28.146,    0.491
Cl Cr O Pb      , 27.605,     0.35
Cl O Pb S       , 27.195,    0.243
Al Cl N O       , 27.485,    0.318
Ba F O Re       ,  27.71,    0.377
F Li O W        , 28.017,    0.457
Cl O P Re       , 27.481,    0.317
Cl N Re S       , 28.476,    0.577
Br C Se         , 28.825,    0.668
Br C K N        , 29.584,    0.866
Cs F O S        , 27.072,    0.211
Br Ce S Si      , 29.396,    0.817
F K O Ti        , 27.646,    0.361
Bi Br O Te      ,  27.79,    0.398
K O P S         , 27.957,    0.442
F Nb O Sn       , 27.629,    0.356
Cl N S Se       , 27.952,     0.44
Au I K O        , 28.476,    0.577
As Cr Mn P      , 29.755,    0.911
I S Sb Se       , 28.929,    0.695
Br Gd La O      , 28.252,    0.519
B F O Sr        , 27.222,     0.25
B Br O Sr       , 27.773,    0.394
Cu Mo S Se      , 28.968,    0.705
In Mo S Se      , 29.192,    0.764
Cu Rh S Se      , 28.992,    0.712
Cd Cr S Se      , 29.032,    0.722
Cr Se Te Zn     , 29.732,    0.905
Ag Bi S Se      ,  28.96,    0.703
Cd S Se Zn      , 29.533,    0.853
As Cd In Se     , 29.441,    0.829
As Cd In Te     , 29.726,    0.903
As Cu Ga Ge Se  , 29.194,    0.765
As Cu In Se     , 29.358,    0.807
As Cu In Te     , 29.644,    0.882
As Ga Ge S Zn   , 29.682,    0.892
As Ga Ge Se Zn  , 29.685,    0.893
Ag Sb Se Te     , 29.679,    0.891
Ag Bi Se Te     , 29.254,     0.78
I Sb Se Sn      , 29.541,    0.855
F O Tl Zr       ,  28.27,    0.523
Ga Ge La O Se   , 27.932,    0.435
Br C O Ru       , 28.095,    0.478
Cu F Nb O       , 27.395,    0.295
Ba Cl Fe O      , 27.575,    0.342
Ba Br Fe O      , 28.144,     0.49
La O S Sn       , 28.096,    0.478
Cl Fe Mo O      , 27.433,    0.305
Ca F Ga Ge O    , 27.757,     0.39
Ga Ge Mo Se Te  ,  29.32,    0.797
Cs F O Xe       , 27.722,     0.38
Br C O W        , 28.166,    0.496
Au F O Te       ,  27.79,    0.398
Cl Nb O Te      , 27.263,    0.261
Ba Cl N W       , 29.081,    0.735
Ca F O Ta       , 28.179,    0.499
Br F O Te       , 27.178,    0.238
Cl F N O        ,  26.37,    0.028
F O Si Y        , 27.887,    0.423
As Ni P Sr      , 29.628,    0.878
B I N Sr        , 28.867,    0.679
B Ba F N        , 28.851,    0.675
F Ga Ge O Sr    , 27.366,    0.287
Al F O Sr       , 27.697,    0.374
Ba Cl O V       ,  27.81,    0.403
Cl O Sr V       , 27.529,     0.33
Cd Cl O V       , 27.744,    0.386
B Ca F N        , 28.956,    0.702
B F N Sr        , 28.581,    0.604
B Ca Cl N       , 28.932,    0.696
B Cl N Sr       , 28.556,    0.598
Bi Cl O V       , 27.571,    0.341
Nb O Se Sm      , 27.816,    0.405
La O S Ti       , 27.785,    0.397
B F Gd O        , 27.475,    0.316
Cl N P Ta       , 29.174,    0.759
La O Se Ti      , 27.789,    0.398
Ag Ga Ge I Se   , 29.117,    0.744
Er F O Si       ,  27.96,    0.442
F O P Sb        , 27.751,    0.388
Ce Cl O Si      , 27.607,     0.35
Ce Cl O P       , 27.526,    0.329
Mo N O Sm       ,  27.96,    0.443
Cl O Si Sr      , 27.308,    0.272
Br Cs F Nb      , 28.963,    0.704
Cl Na Nb O      ,  27.84,    0.411
F O P Zn        , 27.904,    0.428
Al F O Si       , 27.854,    0.415
Cr Cu S Se      , 28.948,      0.7
Cr Cu Se Te     , 29.242,    0.777
Cr Fe S Se      , 28.961,    0.704
Cr Hg S Se      , 28.922,    0.694
Cr S Se Zn      , 29.443,    0.829
I Nb Te         , 29.129,    0.748
Ce Cr O Se      , 27.876,    0.421
Pb S Sn Te      , 29.658,    0.885
Cr Mo S Se      ,  28.96,    0.703
Mn Mo S Se      ,  29.26,    0.782
Ag Hg I S       , 29.029,    0.721
Mo N Na O       , 28.288,    0.528
N Nb O Sr       , 27.649,    0.361
Ca N Nb O       , 28.037,    0.463
B Cl O Zn       , 27.849,    0.413
F O Te Xe       , 27.558,    0.337
Ba N O Zn       , 28.477,    0.577
Cu I O Sr       , 27.603,    0.349
Bi I O Te       ,  27.54,    0.333
Cu F O Sr       , 27.303,    0.271
Cl Nd O         , 27.588,    0.345
B Be F O        , 27.877,    0.421
Ca Cl Fe O      , 27.684,    0.371
Cu Ga Ge Se Te  , 29.308,    0.794
Fe K S Se       ,  29.25,    0.779
C Cl N S        ,  28.36,    0.547
Cl F Sb Te      , 28.643,    0.621
As Cl F Te      , 28.065,     0.47
F O S Te        , 26.904,    0.167
Br Cl S Sb      , 28.873,    0.681
Hg I Pb S       , 29.139,     0.75
Ba O S V        , 28.112,    0.482
Bi Cl O Ta      , 27.809,    0.403
Bi Br Nb O      , 27.858,    0.416
Bi Br O Ta      , 28.374,     0.55
Gd N O Si       , 27.964,    0.444
Br Co O Sr      , 28.328,    0.539
Cl Li N Zr      , 29.647,    0.883
B Br O Pb       , 28.103,     0.48
Ce O Si Te      , 28.216,    0.509
Ce O Se Si      , 27.915,    0.431
Ga Ge K N O     , 28.166,    0.496
La O S V        , 28.113,    0.482
As Cl F S       , 27.759,     0.39
B Cl F O        , 26.614,    0.091
Cl O Sb Te      ,  27.67,    0.367
Cl F Ga Ge O    , 26.761,    0.129
Ba Br Cl Sr     , 28.942,    0.699
B Cl Fe O       , 27.339,     0.28
C Cs N S        , 29.109,    0.742
Er O S U        , 28.168,    0.497
Cu F O W        , 27.618,    0.353
Cl Cr F K       , 28.666,    0.627
Cl Cs Cu I      , 28.733,    0.644
B Cu I O        ,  27.65,    0.362
F O S Se        , 26.588,    0.084
F O Rb V        , 27.823,    0.407
Br N S V        , 29.146,    0.752
As C F S        , 28.471,    0.576
Cl Na O Y       , 28.295,     0.53
C F Mn O        , 27.744,    0.386
Cl Ga Ge N S    , 28.415,    0.561
C Cl N P        , 28.713,    0.639
Ga Ge O S Tl    , 28.075,    0.472
Ba Cl Mn O      , 27.867,    0.418
Bi I O Pb       ,  27.85,    0.414
Br Cl Cr Cs     , 28.966,    0.705
Cl O S Sn       , 27.223,     0.25
C Cl O Pd       , 28.079,    0.474
O S Se Zr       , 27.842,    0.412
B Cr I O        , 27.642,    0.359
C F Ga Ge S     , 28.748,    0.648
C F Ga Ge Se    , 28.752,    0.649
Cl La O Ta      , 28.047,    0.465
F Ga Gd Ge O    , 27.617,    0.353
Ba N O Ta       , 28.443,    0.569
Ba N Nb O       , 27.929,    0.434
N O Sr Ta       , 28.169,    0.497
Cl F O S        , 26.265,      0.0
F La O Sb       , 27.954,    0.441
Cl Nd O Ta      , 27.983,    0.449
Br F S Sb       , 28.897,    0.687
F O P           , 27.331,    0.278
As Br F Se      , 28.328,    0.538
As Br F S       , 28.324,    0.537
F K Np O        , 28.136,    0.488
Br Hg O         , 27.925,    0.433
Ba Bi I O       , 27.798,      0.4
Au C Cl S       , 29.107,    0.742
C Cl Cu O       , 27.411,    0.299
Ba Cl O W       , 27.747,    0.387
Cl F O Ru       , 26.814,    0.143
Cl O S Ti       , 26.901,    0.166
Ca F O Si       , 27.726,    0.381
Cl La O Si      , 27.593,    0.347
As Cl K O       , 27.478,    0.317
Cl Mo N P       , 28.721,    0.641
Cl O Pb Si      , 27.644,     0.36
Br O Pb Si      , 28.211,    0.508
B Ca F O        , 27.616,    0.353
F I Sb Se       ,  28.66,    0.625
Mg N P S        , 29.071,    0.732
Ba Cl O Ru      , 27.675,    0.368
Nd O Se Si      , 27.837,     0.41
C F K O         , 27.733,    0.383
C F O Rb        , 27.579,    0.343
Al I Te         , 29.993,    0.973
Ga Ge I Te      , 29.379,    0.813
I In Te         , 29.704,    0.897
Cr Li N O       ,   28.2,    0.505
Cl N P Zn       , 29.207,    0.768
B Br Cr O       , 27.891,    0.424
F O S Sn        , 27.248,    0.257
Cl I Mo Na      , 29.138,     0.75
As Cl F Se      , 27.763,    0.391
Br K N Th       , 29.742,    0.907
I Nb Se Te      , 28.838,    0.672
Ga Ge N O Zn    , 56.774,    1.108
F O S Sb        , 27.385,    0.292
Ba Cu I O       , 27.883,    0.422
Br K Re S       , 29.602,    0.871
C Co O S        , 28.195,    0.504
Ba Cl O Si      , 27.592,    0.346
Al Ca O S       , 28.358,    0.546
Al O S Sr       , 27.975,    0.446
Cl O Se Zn      , 27.519,    0.327
Fe La O Se      , 27.884,    0.423
As C F N        , 28.568,    0.601
Na O S Ti       , 28.097,    0.478
C I O Y         , 28.155,    0.493
I Pt Ta Te      , 30.074,    0.994
As Ba O Zn      , 28.563,      0.6
F O Pr Sb       , 27.733,    0.383
C I O Pt        , 28.114,    0.483
Br Cl Rb Te     , 28.952,    0.701
Ag Cl O Pb      , 27.703,    0.375
C O Ru S        ,  27.83,    0.409
Al Cl O Sr      , 27.671,    0.367
Br O S Ti       , 27.484,    0.318
C N O Re        ,  27.94,    0.437
F Na O W        , 28.085,    0.475
Cl O Re Te      , 27.425,    0.303
Bi Cl Cu O      ,  27.32,    0.275
Ag Bi Cl O      , 27.411,    0.299
As F N O        , 26.884,    0.162
Cl K O Re       , 27.826,    0.408
F I N O         , 26.707,    0.115
Cl K Re Se      , 29.065,    0.731
O Pb S          , 27.504,    0.323
La O Se Si      , 27.901,    0.427
C I Mn O        , 28.039,    0.463
Cr F O Sr       , 27.295,    0.269
F O Pb S        , 27.221,     0.25
Cl Cu In O      , 27.642,    0.359
Ba Cl In O      , 27.796,      0.4
F Mn Nb O       , 27.703,    0.375
Ca Cl O S       , 27.254,    0.258
Cl Mo O Te      , 27.313,    0.274
O Pr Se Ta      , 28.133,    0.488
Br Fe O Sr      , 27.866,    0.418
C Cs F O        , 27.496,    0.321
O P S           , 27.613,    0.352
N O S Se        , 26.981,    0.187
Au F O S        , 27.481,    0.317
Cd N P S        , 29.084,    0.736
Cl Cu N O       , 27.088,    0.215
Cl Na O W       ,  28.06,    0.469
Cl Cu O Y       , 27.831,    0.409
B Br Co O       , 28.375,    0.551
B Cl Ni O       , 27.617,    0.353
Ba Br In O      ,  28.36,    0.547
B Na O S        , 28.099,    0.479
Li N O Ta       , 28.682,    0.631
B Cl O Sr       , 27.196,    0.243
Cl F P Sb       , 28.696,    0.635
Cl Ga Ge N Se   , 28.419,    0.562
Mo N O Sr       , 27.698,    0.374
Br Cs F Sn      , 29.219,    0.771
I Nb Se         , 28.903,    0.689
Ba F O Ti       , 27.504,    0.323
Ce F N O        , 27.286,    0.266
Nd O S Si       , 27.833,    0.409
Er O S Si       , 28.236,    0.514
O Pr Se Si      ,  27.68,    0.369
O Se Si Sm      , 27.882,    0.422
Gd O Se Si      , 27.869,    0.419
As Cu Mn P      , 29.763,    0.913
Cl N O P        , 27.037,    0.202
Ba F O Ta       , 28.071,    0.471
Ba F Nb O       ,  27.55,    0.335
I La O Si       , 27.914,    0.431
C Cl O Rh       , 27.449,    0.309
Ce Cl O S       , 27.158,    0.233
C O Ru Se       , 27.834,     0.41
Al F O P        , 27.774,    0.394
B Co I O        ,  28.13,    0.487
F O Sb Xe       , 28.028,     0.46
Cl F P Rh       , 28.376,    0.551
Cl Eu O Ti      , 27.704,    0.376
Cl Dy O Ti      , 27.852,    0.414
N Na O W        , 28.457,    0.572
Ba F O V        , 27.835,     0.41
Cl O Te W       , 27.488,    0.319
F N O Zr        , 27.659,    0.364
Cl La O U       , 27.524,    0.329
Cl O Pr U       , 27.299,     0.27
Cl Nd O U       , 27.459,    0.312
Ba Br O Si      ,  28.16,    0.495
K N O W         , 28.287,    0.528
As F N Se       , 28.164,    0.496
Cl Cu I Rb      , 28.813,    0.665
Cl O Re Sr      , 27.403,    0.297
F Fe Nb O       , 27.409,    0.299
K O S Si        , 28.036,    0.462
B O Se Zn       , 28.154,    0.493
Ba Cl F Sr      , 28.414,    0.561
Bi Cu O Se      , 27.631,    0.357
Cl N Sb Se      , 28.715,     0.64
Cl La O S       , 27.143,    0.229
Cl Nd O S       , 27.078,    0.212
Er O Se Si      ,  28.24,    0.515
Br Cl Cs Re     , 29.092,    0.738
As O Rb Sn      ,  28.27,    0.523
As Cs O Sn      , 28.189,    0.502
Br Nb O Te      , 27.839,    0.411
Cl La N S       , 28.506,    0.585
Br Cs Nb S      , 29.229,    0.774
Cl Hg O Pb      , 27.586,    0.345
Cl Fe N Se      , 28.373,     0.55
Ba O S Ti       , 27.784,    0.397
Cl Nb O Sc      , 28.081,    0.474
Br Cd P         , 29.585,    0.867
Cl O Sm Ta      , 28.029,     0.46
Cu O Se Sm      , 27.852,    0.414
Ba Cu F Se      , 28.835,    0.671
Cu Mo O S       , 27.725,    0.381
N P S Zn        , 29.494,    0.843
Bi I O Sr       , 27.517,    0.327
Br Nb S Tl      , 29.459,    0.834
Ba Cl Hg O      , 27.534,    0.331
N O W Yb        , 28.276,    0.525
N O Sm Ta       , 28.426,    0.564
Ca N O Th       , 28.243,    0.516
Cl Gd La O      , 27.685,    0.371
Pb Se Sn Te     , 29.662,    0.886
Al Cd O S       , 28.186,    0.501
Cs F O Re       , 27.616,    0.353
F N O Re        ,  27.24,    0.254
F K O Se        , 27.316,    0.274
F O Rb Se       ,  27.16,    0.234
Cs F O Se       , 27.076,    0.212
Cl I Se W       ,  28.46,    0.573
Cr Cs F O       , 27.483,    0.318
Br C I Y        , 29.628,    0.878
N P Se Zn       , 29.498,    0.844
N P Te Zn       , 29.783,    0.918
Ba Br Cl F      , 28.396,    0.556
Cl N Nd S       , 28.443,    0.568
Br Mo O Te      , 27.888,    0.424
Br O Te W       , 28.059,    0.468
C Cl Gd I       , 28.799,    0.661
Cl F Sm Sr      , 28.397,    0.556
Ca Cl F Sr      ,  28.52,    0.589
Cl Mo O Se      , 27.002,    0.193
K N O S         , 27.695,    0.373
N O Rb S        , 27.541,    0.333
B Br Ni O       , 28.185,    0.501
K Mo N O        , 28.117,    0.484
Mo N O Rb       , 27.966,    0.444
N O Rb W        , 28.137,    0.488
Cs Mo N O       , 27.884,    0.423
Cs N O W        , 28.055,    0.467
O Te U          , 27.944,    0.438
Ba F In O       , 27.821,    0.406
C La N O        , 27.971,    0.445
Li N O P        ,  28.16,    0.495
Ba Cl F Zn      , 29.039,    0.724
Ba Cl Co F      , 29.002,    0.714
Mn N O Ta       , 28.592,    0.607
Fe O P Th       , 28.258,     0.52
Cl In K Te      , 29.458,    0.833
Cu O P U        , 28.036,    0.462
Cl I Te W       , 28.755,     0.65
Cl Pb S Sb      , 29.208,    0.768
Br N O Pr       ,   27.6,    0.348
As Nb Te Tl     , 29.675,     0.89
O S Sm Ta       , 28.328,    0.539
Ba Cl Cu F      , 28.537,    0.593
Cl F K Re       , 28.794,     0.66
Fe O P Pr       , 28.021,    0.458
Ce O P Ru       ,  28.35,    0.544
Fe O P Sm       , 28.221,    0.511
Co La O P       , 28.695,    0.634
Ca Cu F O       , 27.696,    0.373
Cu Gd O Se      , 27.838,    0.411
Cu Dy O Se      , 28.237,    0.515
B I Mn O        , 27.956,    0.441
B Br Mn O       , 28.202,    0.506
Ba Cl O Os      , 27.941,    0.437
Cl S W          , 28.438,    0.567
Cl Fe O W       , 27.607,     0.35
Br Lu O Ta      , 28.924,    0.694
Cl O Pr Si      , 27.369,    0.288
Be Cl I Zr      , 29.686,    0.893
B Cl I Zr       , 29.117,    0.744
F O Os Sb       , 28.177,    0.499
Ba F O Sc       , 28.292,    0.529
Cl La O V       , 27.811,    0.404
Br Mo Te        , 29.412,    0.821
C N O Pr        ,  27.75,    0.388
C N Nd O        , 27.907,    0.429
C N O Sm        , 27.952,     0.44
C Eu N O        , 28.191,    0.503
As Br Hg        , 29.148,    0.752
As Cl Hg        , 28.789,    0.659
Br Hg S Sn      , 29.401,    0.819
Cl F Pb         , 28.786,    0.658
Br Gd O Si      ,  28.13,    0.487
Al O Sr Te      , 28.279,    0.526
Li N Nb O       , 28.173,    0.498
Cl Cr O Si      , 27.429,    0.304
Br Cr O Si      , 28.001,    0.453
As Cl F O       , 26.463,    0.052
Cl Re Te        , 28.974,    0.707
Br Re Te        , 29.516,    0.849
Al Br N Se      , 29.284,    0.788
Ba Cl O Tl      , 27.864,    0.417
Cu O P Th       , 28.244,    0.516
As Cu O Th      , 28.072,    0.472
In Mn S Se      , 29.469,    0.836
Cd In S Se      , 29.262,    0.782
Br Nd O Te      , 27.964,    0.444
Nb S Ta Te      ,  29.67,    0.889
Cl Re Se Tl     , 29.073,    0.733
Cl Re S Tl      , 29.069,    0.732
Cl Cs Re S      , 28.836,    0.671
F N O W         , 27.303,    0.271
C N P Se        , 29.009,    0.716
Br Cl La O      , 27.415,      0.3
Cl Mo S Se      , 28.273,    0.524
Cl S Se W       , 28.442,    0.568
Cl O Si Sm      , 27.574,    0.342
Mg N O Zr       , 28.416,    0.562
Er N O Si       , 28.334,     0.54
Ba Cl F Ni      , 28.817,    0.666
As Cd Cl        , 28.709,    0.638
Cl Cu O V       , 27.656,    0.363
N O Sr W        , 27.871,    0.419
Cu La O P       , 28.225,    0.512
Cl N Pr S       , 28.289,    0.528
Br Hg Pb S      , 29.376,    0.812
C Hg N Se       ,  29.03,    0.722
Nd O P Zn       , 28.671,    0.628
La O P Zn       , 28.733,    0.644
As Nd O Zn      , 28.501,    0.584
Cl Cu S Te      , 28.558,    0.598
Cl Hg O Sr      ,  27.25,    0.257
Fe In S Se      , 29.193,    0.764
Ce I S Si       , 29.159,    0.755
K O Te V        , 28.552,    0.597
Mn N Nb O       ,  28.08,    0.474
Eu F Nd O       ,   27.9,    0.427
Al Cd O Te      , 28.488,     0.58
Al Ca O Te      , 28.658,    0.625
Ni Se Ta Te     , 29.976,    0.968
Cu La O S       , 27.866,    0.418
B Cl Eu O       , 27.706,    0.376
La Nd O S       , 27.956,    0.441
Ba S Se V       , 29.339,    0.802
Ag Br O W       ,  28.25,    0.518
Br O P Sr       , 27.803,    0.402
Au Br Cl K      , 29.633,    0.879
Cr Hg O S       , 27.677,    0.369
O S Sm Ti       , 27.767,    0.392
Cu La S Te      , 29.392,    0.816
Cu S Sm Te      , 29.374,    0.812
La O S Si       , 27.897,    0.426
As Cd Ce O      , 28.154,    0.493
Cl Hf N Na      , 29.367,     0.81
Br Cs Re S      ,  29.38,    0.813
Cs I Re S       , 29.144,    0.751
Br Cs Re Se     , 29.384,    0.814
Cs I Re Se      , 29.148,    0.752
Br Cl Pb Tl     ,   29.4,    0.818
Cl Nd O Te      , 27.392,    0.294
Cl Gd O Te      , 27.424,    0.303
Ce Cl S Si      , 28.851,    0.675
I La S Si       , 29.146,    0.752
Br Rb Re S      , 29.458,    0.833
Cl F Na Nb      , 28.807,    0.663
Ba Br O Pr      , 28.064,     0.47
F La O Si       , 27.618,    0.353
O Pr Si Te      , 27.983,    0.448
F O Rb S        , 27.156,    0.233
Bi Er I O       , 28.139,    0.489
As Cl Hg O      , 27.151,    0.231
Cl O Pb W       , 27.799,      0.4
Cl Cu O Te      ,   27.3,     0.27
Br Cu O Te      , 27.875,     0.42
O Pb S Sb       , 28.279,    0.526
As Fe O Pr      , 27.848,    0.413
La Nb O S       ,  27.83,    0.409
Nd O S Ti       , 27.721,     0.38
Nd O Se V       , 28.053,    0.467
O Se Sm V       , 28.099,    0.479
Mo Ni S Se      , 29.243,    0.777
Nd O Si Te      , 28.138,    0.489
O Si Sm Te      , 28.184,    0.501
Nb O S Sm       , 27.812,    0.404
Br Cl Cr S      ,  28.51,    0.586
Cd Ga Ge N O    ,  27.96,    0.442
Cu In Se Te     , 29.471,    0.837
F O Ru Sr       , 27.418,    0.301
F O S Y         , 27.443,    0.307
F Gd Nd O       , 27.646,     0.36
Bi Cl O Pr      , 27.252,    0.258
Bi Cl Nd O      , 27.411,    0.299
Bi Cl O Sm      , 27.458,    0.311
Bi Cl Eu O      ,   27.7,    0.375
Bi Cl Gd O      , 27.444,    0.308
Bi Cl O Tb      , 27.748,    0.387
Bi Cl Dy O      , 27.848,    0.413
Bi Cl O Y       , 27.747,    0.387
Bi Cl Ho O      , 27.592,    0.346
Bi Cl Er O      ,  27.82,    0.406
Bi Cl O Tm      , 27.423,    0.302
Bi Cl O Yb      , 27.606,     0.35
Bi Cl Lu O      , 27.807,    0.402
Bi Br O Pr      , 27.827,    0.408
Bi Br Nd O      , 27.984,    0.449
Bi Br O Sm      , 28.029,     0.46
Bi Br Eu O      , 28.267,    0.522
Bi Br Gd O      , 28.016,    0.457
Bi Br O Tb      , 28.313,    0.535
Bi Br Dy O      , 28.412,     0.56
Bi Br O Y       , 28.312,    0.534
Bi Br Ho O      , 28.161,    0.495
Bi Br Er O      , 28.384,    0.553
Bi Br O Tm      , 27.995,    0.452
Bi Br O Yb      , 28.175,    0.498
Bi Br Lu O      , 28.371,     0.55
Bi I La O       , 27.799,    0.401
Bi I O Pr       , 27.578,    0.343
Bi I Nd O       , 27.735,    0.384
Bi I O Sm       , 27.781,    0.396
Bi Eu I O       , 28.021,    0.458
Bi Gd I O       , 27.767,    0.392
Bi I O Tb       , 28.068,    0.471
Bi Dy I O       , 28.167,    0.497
Bi I O Y        , 28.067,     0.47
Bi Ho I O       , 27.914,     0.43
Bi I O Tm       , 27.747,    0.387
Bi I O Yb       , 27.928,    0.434
Bi I Lu O       , 28.126,    0.486
O Pr S Si       , 27.676,    0.368
Cl Nd O Si      , 27.528,     0.33
Cu O Pr S       , 27.645,     0.36
F S Yb          , 29.227,    0.773
Dy F O Si       , 27.988,     0.45
F Ho O Si       , 27.733,    0.383
I Nb Ta Te      , 29.686,    0.893
Cu S Te         , 29.245,    0.778
Ba N O W        , 28.148,    0.492
Ba Mo N O       , 27.978,    0.447
Ca F S Sm       , 29.066,    0.731
Ce F S Sr       , 28.724,    0.642
Cl F K Nb       , 28.639,     0.62
Cl Cs F Nb      ,  28.41,     0.56
Bi Cl Nb O      , 27.283,    0.266
Ga Ge S Se V    , 29.252,     0.78
Ba Cl Co O      , 28.042,    0.464
Cr S Se Tl      , 29.237,    0.776
Br Ce S Sb      , 29.711,    0.899
Br La S Sb      , 29.698,    0.896
Gd O Se Ti      , 27.757,    0.389
O Pr Se         , 27.236,    0.254
C Eu N S        ,  29.41,    0.821
C N S Sr        , 28.931,    0.696
Ba C N S        , 29.199,    0.766
As Cu Ho P      , 29.728,    0.904
As Cu Er P      ,  29.94,    0.959
Cl O Si Y       , 27.862,    0.417
Cl Mn O Sr      , 27.587,    0.345
N Nd O Ti       , 27.821,    0.406
La N O Zr       , 28.495,    0.582
La N O Ti       , 27.885,    0.423
Ba N O V        , 28.211,    0.508
O S Tb Ti       , 28.054,    0.467
F O Sr Ti       ,  27.22,    0.249
Cl O Pb Te      , 27.508,    0.324
Pb S Se Sn      , 29.372,    0.811
Bi F O V        , 27.597,    0.348
Eu F La O       , 27.964,    0.443
Ce F O S        , 27.184,     0.24
F La O S        , 27.169,    0.236
F K O Te        , 27.624,    0.355
F O P Sr        , 27.253,    0.258
Dy F O S        , 27.546,    0.334
Cu F Se Sm      , 28.818,    0.666
Ho O S Si       , 28.011,    0.456
Cl Ho O Te      , 27.573,    0.341
F Hf O Rb       , 27.747,    0.387
F O Rb Zr       , 28.111,    0.482
B Cl O Pr       , 27.257,    0.259
Ce Cu O S       ,  27.88,    0.422
Cu Nd O S       , 27.802,    0.401
As Re S         , 29.037,    0.723
Cu La O Se      ,  27.87,    0.419
Cl Ni O Te      , 27.592,    0.346
Br Ni O Te      , 28.161,    0.495
N Na S Zr       , 29.994,    0.973
Cl Fe K S       , 28.956,    0.702
Cs O S V        , 28.019,    0.458
F Mo Na O       , 27.914,     0.43
Bi Ca I O       , 27.907,    0.429
Ce Mn O Se      , 28.188,    0.502
Br Cl K Pd      , 29.826,    0.929
Bi Cl O Se      , 26.902,    0.166
Ba F O Pd       , 28.251,    0.518
Ba F Ga Ge O    , 27.648,    0.361
Na O P S        , 28.129,    0.486
K O S Ti        , 27.925,    0.433
Ca F O V        , 27.944,    0.438
Cl Cu Hg S      , 28.633,    0.618
Cl Hg I S       , 28.248,    0.518
Br Hg I Te      , 29.099,     0.74
Br Hg I S       , 28.804,    0.663
La O S Sb       , 28.229,    0.513
In La O S       , 28.099,    0.479
N Nd O W        , 28.086,    0.475
Cl Fe Li O      , 27.822,    0.406
Ba Br O Re      , 28.252,    0.519
Br Cu Hg S      , 29.181,    0.761
C Ca F O        , 27.701,    0.375
Cd Pb S Se      , 29.235,    0.775
Cd S Sn Te      , 29.547,    0.857
Cr Mn S Se      ,  29.24,    0.776
Cu Ga Ge P Se   ,  29.36,    0.808
Eu S Se Sr      , 29.195,    0.765
Fe Mn S Se      , 29.261,    0.782
Ga Ge P S Zn    , 29.844,    0.934
Ga Ge P Se Zn   , 29.848,    0.935
Li Mn Se Te     , 29.912,    0.952
S Sn Te Zn      , 29.951,    0.962
Se Sn Te Zn     , 29.955,    0.963
Ca Pb S Se      , 29.401,    0.818
Cd Se Te Zn     , 29.821,    0.928
Bi Ni S Te      , 29.439,    0.828
Ag S Sb Se      ,  29.39,    0.816
As Cd Ga Ge S   , 29.274,    0.785
As Cd Ga Ge Te  , 29.564,    0.861
As Cd Ga Ge Se  , 29.278,    0.786
As Cd In S      , 29.437,    0.828
As Ga Ge Te Zn  , 29.968,    0.966
As In Se Zn     , 29.846,    0.935
Ag F Nb O       , 27.485,    0.319
Cd Mn Se Te     , 29.621,    0.876
Cd Pb Se Te     , 29.526,    0.851
Cd Se Sn Te     , 29.551,    0.858
Cu Ga Ge P S    , 29.356,    0.807
Ga Ge Pb S Se   , 29.211,    0.769
Ga Ge Pb S Te   , 29.498,    0.844
Ga Ge Pb Se Te  , 29.502,    0.845
Ga Ge Se Sn Te  , 29.527,    0.851
Pr S Se Sm      , 29.022,     0.72
Bi F K O        , 27.643,     0.36
Cl O Pr Ta      , 27.827,    0.408
F Na Np O       , 28.307,    0.533
Ag Cl O Te      , 27.391,    0.294
C Er N O        , 28.309,    0.533
C Cl O Sb       ,  27.78,    0.395
Cl N O Ti       , 27.004,    0.193
F O Sr Y        ,  27.73,    0.382
Cl Mn S Sb      , 29.303,    0.793
F Fe O Pb       , 27.652,    0.362
Br Ca Cl N      , 28.869,     0.68
Br Ca I N       , 29.176,     0.76
F N Na Zr       , 29.735,    0.906
Cl O Se Tb      , 27.422,    0.302
Cu La O Te      , 28.171,    0.498
B Br O Zn       , 28.412,     0.56
Cl Mo O Pb      , 27.626,    0.355
Br Cl Hg S      , 28.492,    0.581
Ba Bi F O       , 27.501,    0.323
Bi Pb S Se      , 29.071,    0.732
Ca F Nb O       , 27.659,    0.364
Cu F S Sr       ,  28.56,    0.599
Ba F Fe O       ,   27.6,    0.349
Ba Co F O       , 28.067,     0.47
B Cl Co O       ,  27.81,    0.403
As Hg S Sb      , 29.454,    0.832
Cu Eu O Se      , 28.091,    0.477
Br Cd Sb Se     , 29.639,    0.881
Bi Br In Se     , 29.352,    0.806
Br In Sb Se     , 29.776,    0.916
Br In S Sb      , 29.772,    0.915
Cl In S Sb      , 29.235,    0.775
Bi Cu O S       , 27.627,    0.355
Bi Cu O Te      , 27.935,    0.436
Ag Br I S       , 28.916,    0.692
Bi Br Cl S      , 28.435,    0.566
Ca N O Ta       , 28.549,    0.596
As Fe Nd O      , 28.004,    0.454
As Fe La O      , 28.067,     0.47
Ba Cu Se Te     , 29.395,    0.817
Fe La O P       , 28.239,    0.515
As F Fe Sr      , 28.757,     0.65
As Ce Fe O      , 28.081,    0.474
As Fe O Sm      , 28.049,    0.466
F Mn O Sr       , 27.612,    0.352
N O P Sr        , 27.636,    0.358
Bi Br Cl Tl     , 29.125,    0.746
As La O Zn      , 28.564,      0.6
As O Y Zn       , 28.824,    0.668
As La Ni O      , 28.338,    0.541
Al N Nb O       , 28.163,    0.495
Cl I O Pb       , 27.214,    0.248
Eu N O Ta       , 28.661,    0.625
Bi F O Y        , 27.772,    0.393
B Br P S        , 29.084,    0.736
B I P S         , 28.845,    0.673
Dy S Te         , 29.643,    0.882
As Ce F O       , 27.376,     0.29
Bi F O Pb       , 27.553,    0.336
Bi Se Te Tl     , 29.456,    0.833
As Co La O      , 28.526,     0.59
As Gd Ni O      , 28.306,    0.533
Ag Br S Sn      , 29.511,    0.847
Cd Cl O Pb      , 27.701,    0.375
Co La O Se      , 28.346,    0.543
Ca Cl N Sr      , 28.886,    0.684
Br Ca N Sr      ,  29.43,    0.826
Bi Cl O Te      , 27.214,    0.248
As Co Nd O      , 28.464,    0.574
As Ba O Ti      , 27.972,    0.446
Ga Ge N O Si    , 27.904,    0.428
Br Cl Cs Cu     , 28.973,    0.707
As Co O Sm      , 28.508,    0.585
As Ba Fe P      , 29.633,    0.879
Fe Nd O Se      ,  27.82,    0.406
Ag F O V        , 27.772,    0.393
Ag F Mo O       , 27.535,    0.331
I Se Ta         , 29.047,    0.726
C F O S         , 27.016,    0.196
Ag Cl Mo Se     , 28.762,    0.652
Bi Cu I S       , 28.887,    0.684
Cl F K Sn       , 28.898,    0.687
Al Cl O S       , 27.383,    0.292
Al Cl N P       , 29.083,    0.735
Cl Ga Ge N P    , 28.768,    0.653
Cl O Pb Re      , 27.737,    0.384
Ga Ge N O Sr    , 27.747,    0.387
Br S Ta         , 29.277,    0.786
Ba O S Zn       , 28.379,    0.552
Cd Cl O Te      , 27.389,    0.293
C F O Ru        , 27.551,    0.336
Ba F S Sn       , 29.054,    0.728
Ba F Se Sn      , 29.058,    0.729
F Se Sn Sr      , 28.789,    0.659
F S Sn Sr       , 28.785,    0.658
As F O Xe       , 27.437,    0.306
Ba F Sb Se      , 29.186,    0.762
F Sb Se Sr      , 28.918,    0.693
Cd Cl S Sb      , 29.095,    0.739
Br Cd S Sb      , 29.635,     0.88
Bi Cd Cl S      , 28.661,    0.625
Bi Br Cd S      , 29.209,    0.768
Bi Br Cd Se     , 29.213,    0.769
Bi Cd I Se      , 28.975,    0.707
Br Cl O Pb      , 27.467,    0.314
Br C Mn O       , 28.285,    0.527
Bi Cl Mn S      , 28.872,    0.681
C O S           , 27.722,     0.38
C O Se          , 27.726,    0.381
Mo N O Y        , 28.244,    0.517
B Br K O        , 28.191,    0.503
B Bi F O        , 27.265,    0.261
Ba Se Sn Te     , 29.613,    0.874
Ce Cl Fe S      , 28.835,    0.671
Br Ce Fe S      ,  29.38,    0.813
Ce Fe I S       , 29.143,    0.751
Br Cl N Sr      , 28.492,    0.581
Br I N Sr       , 28.804,    0.663
Br Mn S Sb      , 29.839,    0.933
Bi Br Mn Se     ,  29.42,    0.823
Br Mn Sb Se     , 29.843,    0.934
Cu Eu F S       , 29.046,    0.726
Cu F Se Sr      , 28.564,      0.6
Cu Eu F Se      ,  29.05,    0.727
N O Si Sr       , 27.716,    0.379
Eu N O W        , 28.368,    0.549
As Ca F O       , 27.471,    0.315
N O Sc Zr       , 29.032,    0.722
Ag Br Te        , 29.484,     0.84
I Pb S Sb       , 29.512,    0.847
Ba Fe I S       , 29.129,    0.747
Br F O Sb       , 27.654,    0.363
Mg N O Ta       , 28.365,    0.548
F O Pb Sc       , 28.343,    0.542
C Cl F Si       , 28.422,    0.563
F O Te Ti       , 27.243,    0.255
F O Te V        , 27.577,    0.343
Ba N O Si       , 27.995,    0.452
Ba C Cl O       , 27.566,     0.34
Na O S V        , 28.421,    0.563
As Cu O Sm      , 28.035,    0.462
As Ce Ni O      , 28.352,    0.545
N O Sc Ta       , 28.982,    0.709
Cl In O Se      , 27.229,    0.252
Ce Fe O Se      , 27.898,    0.426
La Mn O Se      , 28.174,    0.498
F In O Te       , 27.563,    0.339
F Fe O S        , 27.025,    0.199
As Hg I S       , 28.728,    0.643
Ce Fe O S       , 27.894,    0.425
Fe O Pr S       , 27.659,    0.364
Br O P Pb       , 28.133,    0.487
Mn O Pr Se      , 27.955,    0.441
Al Ca Cl O      , 28.059,    0.468
Ce F S Y        , 29.251,    0.779
Ga Ge Se Ta Te  , 29.765,    0.913
Ag O P Th       , 28.332,    0.539
Ag As O Th      , 28.161,    0.495
Fe O Pr Se      , 27.663,    0.365
Fe O Se Sm      , 27.866,    0.418
Ag F O S        , 27.103,    0.219
Cu F Sr Te      , 28.858,    0.677
Ag F S Sr       , 28.648,    0.622
Ag F Se Sr      , 28.651,    0.623
Ag F Sr Te      , 28.944,    0.699
Ba Cu F S       , 28.831,     0.67
Ag Ba F S       , 28.918,    0.692
Ag Ba F Se      , 28.921,    0.693
Ca N O Si       , 28.103,     0.48
F O P V         , 27.632,    0.357
C Mn O S        , 28.022,    0.459
Bi Cs Se Te     , 29.225,    0.773
Ba F Mn O       , 27.893,    0.425
I O P Pb        , 27.886,    0.423
F O Pb V        , 27.887,    0.423
As Ga Ge Mn N   , 29.574,    0.864
As In Mn N      , 29.736,    0.906
Ag S Sn Te      , 29.549,    0.857
Br Cd Hg S      , 29.264,    0.783
In S Se Sn      , 29.399,    0.818
Ba Br Eu F      , 29.445,     0.83
Co F O Sr       , 27.788,    0.398
Hf N O Ta       , 28.461,    0.573
Fe Na O Se      , 28.195,    0.504
As Ca F Fe      ,  29.13,    0.748
Br Hg Se Zn     , 29.676,     0.89
N Nd O V        , 28.148,    0.492
Br Ca O Si      , 28.268,    0.523
Ag Au S Se      , 29.479,    0.839
Cl K O Tc       ,  27.84,    0.411
Cu P S Se       , 28.908,     0.69
B Ba Cl F       ,  28.46,    0.573
As Ce O Ru      , 28.179,      0.5
Eu N O Ti       , 28.106,     0.48
Bi F Fe O       ,  27.36,    0.286
B Ba Cl O       , 27.481,    0.317
As Fe P Sr      ,  29.37,     0.81
As F Sr Zn      , 29.241,    0.777
As Ba F Zn      , 29.506,    0.846
Ba Cd F P       , 29.262,    0.782
As Ba Cd F      , 29.096,    0.739
F Mn P Sr       , 29.204,    0.767
As F Mn Sr      , 29.037,    0.724
Ce F Mn N       , 29.234,    0.775
Ag Ga Ge S Se   ,   29.1,     0.74
As I O Pb       , 27.711,    0.378
Br O Pb Sb      ,  28.54,    0.594
I O Pb Sb       , 28.296,     0.53
Bi Br O Pb      , 28.098,    0.478
Fe I O Sb       , 28.108,    0.481
Cl Fe O Sb      , 27.789,    0.398
Br Fe O Sb      , 28.353,    0.545
I Mn O Sb       , 28.395,    0.556
Br Mn O Sb      , 28.638,    0.619
Bi Cl Mn O      , 27.629,    0.356
As Br O Pb      ,  27.96,    0.442
B Ba Br O       , 28.052,    0.466
Fe O Se Te      , 27.626,    0.355
Fe S Se Tl      , 29.258,    0.781
As Cl Ga Ge Hg  , 28.874,    0.681
Bi La O Se      , 27.786,    0.397
Co F O P        , 27.865,    0.418
Cl F O Pb       , 26.909,    0.168
Eu N O Si       , 28.216,    0.509
Eu O Se         , 27.685,    0.371
Ba Br O P       , 28.081,    0.474
Pb S Se Te      , 29.053,    0.728
F Hg O Te       , 27.298,     0.27
Br Cd I Rb      ,  29.44,    0.829
Ga Ge Sb Se Te  , 29.653,    0.884
Cl O P U        , 27.317,    0.275
F Mn Ni O       , 28.027,     0.46
Ce N O Ti       , 27.899,    0.426
N O Pr Ti       , 27.664,    0.365
F Na O Ti       ,  27.82,    0.406
Fe O S Sr       , 27.599,    0.348
Fe O Se Sr      , 27.603,    0.349
Cl Eu O Sr      , 27.658,    0.364
La N O Ta       , 28.444,    0.569
Ce N O Ta       , 28.458,    0.572
N O Pr Ta       , 28.227,    0.512
F O Sr V        , 27.555,    0.337
F Mg O Ti       , 27.423,    0.302
F Nb O Zn       , 27.917,    0.431
F Nb O Ti       , 27.312,    0.273
F Mg O Zr       , 28.044,    0.464
F Fe O Ti       , 27.363,    0.287
F Ho O Se       , 27.291,    0.268
As Ce Mn O      , 28.369,    0.549
Bi Br Fe S      , 29.139,     0.75
Bi Cl Hg S      , 28.551,    0.597
Bi Cl Hg Te     , 28.848,    0.674
As Fe La N      , 29.387,    0.815
As Co La N      , 29.825,    0.929
As La N Ni      , 29.645,    0.882
Ba N O Ti       , 27.884,    0.423
F O Re Xe       , 27.786,    0.397
Bi La O S       , 27.782,    0.396
Br C F Ga Ge    , 29.004,    0.715
Br F Rb Sb      , 29.424,    0.824
Cl Cs O Xe      , 27.697,    0.374
Cl O Rb Xe      , 27.779,    0.395
Br F Na Pb      ,  29.58,    0.865
Cl F Rb Sb      ,  28.88,    0.683
Br F Sb Se      , 28.901,    0.688
As Br F Te      , 28.624,    0.616
F Ga Ge O Yb    , 27.778,    0.395
As F I Te       , 28.382,    0.552
Ba Cl O Sb      , 27.928,    0.434
As Cd I P       , 29.185,    0.762
As Br Cd P      , 29.421,    0.824
Fe N O S        , 27.412,    0.299
C N S Sn        , 29.273,    0.785
F N W           , 28.657,    0.624
F I O Sb        , 27.403,    0.297
F I O           , 26.621,    0.093
F O Sb U        , 27.762,    0.391
B Br Cu O       , 27.899,    0.427
Al N Nd O       , 28.287,    0.528
F Mo O Sb       , 27.813,    0.404
F O Re Sb       , 27.923,    0.433
C O Os S        , 28.095,    0.478
Cl N S          , 27.948,    0.439
Cl F K Te       , 28.573,    0.602
Br Nb Se        , 57.927,    1.409
F O Tl U        , 27.698,    0.374
Br Cl Cr Rb     , 29.044,    0.725
Cl Cr I Rb      , 28.805,    0.663
F O Pb Ta       , 28.122,    0.485
F Nb O Pb       , 27.602,    0.349
F O Ti Yb       , 27.635,    0.358
F O Pb Y        ,  28.06,    0.469
Cl N Sc         , 30.097,      1.0
Ca O P S        , 27.925,    0.433
I N Rb          , 28.901,    0.688
Cs I N          , 28.822,    0.667
As Br Na O      ,  28.22,     0.51
Cr Nd O S       , 27.794,    0.399
F O Pb W        , 27.824,    0.407
As F I Se       , 28.083,    0.474
F I Sb Te       , 28.953,    0.702
Ce Cl O Ta      , 28.061,    0.469
In S Se Zn      ,  29.67,    0.889
La N O W        , 28.149,    0.492
Al Cl F Sr      , 28.644,    0.621
As Cd F O       , 27.293,    0.268
As Bi Ni S      , 29.326,    0.799
F O Rb W        ,  27.76,     0.39
Cl Nd O P       , 27.447,    0.309
F K Mo O        , 27.741,    0.385
Br Hg S Tl      , 29.468,    0.836
Br Hg Se Tl     , 29.472,    0.837
Al Eu N O       , 28.567,    0.601
As Cr La O      , 28.045,    0.465
Cl Ga Ge O Pb   , 27.675,    0.368
Cl O Pu Rb      , 28.111,    0.482
Cl Cs O Pu      ,  28.03,    0.461
F Ni O Sr       , 27.595,    0.347
Cl Ni O Sr      ,  27.57,    0.341
Bi O S          ,  27.21,    0.247
Ag Fe S Te      , 29.344,    0.804
F Fe O Se       , 27.029,      0.2
Ba F Fe S       , 28.845,    0.673
Ba F Fe Se      , 28.849,    0.674
Ca Fe O Se      , 27.992,    0.451
B Ca I N        , 29.239,    0.776
Ba Cl N P       , 28.856,    0.676
Ba I N P        , 29.164,    0.757
C F O Sr        , 27.308,    0.272
Ba C F O        , 27.591,    0.346
F O Pb Ti       , 27.556,    0.337
Co F K O        , 28.206,    0.507
Cl Cs Ga Ge Se  ,  28.78,    0.656
Cu S Sb Se      , 29.305,    0.793
Li N O V        , 28.452,    0.571
Cl Ni O Se      , 27.285,    0.266
B Cd F O        , 27.439,    0.307
As Mn Nd O      , 28.292,    0.529
Br O Sr V       , 28.099,    0.479
Ag Ce O S       ,  27.97,    0.445
Br Ni O Se      , 27.859,    0.416
F O Os          ,  28.19,    0.502
As Br Cd Hg     , 29.443,    0.829
Br Cs I Pd      , 29.907,     0.95
Cl Cs I Pd      , 29.372,    0.811
Br Fe O Te      , 27.889,    0.424
Cl Fe O Te      , 27.314,    0.274
Ag C F O        , 27.527,    0.329
Cl Nb Se        , 28.593,    0.608
B F N O         , 27.032,      0.2
Al C Cl N       , 29.134,    0.749
Ba Cl O Ta      , 28.046,    0.465
F K N O         , 27.414,      0.3
Dy O S Sn       , 28.461,    0.573
Br O Te Zn      , 28.388,    0.554
F Ga Ge O Te    , 27.388,    0.293
F Fe O Te       ,  27.34,    0.281
Cl Lu O Se      , 27.482,    0.318
Ca O S Zn       , 28.485,     0.58
C N O Y         , 28.236,    0.515
Ba Cu F Te      , 29.126,    0.747
Ba Br O Ru      , 28.242,    0.516
Ca Mo N O       , 28.086,    0.475
Ba Br F I       , 28.708,    0.638
Br C N          , 29.311,    0.795
C Cl N          , 28.765,    0.653
N O V           , 28.304,    0.532
Bi Cl Cu Se     ,  28.58,    0.604
F Nd O Ta       , 28.008,    0.455
Er N O Zr       , 28.827,    0.669
La N Nb O       ,  27.93,    0.435
La N O V        , 28.211,    0.508
Ba Br Eu I      , 29.723,    0.903
F O Os Xe       , 28.041,    0.464
Cl O Sb Zn      ,  28.29,    0.529
Cd Cl O Sb      , 27.862,    0.417
Br O Pb Te      , 28.078,    0.473
As Br F O       , 27.056,    0.206
Ba Ga Ge N O    , 28.026,     0.46
Cl O Pu Te      , 27.868,    0.418
Ce Cl O Te      , 27.471,    0.315
Cl O Te Zr      , 27.842,    0.412
Br O Te Zr      , 28.406,    0.559
Ca Cl Ga Ge O   , 27.732,    0.383
Cl La O Pb      , 27.768,    0.392
Br La O Pb      , 28.333,     0.54
La Ni O P       , 28.508,    0.585
F K O Tc        , 27.865,    0.418
F Mo O Y        , 27.869,    0.419
Cl Mo O Y       , 27.844,    0.412
O S U Yb        , 27.957,    0.442
O S U Y         , 28.096,    0.478
N O Pr Zr       , 28.279,    0.526
N Nd O Zr       , 28.433,    0.566
N O Sm Zr       , 28.477,    0.577
Cl K Re S       , 29.061,     0.73
As Cd Cl O      , 27.267,    0.262
B F O Pb        , 27.558,    0.338
Br Ce O Te      , 28.042,    0.464
C Co N S        , 29.509,    0.847
C Cl Co N       , 29.221,    0.772
Ba Cl Ga Ge S   , 28.867,    0.679
Ba Br Ga Ge S   , 29.411,    0.821
Ba Cl Ga Ge Se  ,  28.87,     0.68
Ba Cl In Se     , 29.036,    0.723
Ba F In Se      ,  29.06,    0.729
Ce F O Se       , 27.188,    0.241
Bi F S Sr       , 28.478,    0.578
Li Mn O S       ,  28.41,     0.56
Ag Nb S Te      , 29.296,    0.791
Ag S Te V       , 29.565,    0.861
F Hf K O        ,   27.9,    0.427
La O Se Zn      , 28.384,    0.553
Ba F In S       , 29.056,    0.728
F O Sc Se       , 27.736,    0.384
B Cl Na O       , 27.797,      0.4
B F K O         , 27.648,    0.361
Ba Hg S Se      , 29.077,    0.734
Ca Fe O S       , 27.988,     0.45
Cd Ce O Se      , 27.971,    0.445
B Br Na O       , 28.362,    0.547
Ca Co O S       , 28.448,     0.57
Ba Co O S       , 28.341,    0.542
I O Pb V        , 28.181,      0.5
F I Na O        , 27.506,    0.324
F O Sc Te       , 28.038,    0.463
As F O Sr       , 27.075,    0.211
As Ba Cl O      , 27.335,    0.279
Eu N Nb O       ,  28.15,    0.492
As Cl O Sr      , 27.049,    0.205
Br C F Te       , 28.845,    0.673
C Cl F Te       ,  28.29,    0.529
C F O Te        , 27.331,    0.278
C Cu F O        , 27.436,    0.306
B I O Pb        , 27.856,    0.415
Fe S Te         , 29.272,    0.785
O S Si Y        , 28.163,    0.495
Cl Hg In P      , 29.206,    0.768
As Bi Cl Hg     , 28.733,    0.644
Cl Li N Ti      , 29.061,     0.73
Cl N Na Ti      , 29.127,    0.747
Cl K N Ti       , 28.961,    0.704
Cl N Rb Ti      , 28.814,    0.665
B Br Mg N       , 29.296,    0.791
C Eu F N        , 29.146,    0.752
B Br N Sr       , 29.106,    0.741
B Eu I N        , 29.347,    0.804
Mg N Nb O       , 27.849,    0.414
Ba Cu S Te      , 29.391,    0.816
Au Cl P S       , 29.055,    0.728
B Cl K O        , 27.623,    0.354
Ba Br Cl N      , 28.764,    0.652
Ba Br I N       , 29.072,    0.733
B Br Fe O       , 27.913,     0.43
Ce Cl Nd O      , 27.667,    0.366
Cl Cs Dy S      ,  29.22,    0.771
Cl Cs Ho S      , 28.976,    0.707
Cl Cs Dy Se     , 29.224,    0.772
Cl Cs Ho Se     , 28.979,    0.708
Cl Cs Dy Te     , 29.511,    0.847
Cl Cs Ho Te     , 29.269,    0.784
Cl Hg In S      , 28.859,    0.677
Fe N O Ti       , 27.745,    0.386
As La O Ru      , 28.165,    0.496
As Nd O Ru      , 28.102,    0.479
As O Ru Sm      , 28.147,    0.491
As Gd O Ru      , 28.134,    0.488
B Cl Cm O       , 27.738,    0.384
Cl In O Te      , 27.537,    0.332
C Cl N Sb       , 29.112,    0.743
I P Sn          , 29.487,    0.841
F Li O Re       , 27.956,    0.441
F K O Re        , 27.851,    0.414
Ca I O P        , 27.942,    0.438
As Ba O Ta      , 28.529,    0.591
F O Sb Tc       , 27.936,    0.436
F O Tc Xe       ,   27.8,    0.401
As Cl Hg S      , 28.415,    0.561
As Br Hg S      , 28.968,    0.705
As Br Hg Se     , 28.972,    0.706
As Hg I Se      , 28.732,    0.644
C Cl F I        , 28.004,    0.454
Cl Cr Sm Te     , 29.078,    0.734
Cl Cr Gd Te     , 29.065,    0.731
Cl Cr Tb Te     , 29.352,    0.806
Ce O Se Ti      , 27.803,    0.402
Nd O Se Ti      , 27.725,    0.381
O Se Sm Ti      , 27.771,    0.393
Cl Os Re Se     , 29.147,    0.752
F N O Pb        , 27.323,    0.276
Cl N Nb P       , 28.673,    0.628
Cl N P Ti       , 28.629,    0.617
Cl N P Zr       , 29.224,    0.772
Cl S Si Sm      ,  28.82,    0.667
Cl K Nb O       , 27.667,    0.366
Cl Nb O Rb      , 27.512,    0.326
Cl In Nb O      , 27.606,     0.35
Cl Ho O Se      , 27.265,    0.261
C I O Rh        , 27.772,    0.393
Cl O Te Zn      , 27.824,    0.407
Gd Nb O S       , 27.798,      0.4
F K O Zr        , 28.262,    0.521
C N S Si        , 29.082,    0.735
I Mn Sb Se      ,  29.61,    0.873
Br Cs Mo S      , 29.275,    0.786
Br Cs Mo Se     , 29.279,    0.787
Cl O Ru Sr      , 27.392,    0.294
Li N O S        ,   27.8,    0.401
Ce O Se Zn      , 28.398,    0.557
Cu F O Te       , 27.326,    0.277
F O Sc Sr       , 28.016,    0.457
Bi Cu I Se      , 28.891,    0.685
F I O Rb        , 27.174,    0.237
Cl Co O P       ,  27.84,    0.411
Cl Na O Pr      ,  27.81,    0.403
I Se Ta U       , 29.399,    0.818
Ag Br I Te      ,  29.21,    0.769
As Br Li S      , 29.374,    0.811
As I Li S       , 29.137,     0.75
As I Li Se      , 29.141,    0.751
Cl N Nb O       , 27.051,    0.205
Ba I P          , 29.413,    0.822
Dy O S Si       , 28.263,    0.522
Gd O S Si       , 27.865,    0.418
O S Si Tm       , 27.844,    0.412
Hg N O          , 27.472,    0.315
Ag Cl Se Te     , 28.649,    0.622
C Cl Eu N       , 29.122,    0.746
C Cl N Sr       , 28.638,    0.619
Mn Nd O Se      ,  28.11,    0.482
La Mn O S       ,  28.17,    0.497
Cs Gd N Te      , 29.512,    0.847
Cl F K Pb       , 28.872,    0.681
Br F K Pb       , 29.416,    0.822
Cl F Na Pb      , 29.039,    0.724
Cl K O Pr       , 27.636,    0.358
Cl Eu O Si      , 27.816,    0.405
B Ba N O        , 27.886,    0.423
Br Nb Rb S      , 29.307,    0.794
C I N Y         , 29.471,    0.837
B O P Sr        , 27.869,    0.419
Br O Ta Te      , 28.355,    0.545
B Ba O P        , 28.146,    0.491
As B O Sr       , 27.695,    0.373
As B Cs P       , 29.457,    0.833
O S Si Yb       , 28.025,    0.459
Lu O S Yb       ,  28.47,    0.576
Br Cl K W       , 29.374,    0.811
Bi I K O        , 27.939,    0.437
As B Ba O       , 27.974,    0.446
B Cl Mn O       , 27.635,    0.357
Ag I O V        , 28.066,     0.47
Cl O Te V       , 27.552,    0.336
Cl Mo O S       , 26.998,    0.191
Br Gd I Na      ,  29.78,    0.917
Cu I S Te       , 28.869,     0.68
Cl N Si W       , 28.963,    0.704
Cl N Si Ti      , 28.707,    0.637
Cl Nb O Ti      , 27.287,    0.267
Cu I S Sb       , 29.318,    0.797
Ca N O W        , 28.256,     0.52
Br Cu S Te      , 29.107,    0.742
Ba Cl O Sm      , 27.697,    0.374
Bi Cl K O       , 27.618,    0.353
Bi Br K O       , 28.186,    0.501
Cl Nb P S       , 28.576,    0.603
Cl Mo O Tl      , 27.724,    0.381
As Ba Nb O      , 28.017,    0.457
Br Na O W       ,  28.62,    0.615
Cl O Pr S       , 26.916,     0.17
Br La N O       , 27.821,    0.406
Er F O Sr       , 27.804,    0.402
Cl Cs O Ru      ,  27.58,    0.343
Ag Cl Cr O      , 27.488,    0.319
O Pr S Ti       , 27.563,    0.339
As O Sr Ta      , 28.256,     0.52
Gd O Si Te      ,  28.17,    0.497
O Se Si Tb      , 28.168,    0.497
Ce O S Si       , 27.911,     0.43
As K Nb O       , 28.156,    0.494
Cl Cs Mo O      , 27.479,    0.317
Al F Ga Ge O    , 27.885,    0.423
B Br Eu N       , 29.582,    0.866
Ag Cl O Si      , 27.527,     0.33
Cl Gd O S       , 27.111,    0.221
F Gd O S        , 27.137,    0.228
Br Cu Mo O      , 27.991,     0.45
Cl Cs Nb S      , 28.681,    0.631
Br Re Se        , 28.939,    0.698
Cl Re Se        , 28.386,    0.554
Ca O P Se       , 27.929,    0.434
O P S Sr        , 27.535,    0.332
Ba O P S        , 27.816,    0.405
As Hg I Sn      , 29.344,    0.804
Br Cr O P       , 27.921,    0.432
Cr I O P        , 27.672,    0.367
F N O U         , 27.075,    0.211
Dy O Se Si      , 28.267,    0.523
Ho O Se Si      , 28.015,    0.457
F Mn O Si       ,  27.77,    0.393
Cl Hf O S       , 27.161,    0.234
F La O Se       , 27.173,    0.237
F I O Te        , 26.922,    0.172
F Gd O Se       , 27.141,    0.229
Ba Br F Pb      , 29.283,    0.788
Ba F I Pb       , 29.045,    0.726
Ba Cl Eu F      , 28.902,    0.688
As Cl Hg Ti     , 28.737,    0.645
As Br Hg Ti     , 29.283,    0.788
As Cl Hg Mo     , 28.828,    0.669
Cu I P Se       , 28.925,    0.694
Cl Hg P Ti      , 28.905,    0.689
N O Si Yb       , 28.124,    0.485
B Br I P        , 29.101,     0.74
As Br Cr Hg     , 29.352,    0.806
Cl O S Ta       , 27.481,    0.317
As Cl Hg Tl     , 29.106,    0.741
Cs F O Te       , 27.386,    0.293
Al Bi Cl Te     , 29.247,    0.778
Dy F O Se       ,  27.55,    0.335
Cl Hg O P       , 27.329,    0.278
As Br Hg O      , 27.729,    0.382
Br Cu Hg Se     , 29.185,    0.762
Ag Br Hg S      , 29.266,    0.783
Al Cl O Sn      , 28.029,     0.46
I Pr S Si       , 28.934,    0.697
I Nd S Si       , 29.084,    0.736
I S Si Sm       , 29.128,    0.747
I S Si Tb       , 29.402,    0.819
Br Hg P Sn      , 29.742,    0.907
As Br Hg Sn     , 29.579,    0.865
As Cl Hg Sn     , 29.038,    0.724
Cl Hg P Sn      , 29.204,    0.767
Cl F Sb Xe      , 28.965,    0.705
Br Gd S Si      , 29.352,    0.806
Br La S Si      , 29.382,    0.814
Br Nd S Si      , 29.321,    0.798
Br Pr S Si      , 29.172,    0.759
Br S Si Sm      , 29.365,    0.809
F Ga Ge O V     , 27.744,    0.386
Ag Bi Cl S      , 28.664,    0.626
Cl La S Si      , 28.838,    0.671
Cl Pr S Si      , 28.624,    0.616
B N O Sr        , 27.606,     0.35
B La N O        , 27.887,    0.423
Ag Bi Cl Se     , 28.667,    0.627
Cl Mo N         , 28.781,    0.657
Br F N O        , 26.965,    0.183
Cl Hf Hg Se     , 28.803,    0.662
Br Hg Se Zr     , 29.693,    0.895
Cl Hg Se Zr     , 29.154,    0.754
Cl Hg S Zr      ,  29.15,    0.753
Ag I S Sb       , 29.403,    0.819
Hg O Se         , 27.277,    0.264
B Cl N P        , 28.631,    0.618
C Cl Hg N       , 28.734,    0.645
Cl Nd S Si      , 28.776,    0.655
Br Ce N S       ,  29.07,    0.732
Br La N S       , 29.056,    0.729
Br N Nd S       , 28.995,    0.713
Br N Pr S       , 28.844,    0.673
Cl Nd O Se      , 27.082,    0.213
Cl Er O Se      , 27.496,    0.321
C Ca N S        , 29.302,    0.793
Na Ni O S       ,  28.46,    0.573
Cu Na O S       , 28.177,    0.499
Co Na O S       , 28.648,    0.622
Cl N O V        , 27.341,    0.281
B Cl Er O       , 27.826,    0.407
B Cl La O       , 27.482,    0.318
B Ce Cl O       , 27.496,    0.321
Bi K S Se       , 29.156,    0.755
Bi Br O Se      , 27.485,    0.318
Cu Hg I S       , 28.943,    0.699
I Li S Sb       , 29.694,    0.895
Ba Ca Cl F      , 28.791,    0.659
Ba Br Ca F      , 29.337,    0.802
Br Cu P Se      , 29.164,    0.757
C F N S         , 28.384,    0.553
Ag As Cl Hg     , 28.901,    0.688
C Cl La N       , 28.909,     0.69
B I Mg N        , 29.059,    0.729
B Cl Mg N       ,  28.75,    0.649
Ag Bi Br S      , 29.211,    0.769
As Br Hg Yb     , 29.627,    0.877
N Pr Se Si      , 29.017,    0.718
Gd O S Ti       , 27.753,    0.388
Al Bi Cl S      , 28.953,    0.702
Al Bi Cl Se     , 28.957,    0.703
Ba Ga Ge Se Te  , 29.453,    0.832
Br In Se        , 29.652,    0.884
Cl In S         , 29.109,    0.742
F Hg O P        , 27.354,    0.284
Cu I S Si       , 28.998,    0.713
Br Cu S Si      , 29.236,    0.775
Br Cu Ga Ge S   , 29.265,    0.783
Cu Ga Ge I S    , 29.028,    0.721
As Cu I S       , 28.754,     0.65
As Br Cu S      , 28.993,    0.712
Cu I P S        , 28.921,    0.693
Cl Cu P S       , 28.611,    0.612
Cu Ga Ge I Se   , 29.032,    0.722
Cu I Se Si      , 29.002,    0.714
Cl N Na W       ,  29.38,    0.813
Ba O P Se       ,  27.82,    0.406
Ag S Te         , 29.232,    0.774
Bi I Mn Se      , 29.184,    0.762
Cl Nb O Tl      , 27.675,    0.368
Br Nb O Tl      , 28.242,    0.516
Bi Br Mn S      , 29.416,    0.822
Br S V          , 29.051,    0.727
As Br Cu Hg     ,  29.36,    0.808
Ag Cl Ga Ge S   , 28.805,    0.663
Ag Br Ga Ge S   ,  29.35,    0.805
Br Cu O Sb      , 28.339,    0.541
Cl Cu O Sb      , 27.774,    0.394
Br Mo Rb Se     , 29.357,    0.807
Br Mo Rb Te     , 29.643,    0.882
Ag Br Cl Te     , 28.902,    0.688
Ag Cl S Te      , 28.645,    0.621
Ba Cl F Na      , 28.989,    0.711
Br Co O Te      ,  28.35,    0.544
Cl Co O Te      , 27.785,    0.397
Au Cl F P       , 28.788,    0.658
As F Fe O       , 27.218,    0.249
Cl O Si Tb      , 27.863,    0.417
Cl Dy O Si      , 27.963,    0.443
Cl Gd O Si      ,  27.56,    0.338
Br Fe N O       , 27.681,     0.37
O Rb Sb Te      , 28.518,    0.588
Cl Cu O Pb      , 27.613,    0.352
Cl F O P        , 26.645,    0.099
N Nd O Si       , 27.932,    0.435
Cl Hg O W       , 27.566,     0.34
Cl O Tl W       , 27.896,    0.426
Ce I N O        , 27.586,    0.345
I La N O        , 27.571,    0.341
Ce O P Zn       , 28.746,    0.648
O P Pr Zn       , 28.518,    0.588
Ce Cu O Te      , 28.185,    0.501
Cu Nd O Te      , 28.108,    0.481
As Cl La O      , 27.336,    0.279
Ag Cl P S       , 28.698,    0.635
As Cl Nd O      ,  27.27,    0.262
C Eu I N        , 29.427,    0.825
I O Sm          , 28.001,    0.453
F Np O P        , 27.795,    0.399
Ag F O P        , 27.472,    0.315
C Dy N O        , 28.336,    0.541
C Ho N O        , 28.085,    0.475
C N O Tm        , 27.918,    0.432
C N O Yb        , 28.098,    0.479
Cl Co O Se      ,  27.48,    0.317
Br Co O Se      , 28.051,    0.466
As Cd Hg I      , 29.207,    0.768
Cl Ga Ge O Re   , 27.593,    0.347
Cl N O Re       , 27.214,    0.248
N O Pr Se       , 27.334,    0.279
N O P Zn        , 28.278,    0.525
F Lu O Se       , 27.508,    0.324
Cs I Mo Se      , 29.042,    0.725
Cl Nb S Tl      , 28.916,    0.692
Br N Nd Se      , 28.999,    0.714
Ba Cl N Ta      , 29.366,    0.809
Cl Fe La S      , 28.822,    0.667
Br Fe La S      , 29.366,    0.809
Fe I La S       ,  29.13,    0.748
Br Li P S       , 29.538,    0.854
I Li P S        , 29.303,    0.793
Cl Li P S       , 28.996,    0.713
O P Y Zn        , 28.991,    0.712
Gd O P Zn       , 28.702,    0.636
O P Sm Zn       , 28.715,    0.639
Dy O P Zn       , 29.089,    0.737
Cl O Se Sm      , 27.129,    0.226
Cl Eu O Se      , 27.374,     0.29
Cl Gd O Se      , 27.115,    0.222
Cl Dy O Se      , 27.524,    0.329
Cl O Se Tm      , 27.094,    0.216
Cl O Se Yb      , 27.279,    0.265
Cl O Se Sr      , 26.859,    0.155
Cl O Sr Te      , 27.171,    0.237
Cl Cu O W       , 27.593,    0.347
Ag Bi Br Se     , 29.215,     0.77
F O S Tc        , 27.151,    0.231
Br C Cl Pr      , 28.857,    0.676
Ag Br Se Te     , 29.197,    0.765
Br Co O Sb      , 28.807,    0.664
Ag I O Se       , 27.409,    0.299
Ag I O Te       , 27.715,    0.379
B Ba Cl N       , 28.827,    0.669
Ce Nb O S       , 27.844,    0.412
Ce O Se         , 27.475,    0.316
Nd O Se         , 27.396,    0.295
O Se Sm         , 27.442,    0.307
Cl P S Ta       , 29.079,    0.734
Cl O Re S       , 27.112,    0.221
F Mo O Sm       , 27.582,    0.344
Eu F Mo O       , 27.823,    0.407
F Gd Mo O       , 27.568,     0.34
F Mo O Tb       , 27.871,    0.419
Dy F Mo O       , 27.971,    0.445
F Ho Mo O       , 27.716,    0.379
Er F Mo O       , 27.943,    0.438
F Mo O Tm       , 27.547,    0.335
F La Mo O       ,   27.6,    0.349
Br Gd O Se      , 27.693,    0.373
Cu Eu F Te      , 29.339,    0.802
Ag Ba F Te      , 29.212,    0.769
K O S V         , 28.251,    0.518
Cs N Tb Te      , 29.795,    0.921
Cl Hg Te U      , 28.894,    0.686
As Cl Hg U      , 28.779,    0.656
O Os P Pr       , 28.381,    0.552
Ba N O Os       ,  28.34,    0.541
N Nd O Se       , 27.493,    0.321
Ce N O Se       , 27.572,    0.341
Ba N O Re       , 28.087,    0.476
As Cl Cu S      , 28.441,    0.568
Ag Cr I O       , 27.811,    0.404
C F La N        , 28.933,    0.696
K Se Sn Te      , 29.745,    0.908
I La N Na       , 29.653,    0.884
Ce I N Na       , 29.667,    0.888
I N Na Pr       , 29.446,     0.83
I N Na Nd       , 29.593,    0.869
F O Se Yb       , 27.305,    0.271
Er F O Se       , 27.521,    0.328
F O Se Tm       , 27.119,    0.223
Cl Dy Mo O      , 27.946,    0.439
Cl Er Mo O      , 27.917,    0.431
Cl Eu Mo O      , 27.798,      0.4
Cl Gd Mo O      , 27.543,    0.333
Cl Ho Mo O      ,  27.69,    0.372
Cl Lu Mo O      , 27.904,    0.428
Cl Mo O Sm      , 27.556,    0.337
Cl Mo O Tb      , 27.845,    0.413
Cl Mo O Tm      , 27.522,    0.328
Cl Mo O Yb      , 27.704,    0.376
Cl P Se Ta      , 29.083,    0.735
Cl Nb P Se      ,  28.58,    0.604
Ce Cl N S       , 28.519,    0.588
C N O Sr        ,  27.69,    0.372
B F O Yb        , 27.637,    0.358
B F Li O        , 27.754,    0.389
Br In O Te      , 28.107,    0.481
Ag O P Se       , 27.756,    0.389
Ag O P Te       , 28.059,    0.468
Cl Mo Nd O      ,  27.51,    0.325
B F La O        , 27.507,    0.324
Cl Eu O P       , 27.736,    0.384
Er F O S        , 27.517,    0.327
N O Pr Si       , 27.776,    0.394
Eu F S          , 29.404,    0.819
As Ce Cl O      ,  27.35,    0.283
Cl P S Ti       , 28.532,    0.592
Ag As I O       , 27.595,    0.347
Hg I S Zn       , 29.438,    0.828
Cl Hg S Zn      , 29.133,    0.749
In K Se Te      , 29.747,    0.909
N O Se Tb       , 27.828,    0.408
La N O S        , 27.554,    0.336
Cl La Mo O      , 27.575,    0.342
Ce Cl Mo O      , 27.589,    0.346
Cl Mo O Pr      , 27.351,    0.284
Cl N O Sn       , 27.324,    0.277
Br Cs S Tc      , 29.393,    0.816
Br Cs Se Tc     , 29.397,    0.817
B F O Pr        , 27.283,    0.266
As Br Hg In     , 29.581,    0.865
As Cl O Pr      ,  27.11,    0.221
Ag Cl O W       , 27.683,     0.37
B Er F O        , 27.851,    0.414
Cl Li O P       , 27.758,     0.39
Br Li O P       , 28.324,    0.537
B Eu F O        , 27.731,    0.383
I Mo Nb O       , 27.707,    0.376
C Dy I O        , 28.256,     0.52
Bi Br Cu Se     ,  29.13,    0.748
Al F K O        , 28.116,    0.483
Ag O S Te       , 27.698,    0.374
I Mo Te         , 29.176,     0.76
B F O Tm        , 27.454,     0.31
As Br La O      , 27.909,    0.429
As Fe Gd O      , 28.036,    0.462
As Fe O Tb      , 28.333,     0.54
B Dy F O        , 27.879,    0.421
F O S Tb        , 27.444,    0.308
F Ho O S        , 27.286,    0.267
F Nd O S        , 27.104,    0.219
F O S Sm        ,  27.15,    0.231
As Br O Pr      , 27.689,    0.372
Cl Cu P Se      , 28.615,    0.613
Br O Pb Se      , 27.776,    0.394
I O Pb Se       , 27.526,    0.329
C Li N O        , 28.213,    0.508
As Cl In O      , 27.417,    0.301
As Br In O      , 27.989,     0.45
Cl Cs Mo S      , 28.729,    0.643
Cd Cl I O       , 27.093,    0.216
Cl O Ta Te      ,  27.79,    0.398
Cl O Se Y       , 27.421,    0.302
F O Xe          , 27.892,    0.425
Bi I In Se      , 29.116,    0.744
La S Se         , 28.708,    0.637
Br Cl O Sr      , 27.129,    0.226
O Se Sm U       , 27.814,    0.404
C N O Si        , 27.847,    0.413
K Mo O S        , 28.019,    0.458
Mo O Rb S       , 27.866,    0.418
F O S Tl        , 27.321,    0.276
Ba Br O Te      , 28.027,     0.46
Ba O Te Yb      , 28.448,     0.57
B F Na O        , 27.822,    0.406
Bi Br O W       , 28.078,    0.473
Bi Cl O W       , 27.508,    0.324
Mn O Se Sr      , 27.895,    0.426
F O Pr S        , 26.942,    0.177
Br La Mo O      , 28.144,     0.49
Br Ce Mo O      , 28.158,    0.494
Cl Ga Ge Sb Te  , 29.363,    0.809
Br Mo O Pr      , 27.925,    0.433
Br Mo Nd O      ,  28.08,    0.474
Br Mo O Sm      , 28.126,    0.486
Br Gd Mo O      , 28.112,    0.482
Br Mo O Tb      , 28.409,     0.56
Br Dy Mo O      , 28.507,    0.585
Br Ho Mo O      , 28.257,     0.52
Br Er Mo O      ,  28.48,    0.578
Br Mo O Tm      , 28.092,    0.477
Br Mo O Yb      , 28.271,    0.524
Br Lu Mo O      , 28.467,    0.575
B F Ho O        , 27.623,    0.354
Cl O Tb W       , 28.017,    0.457
B F Nd O        , 27.442,    0.307
Ba In S Te      , 29.611,    0.873
Ba In Se Te     , 29.615,    0.874
Cl Cr O Te      , 27.292,    0.268
B Ce F O        , 27.521,    0.328
B Cl O Tm       , 27.428,    0.304
B Cl Dy O       , 27.854,    0.415
B Cl Gd O       , 27.449,    0.309
B Cl Ho O       , 27.598,    0.348
B Cl O Tb       , 27.753,    0.388
As Cl Hf Hg     ,  28.98,    0.709
Cl Hf Hg P      , 29.147,    0.752
As Cl Hg Zr     , 29.329,      0.8
Cl Hg P Zr      , 29.494,    0.843
B Eu N O        , 28.108,    0.481
As Cl Eu O      , 27.561,    0.338
As Cl Gd O      , 27.303,    0.271
As Cl O Sm      , 27.317,    0.275
Cl La O P       , 27.512,    0.326
Cl O P Pr       , 27.288,    0.267
B F O Tb        , 27.778,    0.395
Bi Br Cl O      , 27.172,    0.237
Cd Cl O Se      , 27.079,    0.212
Al Br Sb Se     , 29.921,    0.954
Co F O Sb       , 28.277,    0.525
F Ni O Sb       , 28.087,    0.475
Cl Ga Ge Sb Se  , 29.075,    0.733
Cl Ga Ge S Sb   , 29.071,    0.732
Ce F Mo O       , 27.614,    0.352
F Mo O Pr       , 27.377,     0.29
F Mo Nd O       , 27.536,    0.332
Al Cl Nb Se     , 29.003,    0.715
Cl Dy O W       , 28.117,    0.483
Cl Ho O W       , 27.863,    0.417
Cl Er O W       , 28.088,    0.476
Cl O Tm W       , 27.695,    0.373
Cl O W Yb       , 27.877,    0.421
Cl Lu O W       , 28.075,    0.473
Ba I O P        , 27.834,     0.41
I O P Sr        , 27.553,    0.336
Ba Cl In S      , 29.032,    0.722
Cl K O U        , 27.665,    0.365
Cs Fe O S       , 27.785,    0.397
Gd N O Te       ,  27.83,    0.409
Gd N O Se       , 27.525,    0.329
Ba Fe O S       , 27.879,    0.421
C Ca N O        , 28.078,    0.473
Ba Br N P       ,   29.4,    0.818
Bi Cl Ga Ge Se  ,  28.64,     0.62
Bi Cl Ga Ge Te  , 28.934,    0.696
Al I Sb Te      , 29.972,    0.967
O P Te U        , 27.932,    0.435
Br Dy O W       , 28.675,    0.629
Br Er O W       , 28.647,    0.622
Br Gd O W       , 28.282,    0.526
Br Ho O W       , 28.426,    0.564
Br O Tb W       , 28.577,    0.603
Br O Tm W       , 28.262,    0.521
Br O W Yb       ,  28.44,    0.568
Cl Ga Ge P Se   , 28.675,    0.629
Al Cl P Se      , 28.991,    0.711
Al Cl Sb Se     , 29.386,    0.815
Br O W Y        , 28.576,    0.603
As Au O Sm      , 28.488,     0.58
As Au Nd O      , 28.444,    0.569
As Cl Pr S      , 28.376,    0.551
Eu I O          , 28.475,    0.577
F N O Sb        , 27.486,    0.319
Fe Nd O S       , 27.816,    0.405
Cl Cs Fe Se     , 28.734,    0.644
F La N Si       , 28.958,    0.703
F O Pr Se       , 26.946,    0.178
F Nd O Se       , 27.108,     0.22
F O Se Sm       , 27.155,    0.232
F O Se Tb       , 27.448,    0.309
Ce Cs F O       , 27.661,    0.364
Ce F K O        , 27.896,    0.426
Ce F O Rb       , 27.743,    0.386
Ba Br Fe S      , 29.365,    0.809
B O S Sm        , 27.769,    0.393
Ba Cl S Sb      , 29.158,    0.755
Cr F Nb O       , 27.387,    0.293
Bi O Se Sr      , 27.503,    0.323
O Sb Se Sr      , 27.955,    0.441
Ba Bi O Se      , 27.785,    0.397
Mo S Se Sm      , 29.098,    0.739
Eu Mo S Se      , 29.327,    0.799
La Mo S Se      , 29.116,    0.744
Ag Mo S Se      , 29.054,    0.728
Cd Cr Se Te     , 29.325,    0.799
Cd Ga Ge S Se   , 58.196,    1.479
S Se Ta Tl      , 29.703,    0.897
Ga Ge S Se Tl   , 29.303,    0.793
Ba Mn Se Te     , 29.682,    0.892
Ba Mn S Se      , 29.393,    0.816
Ga Ge Mo S Se   , 29.027,    0.721
S Sb Se Tl      , 29.591,    0.868
As P Si Zn      ,  29.99,    0.972
Ag Ga Ge Se Te  , 29.393,    0.816
Ag In S Se      , 29.265,    0.783
Ag In Se Te     , 29.555,    0.859
Al S Se Zn      , 29.816,    0.927
As Cd Cr Se     , 29.211,    0.769
As Cd Ga Ge P   , 29.616,    0.875
As Cd P Zn      , 30.043,    0.986
As Co Ni S      , 29.857,    0.937
As Cr Cu Se     , 29.128,    0.747
As Ga Ge P Zn   , 30.019,     0.98
Bi In S Te      , 29.387,    0.815
Bi In Se Te     , 29.391,    0.816
Bi S Sb Se      , 29.225,    0.772
Bi S Se Te      , 28.774,    0.655
Bi Sb Se Te     , 29.516,    0.848
Cd Hg Se Te     , 29.307,    0.794
Cd S Se Si      , 29.069,    0.732
Co Cr S Se      , 29.406,     0.82
Cr Se Te        , 29.234,    0.775
Cs Mo S Se      , 29.025,     0.72
Cs S Se W       , 29.189,    0.763
Cu Fe S Se      , 28.969,    0.706
Cu Ga Ge S Se   , 29.015,    0.718
Cu In S Se      , 29.179,    0.761
Cu Nb S Se      , 28.921,    0.693
Cu Nb Se Te     , 29.215,     0.77
Cu S Se V       , 29.193,    0.764
Cu Se Ta Te     , 29.707,    0.898
Cu Se Te V      , 29.484,     0.84
Hg Mo S Se      , 28.942,    0.699
In Ni S Se      , 29.453,    0.832
In S Sb Te      ,  29.81,    0.925
In Sb Se Te     , 29.814,    0.926
Li Mo S Se      , 29.349,    0.805
Mo Pb S Se      , 29.164,    0.757
Mo Ru Se Te     , 29.369,     0.81
Mo S Se Tl      , 29.257,    0.781
Mo Se Te W      , 29.437,    0.828
Ni P S Se       , 29.184,    0.762
S Se Tl         , 29.531,    0.852
S Se Tl V       ,  29.48,    0.839
Se Te Ti        , 29.095,    0.739
S Se Sn         , 29.397,    0.817
Co S Se U       , 29.378,    0.812
Bi Ga Ge S Te   , 29.224,    0.772
Al Cu S Se      , 29.327,    0.799
Ba N O P        , 27.916,    0.431
