Phase fields,scores,Norm. scores
Cl Cs O Re      , 30.784,    0.633
C I Mo O        , 26.833,    0.303
Bi Ce O S       , 27.054,    0.321
Ba Cl Cu O      , 25.273,    0.173
C Cu N S        , 24.742,    0.128
F K O Ta        , 28.234,     0.42
Cd Cl O P       , 26.354,    0.263
C N Pb S        , 26.003,    0.234
Cl Fe O P       , 24.404,      0.1
F Nb O Zr       , 28.366,    0.431
B Ca Cl O       , 27.059,    0.322
Cu F O P        , 25.477,     0.19
O S Tl          , 26.466,    0.272
Cl Cu O Sr      , 26.187,    0.249
Bi Cl In S      , 26.528,    0.277
Cd I P S        , 28.393,    0.433
F O Se Xe       , 30.185,    0.583
F O Te U        , 29.251,    0.505
As Cl Cu O      , 24.394,    0.099
As Cl Co O      , 25.503,    0.192
Cl Mn O         , 26.013,    0.234
F O Se Y        ,  27.29,    0.341
C N Na S        , 26.542,    0.279
Ca Cl Cu O      , 25.437,    0.186
Br Ca Cu O      , 26.742,    0.295
Br C O Re       , 30.112,    0.577
Ba Br Cu O      , 26.585,    0.282
Cl N O Sb       , 25.341,    0.178
B Cl Li O       , 28.143,    0.412
Br Cu O Sr      , 27.456,    0.355
Cd I O V        , 28.651,    0.455
Br Cd O P       , 27.615,    0.368
As Br Cd O      , 27.499,    0.359
Br Cd O V       , 28.708,    0.459
Ag Br N O       , 27.086,    0.324
Ag I O W        , 28.311,    0.426
F Li O S        , 27.561,    0.364
Br Cu P S       , 26.766,    0.297
F K O P         , 26.577,    0.282
F O W Xe        , 30.587,    0.616
Bi Cl F O       , 26.689,    0.291
Bi Br Cu S      , 27.182,    0.332
Cl K O W        , 26.789,    0.299
As Cd I         ,  28.75,    0.463
F O P Rb        , 29.863,    0.556
Ag N O Te       , 26.494,    0.275
K N O Se        , 26.046,    0.237
C F Hg O        , 27.609,    0.368
F O P Sn        , 26.815,    0.301
F K O U         ,  28.91,    0.476
Bi Cl Cu S      ,   25.9,    0.225
Cl O P Sr       , 26.908,    0.309
F Na O P        , 27.228,    0.336
Ca O S Sb       , 25.775,    0.215
Br K Mo O       , 27.635,     0.37
Cl Mo Se        , 28.775,    0.465
Ce O S          , 28.546,    0.446
C Cl Mn O       , 25.236,     0.17
Ga La O S       , 27.681,    0.374
N O S           , 23.634,    0.036
Cs F O Sb       , 28.101,    0.409
F O Rb Sb       , 30.109,    0.576
Ag O S Si       , 25.178,    0.165
Ca Cl O W       ,  27.28,     0.34
Cd F O P        , 27.242,    0.337
C Cr O S        , 24.559,    0.113
Cl N S Sb       ,  26.25,    0.254
C F O Tl        , 28.206,    0.418
Cl F Sb         , 28.273,    0.423
Al Ca F O       , 26.661,    0.289
Cs F I O        , 29.022,    0.486
Ca Cl O P       , 26.179,    0.248
Cl Mn O P       , 25.656,    0.205
F Mn O P        , 26.567,    0.281
Cl Mg O P       , 26.146,    0.246
F Li Nb O       , 29.483,    0.524
Br Cl Tl        , 32.398,    0.768
As F N S        , 26.749,    0.296
Cl F K Sb       , 28.349,     0.43
F Na O Ta       , 28.847,    0.471
F Hg Ni S       ,  28.53,    0.445
C Cs N Se       , 28.386,    0.433
K O S Sb        , 25.254,    0.171
B F Mg O        , 27.893,    0.391
B Cl Cr O       , 26.591,    0.283
C Cl O Pb       , 25.379,    0.182
N O Si Sm       , 27.004,    0.317
F Nb O Se       , 28.253,    0.422
F Mg O Si       , 26.888,    0.308
Ag S Se Te      , 28.206,    0.418
B Fe I O        , 26.592,    0.283
As Cs F O       , 27.723,    0.377
Cl F O Sb       , 26.544,    0.279
Cl Cr Cs O      , 27.347,    0.346
Ag Cl N O       , 25.799,    0.217
Cl K O Ru       , 28.104,    0.409
Ag I N O        , 27.025,    0.319
F Nb O Tl       ,  29.89,    0.558
Cl Cu O Se      , 25.218,    0.168
Ba Cl O Re      , 29.955,    0.564
Ba Cl O P       , 26.019,    0.235
As F K O        , 26.457,    0.272
As F O Rb       , 29.756,    0.547
Cl Cr O Rb      , 29.406,    0.518
Ca Cl O Si      , 26.021,    0.235
F K O V         , 27.711,    0.376
Cl Fe O Pb      , 24.924,    0.144
B Cl Mg O       , 27.027,    0.319
Br Cl Cs W      , 30.609,    0.618
Br Cl Cs Mo     , 30.247,    0.588
Cl O Si Yb      , 28.435,    0.437
Ca F O P        , 27.073,    0.323
Bi Cl N S       , 26.397,    0.267
F Ge Mg O       , 28.365,    0.431
F Na O S        , 26.612,    0.284
F Nb O Rb       , 31.117,    0.661
Cs F Nb O       , 29.179,    0.499
F Nb O Sc       , 29.649,    0.538
F K O Sb        , 26.853,    0.305
F Na O Sb       , 27.497,    0.358
F O Rb Ta       , 31.347,     0.68
Cs F Mo O       , 28.492,    0.442
Ce N O Si       , 26.872,    0.306
La N O Si       , 26.308,    0.259
N O S U         , 26.855,    0.305
F Mo O Rb       , 30.474,    0.607
Ag Ge I S       , 29.375,    0.515
Ba F O P        , 26.918,     0.31
C N S Se        , 26.171,    0.248
C N Se          , 27.433,    0.353
Cl N Sb V       , 27.996,      0.4
As F O S        , 25.451,    0.188
F Li O Ta       , 29.725,    0.544
Cl O Re         , 32.868,    0.807
Cs F O V        , 28.923,    0.477
C Hg N S        , 27.327,    0.344
F O S Xe        , 29.043,    0.487
C N P S         , 25.504,    0.192
As Eu O Ta      , 30.139,    0.579
Cl I N V        ,  28.92,    0.477
C Fe O Se       , 24.619,    0.118
Cl O Sn         , 25.961,     0.23
As F I S        , 28.198,    0.417
Hg I Na O       , 29.238,    0.504
Cl Cu N S       ,  25.22,    0.168
Ce Cr O S       , 27.017,    0.318
Cr La O S       , 26.456,    0.271
Cl Fe N S       , 25.102,    0.158
B I Ni O        , 27.107,    0.326
La O Se         , 27.956,    0.397
Cl Cs O U       , 29.271,    0.507
O Rb Re S       , 32.075,    0.741
Cs F O U        , 30.073,    0.574
Br Cl Cu Rb     , 30.929,    0.645
B Mg O S        , 26.358,    0.263
F K O Xe        , 29.928,    0.561
Fe I N O        , 25.456,    0.188
Co I N O        , 26.633,    0.286
Ca Cl Cr O      , 26.567,    0.281
Cl Mo O P       , 26.011,    0.234
Cl K O Os       , 30.363,    0.598
Na O S          , 24.998,     0.15
C I O Re        , 30.057,    0.572
Cl F I Sb       , 29.188,      0.5
Ag La O S       , 26.787,    0.299
As La O S       , 25.943,    0.229
Cr F K O        ,  26.96,    0.314
F Fe O Sr       , 26.971,    0.314
F K Nb O        , 27.979,    0.399
Cl O Pb V       , 26.963,    0.314
Cl F N P        , 27.525,    0.361
Br F N P        , 28.735,    0.462
Cl O S Zr       , 25.444,    0.187
B Cl N          , 27.241,    0.337
F N P S         , 26.869,    0.306
Cu S Se Ta      , 27.769,    0.381
B Br Eu O       , 30.682,    0.624
Cl Cu Hg Se     , 28.501,    0.442
Cl O P Sn       , 25.912,    0.226
Cl Hg O         , 28.851,    0.471
Ag C N S        , 26.241,    0.254
B Ba F O        , 27.775,    0.382
F K O S         , 25.945,    0.229
Br Cl O W       , 27.735,    0.378
Cs F O P        , 27.839,    0.387
As I K O        , 26.779,    0.298
As Br K O       , 26.841,    0.304
B Br Ca O       , 28.289,    0.424
Cs F O Ta       , 29.424,    0.519
Ag C N O        , 25.332,    0.178
Br Cs O U       , 30.412,    0.602
F Fe O P        ,  25.36,     0.18
K N O Os        , 30.118,    0.577
F O P Pb        , 26.703,    0.292
Cs O P S        ,   26.3,    0.258
Cl O Pr W       ,  29.71,    0.543
Cl Cs O Os      , 31.473,     0.69
B F N S         , 27.727,    0.378
C Fe O S        , 23.205,      0.0
C N S Zn        , 25.482,     0.19
Al Cl K O       , 25.232,    0.169
Ag N O S        , 25.097,    0.158
As N O Th       , 27.627,    0.369
N O P Th        , 27.743,    0.379
F Na Nb O       , 28.597,     0.45
F O U Zr        , 29.285,    0.508
C N O S         , 23.883,    0.057
I S Sb Sn       , 28.245,    0.421
Cs F O Ti       , 27.956,    0.397
F Na O V        , 28.336,    0.428
F N O Xe        ,   29.4,    0.517
F Hg S Si       , 28.676,    0.457
C Cl O Ru       , 27.376,    0.348
C I O Ru        , 28.535,    0.445
Br P S          , 26.861,    0.305
C K N Se        ,  27.15,    0.329
C K N O         , 24.952,    0.146
Cl O P Sb       , 25.582,    0.199
Cl Nb O P       , 26.762,    0.297
Cl O P Pb       , 25.796,    0.216
As Cl O Pb      , 25.672,    0.206
Cl Co N O       , 25.388,    0.182
Cl O Sb Se      , 26.247,    0.254
As F S          , 26.356,    0.263
Br Cl Cs Hg     , 31.215,    0.669
Bi F Nb O       ,  28.04,    0.404
Bi F O Ti       , 26.765,    0.297
Cl Cs Np O      , 32.417,    0.769
Ce Ga O S       , 28.218,    0.419
K O S Se        , 25.642,    0.204
Cs Mo O S       , 26.991,    0.316
Bi F O Ta       , 28.295,    0.425
Li N O Si       , 26.873,    0.306
Li N O Ti       , 27.147,    0.329
Ge Li N O       , 28.351,     0.43
Bi Cd I O       ,  27.96,    0.397
Bi Br O Sr      , 28.541,    0.446
Bi Cl O Sr      , 27.322,    0.344
Bi Cl Li O      , 27.706,    0.376
Bi Cl Na O      , 26.762,    0.297
Bi Br Li O      , 28.909,    0.476
Bi Br Na O      , 28.005,    0.401
Bi Br Cd O      , 28.018,    0.402
Bi I Li O       , 28.852,    0.471
Bi I Na O       , 27.946,    0.396
C Hg N O        , 26.455,    0.271
As Ca Cl O      , 26.056,    0.238
Ca Cl O V       , 27.329,    0.344
Br Ca O P       , 27.448,    0.354
F N S Sb        , 27.141,    0.329
Br Cl I Sb      , 29.537,    0.529
Ca O S Si       , 25.326,    0.177
Cl Cr K O       , 26.062,    0.239
F I K O         , 27.815,    0.385
Am F K O        , 33.789,    0.884
Cl Cs Nb O      , 28.352,     0.43
C F La O        , 27.228,    0.336
K O S           , 24.287,     0.09
F Mg O P        , 27.041,     0.32
Cl N O S        , 24.378,    0.098
C N Na O        , 25.644,    0.204
Cs N O Os       , 31.237,    0.671
B F O Te        , 27.804,    0.384
Al Cl N S       , 25.539,    0.195
Ag I O P        , 27.252,    0.338
F I S Sb        ,  28.57,    0.448
F In N O        , 25.878,    0.223
C Cl O Os       , 29.691,    0.542
Cl Cu K O       , 24.909,    0.142
Cu F Hg S       , 28.147,    0.413
F Hg Mn S       , 29.138,    0.495
F Hg Ni O       , 27.696,    0.375
F Hg O Zn       , 27.974,    0.398
Ca F O Sb       , 27.343,    0.346
Cl O P Ti       , 25.423,    0.185
Cl K N Os       ,  31.46,    0.689
Bi Ca Cl O      , 26.604,    0.284
Bi Br Ca O      , 27.854,    0.388
Bi Cd Cl O      , 26.776,    0.298
C Ce F O        , 27.774,    0.382
C N O Rb        , 28.426,    0.436
C Cs N O        , 26.291,    0.258
C N O Tl        , 27.077,    0.323
Cd I S Sb       , 28.651,    0.455
Cl Mo S         , 26.273,    0.256
Cl N V          , 27.778,    0.382
Cl K N O        , 25.426,    0.185
Cl K Mo O       , 26.374,    0.265
Cl Cs F Sb      , 29.534,    0.528
Br Cr Cu Se     , 28.364,    0.431
C K N S         , 25.874,    0.223
C N S Tl        ,  27.93,    0.395
Br C O Pb       , 26.686,    0.291
Ba Bi Cl O      , 26.447,    0.271
Ba Bi Br O      , 27.704,    0.376
C Cl F Se       , 27.983,    0.399
Cl F N Re       , 31.272,    0.674
Cl N S V        , 27.128,    0.328
Br Cs Mo O      ,  28.85,    0.471
C Cd N S        , 26.556,     0.28
C N Ni S        , 25.177,    0.165
Al B F O        , 26.685,    0.291
Cl N Pt S       , 27.953,    0.396
Cr F O Rb       , 30.204,    0.584
Bi Cl O Pb      , 26.228,    0.252
As Mn O Sr      , 27.085,    0.324
As Ba Mn O      , 26.202,     0.25
Hg I N O        , 28.081,    0.407
N O Os Rb       , 33.054,    0.822
Au Cl O Se      , 27.367,    0.348
F O Pb Zr       , 27.456,    0.355
Cl Fe O Sr      , 26.073,     0.24
Ba F O W        , 27.991,      0.4
Hg I O          , 29.952,    0.563
F Mo O Te       , 27.624,    0.369
Au C Cl O       , 26.327,    0.261
Cl Fe N O       ,  24.15,    0.079
F N Re          , 32.024,    0.736
Ag N O Se       , 26.411,    0.268
As Bi Br Hg     , 30.004,    0.568
F O Te W        ,  28.02,    0.402
F O Re Te       , 30.765,    0.631
Cl La O Ti      , 26.865,    0.306
Cl Co O Sr      , 27.224,    0.336
Cl Nd O Ti      , 29.212,    0.502
Ag Br O Pb      , 27.778,    0.382
Cl O Pr Ti      , 28.816,    0.469
Al N O Si       , 24.384,    0.098
N O Si Y        , 25.291,    0.174
Ga Nd O S       , 29.965,    0.564
Cd F O Sb       ,  27.51,    0.359
Cl La O W       , 27.822,    0.385
O S Si Sm       , 26.614,    0.285
Ho S Te         , 31.668,    0.707
Cs F O W        , 28.877,    0.474
Cl Gd O W       , 28.631,    0.453
Cu I In Se      , 27.846,    0.388
Ag I In Se      , 29.186,    0.499
Ag I In Te      , 29.261,    0.506
Cl Cu In Te     ,  26.74,    0.295
Br Cu In Te     , 27.984,    0.399
Cu I In Te      , 27.925,    0.394
Br Cu In Se     , 27.905,    0.392
Ag Cl In S      , 26.821,    0.302
Ag Br In S      , 28.062,    0.406
Ag Cl In Se     , 28.054,    0.405
Ag Br In Se     , 29.242,    0.504
Ag Cl In Te     , 28.133,    0.411
Ag Br In Te     , 29.318,     0.51
C F O Pb        ,   26.3,    0.258
Cl La Nb O      , 28.135,    0.412
Cl O Se Sn      , 26.569,    0.281
C Cl O Re       ,  28.96,    0.481
C I O Os        , 30.762,    0.631
Cl Nb O Pr      , 30.004,    0.568
Ba Cl O Te      , 26.756,    0.297
Br O Pb Tl      , 29.379,    0.516
F Mo Nb O       , 28.295,    0.425
Cl O Pb Sb      , 26.079,     0.24
Ba Nb O S       , 26.791,    0.299
Cl N S W        , 27.078,    0.323
F Mg Nb O       , 28.419,    0.435
Cl F Ir P       , 31.405,    0.685
Cl O Sm Ti      , 27.547,    0.363
Cl Cr O Sr      , 27.286,    0.341
Ag Al Cl O      , 25.608,    0.201
B Cl O Pb       , 26.689,    0.291
Br Mo O Pb      , 27.755,     0.38
Br O Pb W       ,  28.15,    0.413
F Ga Mg O       , 28.601,    0.451
Br Nb O Pb      ,  28.46,    0.439
Cl Cr O Pb      ,  26.19,    0.249
Cl O Pb S       , 25.145,    0.162
Al Cl N O       , 24.604,    0.117
Ba F O Re       , 30.739,    0.629
F Li O W        , 29.183,    0.499
Cl O P Re       , 29.326,    0.511
Cl N Re S       ,  29.91,     0.56
Br C Se         , 28.904,    0.476
Br C K N        , 27.807,    0.384
Cs F O S        , 27.236,    0.337
Br Ce S Si      , 29.187,    0.499
F K O Ti        , 26.701,    0.292
Bi Br O Te      , 27.734,    0.378
K O P S         , 24.961,    0.147
F Nb O Sn       , 28.204,    0.417
Cl N S Se       , 26.623,    0.285
Au I K O        , 28.254,    0.422
As Cr Mn P      , 27.383,    0.349
I S Sb Se       , 28.294,    0.425
Br Gd La O      , 30.072,    0.573
B F O Sr        , 28.609,    0.451
B Br O Sr       , 28.965,    0.481
Cu Mo S Se      , 26.779,    0.298
In Mo S Se      , 27.387,    0.349
Cu Rh S Se      , 29.343,    0.513
Cd Cr S Se      , 28.175,    0.415
Cr Se Te Zn     ,  28.46,    0.439
Ag Bi S Se      , 27.913,    0.393
Cd S Se Zn      , 27.789,    0.383
As Cd In Se     , 28.191,    0.416
As Cd In Te     ,  28.27,    0.423
As Cu Ge Se     , 27.937,    0.395
As Cu In Se     ,  26.49,    0.274
As Cu In Te     , 26.573,    0.281
As Ga S Zn      ,  27.63,    0.369
As Ga Se Zn     , 28.828,     0.47
Ag Sb Se Te     , 29.043,    0.487
Ag Bi Se Te     , 29.176,    0.499
I Sb Se Sn      , 29.419,    0.519
F O Tl Zr       , 29.288,    0.508
Ga La O Se      , 28.878,    0.474
Br C O Ru       , 28.592,     0.45
Cu F Nb O       , 26.935,    0.311
Ba Cl Fe O      , 25.155,    0.163
Ba Br Fe O      , 26.474,    0.273
La O S Sn       , 26.667,    0.289
Cl Fe Mo O      , 25.147,    0.162
Ca F Ge O       , 28.396,    0.433
Ga Mo Se Te     , 30.238,    0.587
Cs F O Xe       , 31.053,    0.655
Br C O W        , 27.301,    0.342
Au F O Te       , 28.301,    0.426
Cl Nb O Te      , 27.479,    0.357
Ba Cl N W       , 28.349,     0.43
Ca F O Ta       , 28.701,    0.459
Br F O Te       , 28.228,    0.419
Cl F N O        ,  26.03,    0.236
F O Si Y        , 26.496,    0.275
As Ni P Sr      , 27.904,    0.392
B I N Sr        , 30.057,    0.572
B Ba F N        , 28.969,    0.481
F Ga O Sr       , 29.299,    0.509
Al F O Sr       , 27.377,    0.348
Ba Cl O V       , 27.177,    0.332
Cl O Sr V       , 28.029,    0.403
Cd Cl O V       , 27.497,    0.358
B Ca F N        , 29.113,    0.493
B F N Sr        ,  29.77,    0.548
B Ca Cl N       , 28.284,    0.424
B Cl N Sr       ,  28.96,    0.481
Bi Cl O V       , 26.903,    0.309
Nb O Se Sm      , 29.337,    0.512
La O S Ti       , 26.192,    0.249
B F Gd O        , 29.246,    0.504
Cl N P Ta       , 28.255,    0.422
La O Se Ti      , 27.453,    0.355
Ag Ge I Se      , 30.505,     0.61
Er F O Si       , 29.807,    0.551
F O P Sb        , 26.496,    0.275
Ce Cl O Si      , 27.146,    0.329
Ce Cl O P       , 27.298,    0.342
Mo N O Sm       , 27.826,    0.386
Cl O Si Sr      , 26.754,    0.296
Br Cs F Nb      , 31.656,    0.706
Cl Na Nb O      , 27.753,     0.38
F O P Zn        , 26.196,     0.25
Al F O Si       , 25.632,    0.203
Cr Cu S Se      , 26.472,    0.273
Cr Cu Se Te     ,   27.8,    0.384
Cr Fe S Se      ,  26.36,    0.263
Cr Hg S Se      , 28.902,    0.476
Cr S Se Zn      , 27.165,    0.331
I Nb Te         ,  30.64,    0.621
Ce Cr O Se      , 28.241,    0.421
Pb S Sn Te      , 27.935,    0.395
Cr Mo S Se      , 27.855,    0.388
Mn Mo S Se      , 27.819,    0.385
Ag Hg I S       , 29.763,    0.548
Mo N Na O       , 26.755,    0.296
N Nb O Sr       ,  28.03,    0.403
Ca N Nb O       , 27.331,    0.344
B Cl O Zn       , 26.181,    0.249
F O Te Xe       , 30.258,    0.589
Ba N O Zn       , 25.711,    0.209
Cu I O Sr       , 27.396,     0.35
Bi I O Te       , 27.674,    0.373
Cu F O Sr       ,  27.08,    0.324
Cl Nd O         , 32.463,    0.773
B Be F O        , 29.488,    0.525
Ca Cl Fe O      ,  25.32,    0.177
Cu Ga Se Te     , 28.969,    0.481
Fe K S Se       , 26.332,    0.261
C Cl N S        , 25.553,    0.196
Cl F Sb Te      , 28.697,    0.459
As Cl F Te      , 28.327,    0.428
F O S Te        , 26.326,    0.261
Br Cl S Sb      , 27.784,    0.382
Hg I Pb S       , 29.553,     0.53
Ba O S V        , 26.512,    0.276
Bi Cl O Ta      , 27.441,    0.354
Bi Br Nb O      , 28.403,    0.434
Bi Br O Ta      , 28.654,    0.455
Gd N O Si       , 27.163,     0.33
Br Co O Sr      , 28.446,    0.438
Cl Li N Zr      ,  29.22,    0.502
B Br O Pb       , 27.935,    0.395
Ce O Si Te      , 27.808,    0.384
Ce O Se Si      , 27.728,    0.378
Ge K N O        , 26.783,    0.299
La O S V        , 27.222,    0.335
As Cl F S       , 27.025,    0.319
B Cl F O        , 27.142,    0.329
Cl O Sb Te      , 26.331,    0.261
Cl F Ge O       , 27.627,    0.369
Ba Br Cl Sr     , 30.199,    0.584
B Cl Fe O       , 25.345,    0.179
C Cs N S        , 27.168,    0.331
Er O S U        , 30.705,    0.626
Cu F O W        , 26.607,    0.284
Cl Cr F K       ,  28.45,    0.438
Cl Cs Cu I      , 28.922,    0.477
B Cu I O        , 26.704,    0.292
F O S Se        , 26.241,    0.254
F O Rb V        , 30.877,    0.641
Br N S V        , 28.355,     0.43
As C F S        , 26.579,    0.282
Cl Na O Y       , 26.772,    0.298
C F Mn O        , 26.162,    0.247
Cl Ga N S       , 27.589,    0.366
C Cl N P        , 26.195,     0.25
Ga O S Tl       , 28.644,    0.454
Ba Cl Mn O      , 26.372,    0.264
Bi I O Pb       , 27.435,    0.353
Br Cl Cr Cs     , 29.975,    0.565
Cl O S Sn       , 25.264,    0.172
C Cl O Pd       , 26.837,    0.303
O S Se Zr       , 26.064,    0.239
B Cr I O        , 27.782,    0.382
C F Ge S        ,  28.04,    0.404
C F Ge Se       , 29.221,    0.502
Cl La O Ta      , 28.389,    0.433
F Gd Ge O       , 29.696,    0.542
Ba N O Ta       , 27.441,    0.354
Ba N Nb O       , 27.178,    0.332
N O Sr Ta       , 28.285,    0.424
Cl F O S        , 25.626,    0.202
F La O Sb       , 27.883,    0.391
Cl Nd O Ta      ,  30.62,    0.619
Br F S Sb       , 28.627,    0.453
F O P           , 26.217,    0.252
As Br F Se      , 29.429,     0.52
As Br F S       , 28.256,    0.422
F K Np O        , 32.091,    0.742
Br Hg O         , 30.007,    0.568
Ba Bi I O       , 27.645,    0.371
Au C Cl S       , 27.203,    0.334
C Cl Cu O       , 24.085,    0.074
Ba Cl O W       , 27.127,    0.328
Cl F O Ru       , 28.652,    0.455
Cl O S Ti       , 24.761,     0.13
Ca F O Si       ,  26.92,     0.31
Cl La O Si      , 26.588,    0.282
As Cl K O       , 25.541,    0.195
Cl Mo N P       , 27.283,    0.341
Cl O Pb Si      , 25.636,    0.203
Br O Pb Si      , 26.931,    0.311
B Ca F O        , 27.924,    0.394
F I Sb Se       ,  29.73,    0.545
Mg N P S        , 26.752,    0.296
Ba Cl O Ru      , 28.426,    0.436
Nd O Se Si      , 29.504,    0.526
C F K O         , 26.172,    0.248
C F O Rb        , 29.503,    0.526
Al I Te         , 27.915,    0.393
Ga I Te         , 31.577,    0.699
I In Te         , 28.509,    0.443
Cr Li N O       , 27.402,     0.35
Cl N P Zn       , 26.578,    0.282
B Br Cr O       , 27.841,    0.387
F O S Sn        , 26.189,    0.249
Cl I Mo Na      , 29.631,    0.537
As Cl F Se      , 28.249,    0.421
Br K N Th       , 30.649,    0.622
I Nb Se Te      , 30.568,    0.615
Ge N O Zn       , 26.404,    0.267
F O S Sb        , 25.862,    0.222
Ba Cu I O       , 26.523,    0.277
Br K Re S       , 31.528,    0.695
C Co O S        ,  24.49,    0.107
Ba Cl O Si      ,  25.86,    0.222
Al Ca O S       ,  25.05,    0.154
Al O S Sr       , 25.811,    0.218
Cl O Se Zn      , 25.944,    0.229
Fe La O Se      , 26.512,    0.276
As C F N        ,  26.97,    0.314
Na O S Ti       ,  25.78,    0.215
C I O Y         , 26.573,    0.281
I Pt Ta Te      , 31.958,    0.731
As Ba O Zn      , 25.825,    0.219
F O Pr Sb       , 29.768,    0.548
C I O Pt        , 28.111,     0.41
Br Cl Rb Te     , 32.152,    0.747
Ag Cl O Pb      , 26.525,    0.277
C O Ru S        , 26.716,    0.293
Al Cl O Sr      , 26.494,    0.275
Br O S Ti       ,   26.1,    0.242
C N O Re        , 28.703,    0.459
F Na O W        , 28.289,    0.424
Cl O Re Te      , 29.982,    0.566
Bi Cl Cu O      , 24.978,    0.148
Ag Bi Cl O      , 26.464,    0.272
As F N O        , 25.858,    0.222
Cl K O Re       , 29.649,    0.538
F I N O         , 27.246,    0.337
Cl K Re Se      , 31.521,    0.694
O Pb S          , 24.424,    0.102
La O Se Si      , 27.182,    0.332
C I Mn O        , 26.488,    0.274
Cr F O Sr       , 28.144,    0.412
F O Pb S        , 26.074,     0.24
Cl Cu In O      , 24.415,    0.101
Ba Cl In O      , 25.916,    0.226
F Mn Nb O       , 27.969,    0.398
Ca Cl O S       , 25.537,    0.195
Cl Mo O Te      , 26.748,    0.296
O Pr Se Ta      , 30.766,    0.631
Br Fe O Sr      , 27.348,    0.346
C Cs F O        , 27.452,    0.355
O P S           , 24.577,    0.115
N O S Se        , 25.024,    0.152
Au F O S        , 26.998,    0.317
Cd N P S        , 26.955,    0.313
Cl Cu N O       , 24.273,    0.089
Cl Na O W       , 27.435,    0.353
Cl Cu O Y       , 24.988,    0.149
B Br Co O       ,  27.78,    0.382
B Cl Ni O       , 25.885,    0.224
Ba Br In O      , 27.197,    0.333
B Na O S        ,  26.55,    0.279
Li N O Ta       , 28.656,    0.455
B Cl O Sr       , 27.765,    0.381
Cl F P Sb       , 28.011,    0.401
Cl Ga N Se      , 28.789,    0.466
Mo N O Sr       , 27.314,    0.343
Br Cs F Sn      , 30.941,    0.646
I Nb Se         , 31.176,    0.666
Ba F O Ti       ,  27.04,     0.32
Ce F N O        , 27.937,    0.395
Nd O S Si       , 28.335,    0.428
Er O S Si       , 28.375,    0.432
O Pr Se Si      , 29.112,    0.493
O Se Si Sm      , 27.856,    0.388
Gd O Se Si      ,  28.01,    0.401
As Cu Mn P      , 26.289,    0.257
Cl N O P        , 25.049,    0.154
Ba F O Ta       , 28.555,    0.447
Ba F Nb O       , 28.303,    0.426
I La O Si       , 27.779,    0.382
C Cl O Rh       , 28.269,    0.423
Ce Cl O S       , 26.683,     0.29
C O Ru Se       , 27.953,    0.396
Al F O P        , 25.792,    0.216
B Co I O        , 27.721,    0.377
F O Sb Xe       , 29.856,    0.555
Cl F P Rh       , 30.833,    0.637
Cl Eu O Ti      , 28.862,    0.472
Cl Dy O Ti      ,  29.22,    0.502
N Na O W        , 27.163,    0.331
Ba F O V        , 28.039,    0.404
Cl O Te W       , 27.157,     0.33
F N O Zr        , 26.756,    0.296
Cl La O U       , 29.062,    0.489
Cl O Pr U       , 30.875,     0.64
Cl Nd O U       , 31.245,    0.671
Ba Br O Si      , 27.145,    0.329
K N O W         , 26.511,    0.276
As F N Se       , 27.985,    0.399
Cl Cu I Rb      , 30.876,     0.64
Cl O Re Sr      ,  30.73,    0.628
F Fe Nb O       , 26.825,    0.302
K O S Si        , 24.795,    0.133
B O Se Zn       , 26.785,    0.299
Ba Cl F Sr      , 29.858,    0.555
Bi Cu O Se      ,  25.61,    0.201
Cl N Sb Se      , 27.508,    0.359
Cl La O S       , 26.114,    0.243
Cl Nd O S       , 28.524,    0.444
Er O Se Si      , 29.543,    0.529
Br Cl Cs Re     , 33.141,     0.83
As O Rb Sn      , 29.445,    0.521
As Cs O Sn      , 27.389,    0.349
Br Nb O Te      ,  28.69,    0.458
Cl La N S       , 27.382,    0.349
Br Cs Nb S      , 30.311,    0.593
Cl Hg O Pb      ,   27.6,    0.367
Cl Fe N Se      , 26.416,    0.268
Ba O S Ti       , 25.453,    0.188
Cl Nb O Sc      , 28.835,     0.47
Br Cd P         , 29.029,    0.486
Cl O Sm Ta      , 29.036,    0.487
Cu O Se Sm      , 27.311,    0.343
Ba Cu F Se      , 28.299,    0.425
Cu Mo O S       , 24.548,    0.112
N P S Zn        , 25.898,    0.225
Bi I O Sr       , 28.483,    0.441
Br Nb S Tl      , 30.996,    0.651
Ba Cl Hg O      , 27.808,    0.384
N O W Yb        , 29.341,    0.512
N O Sm Ta       , 28.779,    0.465
Ca N O Th       , 28.553,    0.447
Cl Gd La O      , 28.918,    0.477
Pb Se Sn Te     , 29.121,    0.494
Al Cd O S       , 25.233,    0.169
Cs F O Re       , 31.548,    0.697
F N O Re        , 29.922,    0.561
F K O Se        , 27.218,    0.335
F O Rb Se       , 30.435,    0.604
Cs F O Se       , 28.451,    0.438
Cl I Se W       , 29.673,     0.54
Cr Cs F O       , 28.204,    0.417
Br C I Y        , 29.271,    0.506
N P Se Zn       , 27.173,    0.331
N P Te Zn       , 27.254,    0.338
Ba Br Cl F      , 29.627,    0.536
Cl N Nd S       , 29.688,    0.541
Br Mo O Te      , 27.992,      0.4
Br O Te W       , 28.383,    0.432
C Cl Gd I       ,  29.78,    0.549
Cl F Sm Sr      , 31.092,    0.659
Ca Cl F Sr      , 29.997,    0.567
Cl Mo O Se      , 26.666,    0.289
K N O S         , 24.714,    0.126
N O Rb S        , 28.218,    0.419
B Br Ni O       , 27.168,    0.331
K Mo N O        , 26.092,    0.241
Mo N O Rb       , 29.432,     0.52
N O Rb W        , 29.804,    0.551
Cs Mo N O       , 27.375,    0.348
Cs N O W        , 27.775,    0.382
O Te U          , 30.577,    0.616
Ba F In O       , 26.818,    0.302
C La N O        , 26.057,    0.238
Li N O P        , 27.026,    0.319
Ba Cl F Zn      , 28.391,    0.433
Ba Cl Co F      ,  28.71,     0.46
Mn N O Ta       , 27.096,    0.325
Fe O P Th       , 27.162,     0.33
Cl In K Te      , 27.791,    0.383
Cu O P U        , 26.988,    0.316
Cl I Te W       , 29.747,    0.546
Cl Pb S Sb      , 26.963,    0.314
Br N O Pr       , 29.658,    0.539
As Nb Te Tl     , 30.916,    0.644
O S Sm Ta       , 28.414,    0.435
Ba Cl Cu F      , 27.729,    0.378
Cl F K Re       , 31.768,    0.715
Fe O P Pr       , 27.876,     0.39
Ce O P Ru       , 29.559,    0.531
Fe O P Sm       , 26.562,     0.28
Co La O P       , 27.013,    0.318
Ca Cu F O       , 26.356,    0.263
Cu Gd O Se      , 27.468,    0.356
Cu Dy O Se      , 28.998,    0.484
B I Mn O        , 27.746,    0.379
B Br Mn O       , 27.805,    0.384
Ba Cl O Os      , 30.662,    0.623
Cl S W          ,  26.69,    0.291
Cl Fe O W       , 25.582,    0.198
Br Lu O Ta      ,  31.54,    0.696
Cl O Pr Si      , 28.558,    0.447
Be Cl I Zr      , 31.037,    0.654
B Cl I Zr       , 29.577,    0.532
F O Os Sb       , 31.068,    0.657
Ba F O Sc       ,  28.98,    0.482
Cl La O V       ,  27.87,    0.389
Br Mo Te        , 30.042,    0.571
C N O Pr        , 28.065,    0.406
C N Nd O        , 28.472,     0.44
C N O Sm        ,  26.76,    0.297
C Eu N O        , 28.112,     0.41
As Br Hg        , 29.519,    0.527
As Cl Hg        ,   30.1,    0.576
Br Hg S Sn      ,  29.71,    0.543
Cl F Pb         , 28.659,    0.455
Br Gd O Si      , 28.648,    0.454
Al O Sr Te      , 27.171,    0.331
Li N Nb O       , 28.405,    0.434
Cl Cr O Si      , 25.534,    0.194
Br Cr O Si      , 26.834,    0.303
As Cl F O       , 26.143,    0.245
Cl Re Te        , 31.904,    0.726
Br Re Te        , 32.954,    0.814
Al Br N Se      ,  28.07,    0.406
Ba Cl O Tl      , 28.401,    0.434
Cu O P Th       ,  27.27,    0.339
As Cu O Th      , 27.153,     0.33
In Mn S Se      ,  27.05,    0.321
Cd In S Se      , 27.712,    0.376
Br Nd O Te      , 30.883,    0.641
Nb S Ta Te      , 29.837,    0.554
Cl Re Se Tl     , 33.229,    0.837
Cl Re S Tl      , 32.195,    0.751
Cl Cs Re S      , 31.537,    0.696
F N O W         , 27.091,    0.325
C N P Se        , 26.798,      0.3
Br Cl La O      , 28.031,    0.403
Cl Mo S Se      , 27.531,    0.361
Cl S Se W       , 27.928,    0.394
Cl O Si Sm      , 27.277,     0.34
Mg N O Zr       , 26.639,    0.287
Er N O Si       , 28.741,    0.462
Ba Cl F Ni      , 28.118,     0.41
As Cd Cl        ,   27.6,    0.367
Cl Cu O V       , 25.749,    0.212
N O Sr W        , 27.715,    0.377
Cu La O P       , 25.968,    0.231
Cl N Pr S       , 29.299,    0.509
Br Hg Pb S      , 29.609,    0.535
C Hg N Se       , 28.538,    0.445
Nd O P Zn       , 29.037,    0.487
La O P Zn       , 26.674,     0.29
As Nd O Zn      , 28.927,    0.478
Cl Cu S Te      , 26.215,    0.251
Cl Hg O Sr      , 28.642,    0.454
Fe In S Se      , 25.865,    0.222
Ce I S Si       , 29.131,    0.495
K O Te V        , 27.508,    0.359
Mn N Nb O       ,  26.83,    0.303
Eu F Nd O       ,  32.88,    0.808
Al Cd O Te      , 26.622,    0.285
Al Ca O Te      , 26.449,    0.271
Ni Se Ta Te     , 29.409,    0.518
Cu La O S       , 25.321,    0.177
B Cl Eu O       , 29.552,     0.53
La Nd O S       , 29.774,    0.549
Ba S Se V       ,  28.59,     0.45
Ag Br O W       ,  28.37,    0.431
Br O P Sr       , 28.145,    0.412
Au Br Cl K      , 29.735,    0.545
Cr Hg O S       , 26.848,    0.304
O S Sm Ti       , 26.891,    0.308
Cu La S Te      ,  27.57,    0.364
Cu S Sm Te      , 28.235,     0.42
La O S Si       , 25.908,    0.226
As Cd Ce O      , 28.125,    0.411
Cl Hf N Na      , 30.245,    0.588
Br Cs Re S      , 32.598,    0.784
Cs I Re S       , 32.547,     0.78
Br Cs Re Se     ,  33.62,     0.87
Cs I Re Se      , 33.571,    0.866
Br Cl Pb Tl     , 30.752,     0.63
Cl Nd O Te      ,  29.76,    0.547
Cl Gd O Te      ,  28.28,    0.424
Ce Cl S Si      , 27.997,      0.4
I La S Si       , 28.611,    0.451
Br Rb Re S      , 34.343,     0.93
Cl F Na Nb      , 30.007,    0.568
Ba Br O Pr      , 30.482,    0.608
F La O Si       , 27.468,    0.356
O Pr Si Te      , 29.188,      0.5
F O Rb S        , 29.302,    0.509
Bi Er I O       , 30.599,    0.617
As Cl Hg O      , 27.012,    0.318
Cl O Pb W       , 26.913,     0.31
Cl Cu O Te      , 25.305,    0.175
Br Cu O Te      , 26.616,    0.285
O Pb S Sb       , 25.386,    0.182
As Fe O Pr      , 27.761,     0.38
La Nb O S       , 27.493,    0.358
Nd O S Ti       , 28.595,     0.45
Nd O Se V       , 30.665,    0.623
O Se Sm V       , 29.082,    0.491
Mo Ni S Se      , 27.182,    0.332
Nd O Si Te      , 29.579,    0.532
O Si Sm Te      , 27.935,    0.395
Nb O S Sm       ,  28.16,    0.414
Br Cl Cr S      , 27.887,    0.391
Cd Ge N O       , 27.442,    0.354
Cu In Se Te     , 27.331,    0.345
F O Ru Sr       , 30.045,    0.571
F O S Y         , 26.021,    0.235
F Gd Nd O       , 31.867,    0.723
Bi Cl O Pr      , 29.091,    0.491
Bi Cl Nd O      , 29.483,    0.524
Bi Cl O Sm      , 27.834,    0.386
Bi Cl Eu O      , 29.136,    0.495
Bi Cl Gd O      , 27.988,    0.399
Bi Cl O Tb      ,  29.19,      0.5
Bi Cl Dy O      , 29.491,    0.525
Bi Cl O Y       , 26.176,    0.248
Bi Cl Ho O      , 30.053,    0.572
Bi Cl Er O      , 29.522,    0.527
Bi Cl O Tm      , 30.583,    0.616
Bi Cl O Yb      ,  28.97,    0.481
Bi Cl Lu O      , 29.298,    0.509
Bi Br O Pr      , 30.238,    0.587
Bi Br Nd O      , 30.616,    0.619
Bi Br O Sm      , 29.031,    0.486
Bi Br Eu O      , 30.282,    0.591
Bi Br Gd O      , 29.179,    0.499
Bi Br O Tb      , 30.334,    0.595
Bi Br Dy O      , 30.623,    0.619
Bi Br O Y       , 27.445,    0.354
Bi Br Ho O      , 31.165,    0.665
Bi Br Er O      , 30.653,    0.622
Bi Br O Tm      , 31.677,    0.707
Bi Br O Yb      , 30.122,    0.578
Bi Br Lu O      , 30.437,    0.604
Bi I La O       , 28.326,    0.428
Bi I O Pr       , 30.184,    0.583
Bi I Nd O       , 30.562,    0.614
Bi I O Sm       , 28.974,    0.482
Bi Eu I O       , 30.227,    0.586
Bi Gd I O       , 29.122,    0.494
Bi I O Tb       , 30.279,    0.591
Bi Dy I O       , 30.569,    0.615
Bi I O Y        , 27.385,    0.349
Bi Ho I O       , 31.112,     0.66
Bi I O Tm       , 31.625,    0.703
Bi I O Yb       , 30.067,    0.573
Bi I Lu O       , 30.383,    0.599
O Pr S Si       , 27.926,    0.394
Cl Nd O Si      , 28.958,     0.48
Cu O Pr S       , 27.383,    0.349
F S Yb          ,  32.99,    0.817
Dy F O Si       , 29.776,    0.549
F Ho O Si       , 30.333,    0.595
I Nb Ta Te      , 31.476,    0.691
Cu S Te         , 25.425,    0.185
Ba N O W        , 26.853,    0.305
Ba Mo N O       , 26.439,     0.27
Ca F S Sm       , 29.872,    0.557
Ce F S Sr       , 30.396,      0.6
Cl F K Nb       , 29.418,    0.519
Cl Cs F Nb      , 30.562,    0.614
Bi Cl Nb O      , 27.178,    0.332
Ga S Se V       , 29.444,    0.521
Ba Cl Co O      , 26.346,    0.262
Cr S Se Tl      , 29.473,    0.523
Br Ce S Sb      , 29.578,    0.532
Br La S Sb      , 29.066,    0.489
Gd O Se Ti      , 28.273,    0.423
O Pr Se         , 29.837,    0.554
C Eu N S        , 28.934,    0.478
C N S Sr        , 27.106,    0.326
Ba C N S        , 26.224,    0.252
As Cu Ho P      , 30.226,    0.586
As Cu Er P      , 29.698,    0.542
Cl O Si Y       , 25.583,    0.199
Cl Mn O Sr      , 27.249,    0.338
N Nd O Ti       , 28.958,     0.48
La N O Zr       , 27.224,    0.336
La N O Ti       , 26.588,    0.282
Ba N O V        , 26.903,    0.309
O S Tb Ti       , 28.292,    0.425
F O Sr Ti       , 27.896,    0.392
Cl O Pb Te      , 26.539,    0.278
Pb S Se Sn      , 27.856,    0.388
Bi F O V        , 27.773,    0.381
Eu F La O       , 30.813,    0.635
Ce F O S        ,  27.56,    0.364
F La O S        ,  27.01,    0.318
F K O Te        , 27.299,    0.342
F O P Sr        , 27.778,    0.382
Dy F O S        , 29.354,    0.513
Cu F Se Sm      , 29.599,    0.534
Ho O S Si       , 28.927,    0.478
Cl Ho O Te      , 30.325,    0.595
F Hf O Rb       , 32.327,    0.762
F O Rb Zr       , 30.539,    0.612
B Cl O Pr       , 29.507,    0.526
Ce Cu O S       , 25.907,    0.226
Cu Nd O S       , 27.799,    0.384
As Re S         , 29.859,    0.556
Cu La O Se      , 26.623,    0.285
Cl Ni O Te      , 25.731,    0.211
Br Ni O Te      , 27.021,    0.319
N Na S Zr       , 27.689,    0.374
Cl Fe K S       , 25.718,     0.21
Cs O S V        , 27.445,    0.354
F Mo Na O       , 27.896,    0.392
Bi Ca I O       , 27.795,    0.383
Ce Mn O Se      , 28.206,    0.418
Br Cl K Pd      , 30.187,    0.583
Bi Cl O Se      , 26.394,    0.266
Ba F O Pd       , 28.748,    0.463
Ba F Ga O       , 28.485,    0.441
Na O P S        , 25.653,    0.204
K O S Ti        , 25.092,    0.158
Ca F O V        , 28.187,    0.416
Cl Cu Hg S      , 27.288,    0.341
Cl Hg I S       , 29.159,    0.497
Br Hg I Te      ,  31.47,     0.69
Br Hg I S       , 30.304,    0.593
La O S Sb       , 26.347,    0.262
In La O S       , 25.963,     0.23
N Nd O W        , 29.848,    0.555
Cl Fe Li O      , 26.476,    0.273
Ba Br O Re      ,  31.07,    0.657
Br Cu Hg S      , 28.508,    0.443
C Ca F O        , 26.675,     0.29
Cd Pb S Se      , 28.267,    0.423
Cd S Sn Te      , 28.451,    0.438
Cr Mn S Se      , 27.523,    0.361
Cu Ge P Se      , 28.051,    0.405
Eu S Se Sr      , 31.458,    0.689
Fe Mn S Se      , 26.322,     0.26
Ga P S Zn       , 27.746,    0.379
Ga P Se Zn      , 28.939,    0.479
Li Mn Se Te     , 30.242,    0.588
S Sn Te Zn      , 27.451,    0.355
Se Sn Te Zn     , 28.657,    0.455
Ca Pb S Se      , 28.104,    0.409
Cd Se Te Zn     , 29.057,    0.489
Bi Ni S Te      , 26.998,    0.317
Ag S Sb Se      , 27.774,    0.382
As Cd Ga S      , 28.623,    0.452
As Cd Ga Te     , 29.856,    0.555
As Cd Ga Se     , 29.782,    0.549
As Cd In S      , 26.965,    0.314
As Ga Te Zn     , 28.905,    0.476
As In Se Zn     , 27.182,    0.332
Ag F Nb O       , 28.318,    0.427
Cd Mn Se Te     , 29.392,    0.517
Cd Pb Se Te     , 29.514,    0.527
Cd Se Sn Te     , 29.616,    0.535
Cu Ge P S       , 26.818,    0.302
Ge Pb S Se      , 28.595,     0.45
Ge Pb S Te      , 28.672,    0.456
Ge Pb Se Te     , 29.828,    0.553
Ge Se Sn Te     , 29.929,    0.561
Pr S Se Sm      , 31.861,    0.723
Bi F K O        , 26.996,    0.317
Cl O Pr Ta      , 30.243,    0.588
F Na Np O       , 32.632,    0.787
Ag Cl O Te      , 26.772,    0.298
C Er N O        , 28.512,    0.443
C Cl O Sb       , 25.161,    0.163
Cl N O Ti       ,  25.18,    0.165
F O Sr Y        , 28.189,    0.416
Cl Mn S Sb      , 26.829,    0.303
F Fe O Pb       , 25.861,    0.222
Br Ca Cl N      ,   28.7,    0.459
Br Ca I N       , 29.807,    0.551
Ga N O Zn       , 26.658,    0.288
F N Na Zr       , 29.154,    0.497
Cl O Se Tb      , 29.395,    0.517
Cu La O Te      , 26.706,    0.292
B Br O Zn       , 27.451,    0.355
Cl Mo O Pb      , 26.501,    0.275
Br Cl Hg S      , 29.215,    0.502
Ba Bi F O       , 27.332,    0.345
Bi Pb S Se      ,  27.69,    0.374
Ca F Nb O       , 28.449,    0.438
Cu F S Sr       , 27.933,    0.395
Ba F Fe O       , 26.084,     0.24
Ba Co F O       , 27.234,    0.336
B Cl Co O       , 26.527,    0.277
As Hg S Sb      , 28.084,    0.407
Cu Eu O Se      , 28.638,    0.454
Br Cd Sb Se     , 29.863,    0.556
Bi Br In Se     , 28.973,    0.482
Br In Sb Se     , 28.839,     0.47
Br In S Sb      , 27.641,     0.37
Cl In S Sb      , 26.381,    0.265
Bi Cu O S       , 24.253,    0.088
Bi Cu O Te      , 25.696,    0.208
Ag Br I S       , 29.328,    0.511
Bi Br Cl S      , 27.923,    0.394
Ca N O Ta       , 27.592,    0.366
As Fe Nd O      , 28.172,    0.415
As Fe La O      ,  25.73,    0.211
Ba Cu Se Te     ,   28.1,    0.409
Fe La O P       , 25.854,    0.221
As F Fe Sr      , 28.304,    0.426
As Ce Fe O      , 26.306,    0.259
As Fe O Sm      , 26.441,     0.27
F Mn O Sr       , 28.109,    0.409
N O P Sr        , 26.631,    0.286
Bi Br Cl Tl     ,   30.7,    0.626
As La O Zn      , 26.554,     0.28
As O Y Zn       , 25.547,    0.196
As La Ni O      , 26.262,    0.255
Al N Nb O       , 26.063,    0.239
Cl I O Pb       , 27.069,    0.323
Eu N O Ta       , 30.041,    0.571
Bi F O Y        , 27.069,    0.323
B Br P S        , 28.312,    0.426
B I P S         , 28.254,    0.422
Dy S Te         , 31.135,    0.662
As Ce F O       , 28.042,    0.404
Bi F O Pb       ,  27.12,    0.327
Bi Se Te Tl     , 30.704,    0.626
As Co La O      , 26.895,    0.308
As Gd Ni O      , 27.118,    0.327
Ag Br S Sn      , 28.715,     0.46
Cd Cl O Pb      , 26.837,    0.303
Co La O Se      , 27.644,    0.371
Ca Cl N Sr      , 28.938,    0.479
Br Ca N Sr      , 30.091,    0.575
Bi Cl O Te      , 26.478,    0.273
As Co Nd O      ,  29.24,    0.504
As Ba O Ti      , 25.974,    0.231
Ge N O Si       , 26.269,    0.256
Br Cl Cs Cu     , 28.979,    0.482
As Co O Sm      , 27.576,    0.365
As Ba Fe P      , 26.532,    0.278
Fe Nd O Se      , 28.888,    0.475
Ag F O V        , 28.054,    0.405
Ag F Mo O       ,  27.61,    0.368
I Se Ta         ,  30.73,    0.628
C F O S         , 25.155,    0.163
Ag Cl Mo Se     , 28.797,    0.467
Bi Cu I S       , 27.122,    0.327
Cl F K Sn       , 28.647,    0.454
Al Cl O S       , 24.175,    0.081
Al Cl N P       ,  26.18,    0.248
Cl Ga N P       , 28.184,    0.416
Cl O Pb Re      , 29.761,    0.547
Ga N O Sr       , 28.214,    0.418
Br S Ta         , 28.501,    0.442
Ba O S Zn       , 25.302,    0.175
Cd Cl O Te      , 27.081,    0.324
C F O Ru        , 28.232,     0.42
Ba F S Sn       ,  28.34,    0.429
Ba F Se Sn      ,  29.51,    0.526
F Se Sn Sr      , 30.296,    0.592
F S Sn Sr       , 29.158,    0.497
As F O Xe       ,   29.5,    0.526
Ba F Sb Se      ,  29.22,    0.502
F Sb Se Sr      , 30.015,    0.569
Cd Cl S Sb      , 27.497,    0.358
Br Cd S Sb      , 28.708,     0.46
Bi Cd Cl S      , 27.638,     0.37
Bi Br Cd S      , 28.843,    0.471
Bi Br Cd Se     , 29.993,    0.567
Bi Cd I Se      , 29.938,    0.562
Br Cl O Pb      ,  27.13,    0.328
Br C Mn O       ,  26.55,    0.279
Bi Cl Mn S      , 26.973,    0.315
C O S           , 23.692,    0.041
C O Se          , 25.079,    0.157
Mo N O Y        , 26.168,    0.247
B Br K O        , 27.815,    0.385
B Bi F O        , 27.507,    0.359
Ba Se Sn Te     , 29.319,     0.51
Ce Cl Fe S      , 27.347,    0.346
Br Ce Fe S      , 28.564,    0.447
Ce Fe I S       , 28.506,    0.443
Br Cl N Sr      , 29.367,    0.515
Br I N Sr       ,  30.45,    0.605
Br Mn S Sb      , 28.069,    0.406
Bi Br Mn Se     , 29.382,    0.516
Br Mn Sb Se     , 29.249,    0.505
Cu Eu F S       ,  29.71,    0.543
Cu F Se Sr      , 29.118,    0.494
Cu Eu F Se      , 30.827,    0.636
N O Si Sr       , 26.476,    0.273
Eu N O W        , 29.505,    0.526
As Ca F O       , 26.954,    0.313
N O Sc Zr       , 27.947,    0.396
Ag Br Te        , 30.063,    0.573
I Pb S Sb       , 28.139,    0.412
Ba Fe I S       , 27.285,    0.341
Br F O Sb       , 27.796,    0.383
Mg N O Ta       , 27.561,    0.364
F O Pb Sc       ,  28.78,    0.466
C Cl F Si       , 27.209,    0.334
F O Te Ti       ,  27.07,    0.323
F O Te V        , 28.068,    0.406
Ba N O Si       , 25.572,    0.198
Ba C Cl O       , 25.605,      0.2
Na O S V        , 26.826,    0.302
As Cu O Sm      , 26.553,     0.28
As Ce Ni O      , 26.827,    0.302
N O Sc Ta       , 28.827,    0.469
Cl In O Se      , 25.862,    0.222
Ce Fe O Se      , 27.072,    0.323
La Mn O Se      , 27.669,    0.373
F In O Te       , 26.849,    0.304
F Fe O S        , 24.697,    0.125
As Hg I S       , 29.005,    0.484
Ce Fe O S       , 25.792,    0.216
Fe O Pr S       , 27.274,     0.34
Br O P Pb       , 27.083,    0.324
Mn O Pr Se      , 29.567,    0.531
Al Ca Cl O      , 25.753,    0.213
Ce F S Y        ,  29.37,    0.515
Ga Se Ta Te     , 31.117,    0.661
Ag O P Th       , 28.637,    0.454
Ag As O Th      , 28.525,    0.444
Fe O Pr Se      , 28.488,    0.441
Fe O Se Sm      , 27.203,    0.334
Ag F O S        , 26.311,    0.259
Cu F Sr Te      , 29.194,      0.5
Ag F S Sr       , 29.268,    0.506
Ag F Se Sr      , 30.402,    0.601
Ag F Sr Te      , 30.475,    0.607
Ba Cu F S       , 27.078,    0.323
Ag Ba F S       , 28.454,    0.438
Ag Ba F Se      , 29.618,    0.536
Ca N O Si       , 25.735,    0.211
F O P V         , 27.366,    0.347
C Mn O S        , 24.518,     0.11
Bi Cs Se Te     , 30.012,    0.568
Ba F Mn O       , 27.259,    0.339
I O P Pb        , 27.023,    0.319
F O Pb V        , 27.832,    0.386
As Ga Mn N      , 28.353,     0.43
As In Mn N      , 26.678,     0.29
Ag S Sn Te      , 28.157,    0.413
Br Cd Hg S      , 30.096,    0.575
In S Se Sn      , 27.293,    0.341
Ba Br Eu F      , 32.588,    0.783
Co F O Sr       , 28.084,    0.407
Hf N O Ta       , 29.478,    0.524
Fe Na O Se      , 26.106,    0.242
As Ca F Fe      , 27.611,    0.368
Br Hg Se Zn     , 30.291,    0.592
N Nd O V        , 29.892,    0.558
Br Ca O Si      , 27.298,    0.342
Ag Au S Se      , 28.835,     0.47
Cl K O Tc       , 28.901,    0.476
Cu P S Se       , 26.083,     0.24
B Ba Cl F       , 29.224,    0.503
As Ce O Ru      ,  29.45,    0.521
Eu N O Ti       , 28.604,    0.451
Bi F Fe O       , 25.799,    0.217
B Ba Cl O       , 26.904,    0.309
As Fe P Sr      , 27.404,    0.351
As F Sr Zn      , 29.055,    0.488
As Ba F Zn      , 28.234,     0.42
Ba Cd F P       , 29.316,     0.51
As Ba Cd F      , 29.207,    0.501
F Mn P Sr       , 29.499,    0.526
As F Mn Sr      ,  29.39,    0.516
Ce F Mn N       , 29.648,    0.538
Ag Ga S Se      , 29.043,    0.488
As I O Pb       , 26.904,    0.309
Br O Pb Sb      , 27.353,    0.346
I O Pb Sb       , 27.293,    0.341
Bi Br O Pb      , 27.495,    0.358
Fe I O Sb       , 25.981,    0.232
Cl Fe O Sb      , 24.703,    0.125
Br Fe O Sb      , 26.044,    0.237
I Mn O Sb       , 27.161,     0.33
Br Mn O Sb      , 27.221,    0.335
Bi Cl Mn O      ,  26.09,    0.241
As Br O Pb      , 26.965,    0.314
B Ba Br O       , 28.141,    0.412
Fe O Se Te      , 25.814,    0.218
Fe S Se Tl      , 28.354,     0.43
As Cl Ga Hg     , 29.942,    0.563
Bi La O Se      , 27.741,    0.379
Co F O P        , 26.541,    0.279
Cl F O Pb       ,  26.75,    0.296
Eu N O Si       , 28.344,    0.429
Eu O Se         , 29.881,    0.557
Ba Br O P       , 27.296,    0.342
Pb S Se Te      , 27.985,    0.399
F Hg O Te       ,  28.68,    0.457
Br Cd I Rb      , 33.383,     0.85
Ge Sb Se Te     , 29.643,    0.538
Cl O P U        , 27.734,    0.378
F Mn Ni O       , 26.254,    0.255
Ce N O Ti       , 27.146,    0.329
N O Pr Ti       , 28.558,    0.447
F Na O Ti       , 27.348,    0.346
Fe O S Sr       ,  25.38,    0.182
Fe O Se Sr      , 26.679,     0.29
Cl Eu O Sr      , 30.179,    0.582
La N O Ta       , 28.127,    0.411
Ce N O Ta       , 28.656,    0.455
N O Pr Ta       , 29.997,    0.567
F O Sr V        , 28.865,    0.473
F Mg O Ti       , 27.162,     0.33
F Nb O Zn       , 27.616,    0.368
F Nb O Ti       , 27.755,     0.38
F Mg O Zr       , 27.785,    0.382
F Fe O Ti       , 25.489,    0.191
F Ho O Se       , 31.029,    0.653
As Ce Mn O      , 27.472,    0.356
Bi Br Fe S      , 27.073,    0.323
Bi Cl Hg S      , 28.379,    0.432
Bi Cl Hg Te     , 29.622,    0.536
As Fe La N      , 27.015,    0.318
As Co La N      , 28.126,    0.411
As La N Ni      , 27.522,     0.36
Ba N O Ti       ,  25.86,    0.222
F O Re Xe       ,  33.12,    0.828
Bi La O S       , 26.493,    0.275
Br C F Ge       , 29.833,    0.553
Br F Rb Sb      , 32.514,    0.777
Cl Cs O Xe      , 30.277,    0.591
Cl O Rb Xe      , 32.149,    0.747
Br F Na Pb      , 30.294,    0.592
Cl F Rb Sb      ,  31.45,    0.688
Br F Sb Se      , 29.785,    0.549
As Br F Te      , 29.504,    0.526
F Ge O Yb       , 30.623,    0.619
As F I Te       , 29.448,    0.521
Ba Cl O Sb      ,   26.3,    0.258
As Cd I P       , 28.861,    0.472
As Br Cd P      , 28.918,    0.477
Fe N O S        , 23.399,    0.016
C N S Sn        , 26.118,    0.243
F N W           , 28.315,    0.427
F I O Sb        , 27.737,    0.378
F I O           , 28.669,    0.456
F O Sb U        , 28.835,     0.47
B Br Cu O       , 26.765,    0.297
Al N Nd O       , 28.458,    0.439
F Mo O Sb       , 27.182,    0.332
F O Re Sb       ,  30.37,    0.598
C O Os S        , 29.083,    0.491
Cl N S          , 25.321,    0.177
Cl F K Te       , 28.772,    0.465
Br Nb Se        , 61.778,    1.283
F O Tl U        , 30.763,    0.631
Br Cl Cr Rb     , 31.865,    0.723
Cl Cr I Rb      , 31.813,    0.719
F O Pb Ta       , 28.352,     0.43
F Nb O Pb       , 28.098,    0.409
F O Ti Yb       , 29.512,    0.527
F O Pb Y        , 27.129,    0.328
Cl N Sc         , 30.627,     0.62
Ca O P S        , 25.488,    0.191
I N Rb          , 31.056,    0.656
Cs I N          , 29.114,    0.493
As Br Na O      , 27.485,    0.357
Cr Nd O S       , 28.837,     0.47
F O Pb W        , 27.783,    0.382
As F I Se       , 29.373,    0.515
F I Sb Te       , 29.804,    0.551
Ce Cl O Ta      , 28.913,    0.477
In S Se Zn      , 26.685,    0.291
La N O W        , 27.554,    0.363
Al Cl F Sr      , 28.846,    0.471
As Cd F O       , 27.124,    0.327
As Bi Ni S      , 26.146,    0.246
F O Rb W        , 30.834,    0.637
Cl Nd O P       ,   29.1,    0.492
F K Mo O        , 27.262,    0.339
Br Hg S Tl      , 31.315,    0.677
Br Hg Se Tl     , 32.377,    0.766
Al Eu N O       , 28.099,    0.409
As Cr La O      , 26.957,    0.313
Cl Ge O Pb      , 27.181,    0.332
Cl O Pu Rb      , 34.666,    0.957
Cl Cs O Pu      , 32.938,    0.813
F Ni O Sr       , 27.479,    0.357
Cl Ni O Sr      , 26.599,    0.283
Bi O S          , 24.358,    0.096
Ag Fe S Te      , 26.775,    0.298
F Fe O Se       , 26.031,    0.236
Ba F Fe S       , 26.968,    0.314
Ba F Fe Se      , 28.194,    0.417
Ca Fe O Se      , 25.943,    0.229
B Ca I N        , 29.406,    0.518
Ba Cl N P       , 27.291,    0.341
Ba I N P        , 28.453,    0.438
C F O Sr        , 27.391,     0.35
Ba C F O        , 26.518,    0.277
F O Pb Ti       , 26.825,    0.302
Co F K O        , 26.897,    0.308
Cl Cs Ga Se     , 30.475,    0.607
Cu S Sb Se      , 26.363,    0.264
Li N O V        , 28.142,    0.412
Cl Ni O Se      , 25.645,    0.204
B Cd F O        , 28.088,    0.408
As Mn Nd O      , 29.263,    0.506
Br O Sr V       , 29.218,    0.502
Ag Ce O S       , 27.342,    0.345
Br Ni O Se      , 26.939,    0.312
F O Os          , 34.838,    0.971
As Br Cd Hg     , 30.538,    0.612
Br Cs I Pd      , 32.321,    0.761
Cl Cs I Pd      ,  31.25,    0.672
Br Fe O Te      , 26.504,    0.276
Cl Fe O Te      , 25.188,    0.166
Ag C F O        , 26.535,    0.278
Cl Nb Se        , 30.119,    0.577
B F N O         , 26.868,    0.306
Al C Cl N       , 25.769,    0.214
Ba Cl O Ta      , 27.709,    0.376
F K N O         , 26.345,    0.262
Dy O S Sn       , 29.038,    0.487
Br O Te Zn      , 27.305,    0.342
F Ga O Te       , 28.514,    0.443
F Fe O Te       , 26.115,    0.243
Cl Lu O Se      , 29.502,    0.526
Ca O S Zn       , 25.466,    0.189
C N O Y         , 25.031,    0.152
Ba Cu F Te      , 28.377,    0.432
Ga Li N O       , 28.587,    0.449
Ba Br O Ru      , 29.599,    0.534
Ca Mo N O       , 26.596,    0.283
Ba Br F I       , 30.701,    0.626
Br C N          , 27.072,    0.323
C Cl N          , 25.784,    0.215
N O V           , 27.351,    0.346
Bi Cl Cu Se     , 27.175,    0.331
F Nd O Ta       , 31.388,    0.683
Er N O Zr       , 29.582,    0.532
La N Nb O       , 27.871,     0.39
La N O V        , 27.603,    0.367
Ba Br Eu I      , 32.851,    0.805
F O Os Xe       , 33.761,    0.881
Cl O Sb Zn      ,  25.56,    0.197
Cd Cl O Sb      , 26.631,    0.286
Br O Pb Te      , 27.792,    0.383
As Br F O       , 27.414,    0.351
Ba Ga N O       , 27.368,    0.348
Cl O Pu Te      , 32.189,     0.75
Ce Cl O Te      , 28.001,      0.4
Cl O Te Zr      , 26.823,    0.302
Br O Te Zr      , 28.063,    0.406
Ca Cl Ge O      , 27.545,    0.362
Cl La O Pb      , 27.218,    0.335
Br La O Pb      , 28.441,    0.437
La Ni O P       , 26.383,    0.265
F K O Tc        , 29.713,    0.543
F Mo O Y        , 27.334,    0.345
Cl Mo O Y       , 26.449,    0.271
O S U Yb        , 30.175,    0.582
O S U Y         , 27.503,    0.359
N O Pr Zr       , 29.152,    0.497
N Nd O Zr       , 29.543,    0.529
N O Sm Zr       , 27.897,    0.392
Cl K Re S       , 30.429,    0.603
As Cd Cl O      , 26.232,    0.253
B F O Pb        , 27.566,    0.364
Br Ce O Te      , 29.191,      0.5
C Co N S        , 25.837,     0.22
C Cl Co N       , 26.519,    0.277
Ba Cl Ga S      , 28.473,     0.44
Ba Br Ga S      , 29.644,    0.538
Ba Cl Ga Se     , 29.637,    0.537
Ba Cl In Se     , 28.039,    0.404
Ba F In Se      , 28.875,    0.473
Ce F O Se       , 28.761,    0.464
Bi F S Sr       ,   29.0,    0.484
Li Mn O S       , 26.981,    0.315
Ag Nb S Te      , 28.941,    0.479
Ag S Te V       , 28.683,    0.457
F Hf K O        , 29.319,     0.51
La O Se Zn      , 27.312,    0.343
Ba F In S       , 27.679,    0.374
F O Sc Se       , 28.932,    0.478
B Cl Na O       , 27.214,    0.335
B F K O         , 27.445,    0.354
Ba Hg S Se      , 29.191,      0.5
Ca Fe O S       , 24.605,    0.117
Cd Ce O Se      , 28.842,    0.471
B Br Na O       , 28.438,    0.437
Ca Co O S       , 25.821,    0.218
Ba Co O S       , 25.659,    0.205
I O Pb V        , 28.139,    0.412
F I Na O        , 28.437,    0.437
F O Sc Te       , 29.008,    0.485
As F O Sr       , 27.663,    0.372
As Ba Cl O      , 25.896,    0.225
Eu N Nb O       , 29.801,    0.551
As Cl O Sr      , 26.789,    0.299
Br C F Te       , 29.249,    0.505
C Cl F Te       , 28.062,    0.406
C F O Te        , 26.549,    0.279
C Cu F O        , 25.054,    0.154
B I O Pb        , 27.876,     0.39
Fe S Te         , 25.191,    0.166
O S Si Y        , 24.875,    0.139
Cl Hg In P      , 28.474,     0.44
As Bi Cl Hg     , 28.847,    0.471
Cl Li N Ti      , 28.628,    0.453
Cl N Na Ti      , 27.715,    0.377
Cl K N Ti       , 27.076,    0.323
Cl N Rb Ti      , 30.308,    0.593
B Br Mg N       , 29.433,     0.52
C Eu F N        , 30.339,    0.596
B Br N Sr       , 30.112,    0.577
B Eu I N        , 31.715,    0.711
Mg N Nb O       , 27.299,    0.342
Ba Cu S Te      , 26.869,    0.306
Au Cl P S       , 27.593,    0.366
B Cl K O        , 26.563,     0.28
Ba Br Cl N      , 28.555,    0.447
Ba Br I N       , 29.667,     0.54
B Br Fe O       , 26.654,    0.288
Ce Cl Nd O      , 30.858,    0.639
Cl Cs Dy S      , 31.333,    0.679
Cl Cs Ho S      , 31.863,    0.723
Cl Cs Dy Se     , 32.395,    0.767
Cl Cs Ho Se     , 32.908,     0.81
Cl Cs Dy Te     , 32.463,    0.773
Cl Cs Ho Te     , 32.975,    0.816
Cl Hg In S      , 27.885,    0.391
Fe N O Ti       , 24.234,    0.086
As La O Ru      , 28.936,    0.479
As Nd O Ru      , 31.128,    0.662
As O Ru Sm      ,  29.57,    0.531
As Gd O Ru      , 29.715,    0.544
B Cl Cm O       , 33.684,    0.875
Cl In O Te      , 25.947,    0.229
C Cl N Sb       , 26.474,    0.273
I P Sn          , 28.571,    0.448
F Li O Re       , 31.829,     0.72
F K O Re        , 30.441,    0.604
Ca I O P        , 27.388,    0.349
As Ba O Ta      , 27.548,    0.363
F O Sb Tc       ,  29.64,    0.537
F O Tc Xe       , 32.452,    0.772
As Cl Hg S      , 27.866,    0.389
As Br Hg S      , 29.062,    0.489
As Br Hg Se     , 30.204,    0.584
As Hg I Se      , 30.149,     0.58
C Cl F I        , 28.563,    0.447
Cl Cr Sm Te     , 29.861,    0.556
Cl Cr Gd Te     , 30.005,    0.568
Cl Cr Tb Te     , 31.129,    0.662
Ce O Se Ti      , 27.994,      0.4
Nd O Se Ti      , 29.754,    0.547
O Se Sm Ti      ,  28.12,     0.41
Cl Os Re Se     , 35.181,      1.0
F N O Pb        , 26.471,    0.273
Cl N Nb P       ,   28.0,      0.4
Cl N P Ti       , 26.723,    0.294
Cl N P Zr       , 27.356,    0.347
Cl S Si Sm      , 28.123,    0.411
Cl K Nb O       , 27.115,    0.326
Cl Nb O Rb      , 30.343,    0.596
Cl In Nb O      , 26.661,    0.289
Cl Ho O Se      , 30.252,    0.588
C I O Rh        , 29.392,    0.517
Cl O Te Zn      , 26.029,    0.236
Gd Nb O S       , 28.312,    0.426
F K O Zr        , 27.335,    0.345
C N S Si        , 25.342,    0.178
I Mn Sb Se      , 29.193,      0.5
Br Cs Mo S      , 29.651,    0.538
Br Cs Mo Se     , 30.771,    0.632
Cl O Ru Sr      , 29.242,    0.504
Li N O S        , 26.404,    0.267
Ce O Se Zn      , 27.856,    0.388
Cu F O Te       , 26.229,    0.252
F O Sc Sr       , 29.781,    0.549
Bi Cu I Se      , 28.341,    0.429
F I O Rb        ,  30.97,    0.648
Cl Co O P       , 25.629,    0.202
Cl Na O Pr      , 29.628,    0.536
I Se Ta U       , 32.238,    0.754
Ag Br I Te      , 30.532,    0.612
As Br Li S      , 29.219,    0.502
As I Li S       , 29.162,    0.497
As I Li Se      ,   30.3,    0.592
Cl N Nb O       , 26.531,    0.278
Ba I P          , 28.668,    0.456
Dy O S Si       , 28.342,    0.429
Gd O S Si       , 26.775,    0.298
O S Si Tm       , 29.478,    0.524
Hg N O          , 26.626,    0.286
Ag Cl Se Te     , 28.832,     0.47
C Cl Eu N       , 29.545,    0.529
C Cl N Sr       , 27.757,     0.38
Mn Nd O Se      , 29.954,    0.564
La Mn O S       , 26.418,    0.268
Cs Gd N Te      , 30.865,     0.64
Cl F K Pb       , 28.542,    0.446
Br F K Pb       ,  29.71,    0.543
Cl F Na Pb      , 29.149,    0.496
Cl K O Pr       , 29.032,    0.487
Cl Eu O Si      , 28.605,    0.451
B Ba N O        , 26.628,    0.286
Br Nb Rb S      , 32.181,    0.749
C I N Y         , 27.819,    0.385
B O P Sr        ,  27.72,    0.377
Br O Ta Te      ,  28.94,    0.479
B Ba O P        , 26.858,    0.305
As B O Sr       , 27.604,    0.367
As B Cs P       , 29.076,     0.49
O S Si Yb       ,   27.8,    0.384
Lu O S Yb       , 31.261,    0.673
Br Cl K W       , 29.467,    0.523
Bi I K O        , 27.313,    0.343
As B Ba O       , 26.738,    0.295
B Cl Mn O       , 26.553,     0.28
Ag I O V        , 28.359,     0.43
Cl O Te V       , 27.207,    0.334
Cl Mo O S       , 25.365,     0.18
Br Gd I Na      , 32.099,    0.743
Cu I S Te       , 27.423,    0.352
Cl N Si W       , 27.535,    0.362
Cl N Si Ti      , 26.568,    0.281
Cl Nb O Ti      , 26.884,    0.307
Cu I S Sb       , 26.978,    0.315
Ca N O W        , 27.008,    0.318
Br Cu S Te      , 27.483,    0.357
Ba Cl O Sm      , 28.098,    0.409
Bi Cl K O       ,   26.1,    0.242
Bi Br K O       , 27.373,    0.348
Cl Nb P S       , 27.624,    0.369
Cl Mo O Tl      , 28.394,    0.433
As Ba Nb O      , 27.286,    0.341
Br Na O W       , 28.648,    0.455
Cl O Pr S       , 28.118,     0.41
Br La N O       , 27.766,    0.381
Er F O Sr       , 31.321,    0.678
Cl Cs O Ru      , 29.299,    0.509
Ag Cl Cr O      , 26.426,    0.269
O Pr S Ti       ,  28.19,    0.416
As O Sr Ta      , 28.389,    0.433
Gd O Si Te      , 28.089,    0.408
O Se Si Tb      , 29.211,    0.502
Ce O S Si       , 26.481,    0.274
As K Nb O       ,  26.95,    0.313
Cl Cs Mo O      , 27.645,    0.371
Al F Ge O       , 27.177,    0.332
B Br Eu N       , 31.767,    0.715
Ag Cl O Si      , 25.877,    0.223
Cl Gd O S       , 26.975,    0.315
F Gd O S        , 27.844,    0.387
Br Cu Mo O      , 26.578,    0.282
Cl Cs Nb S      , 29.167,    0.498
Br Re Se        , 32.819,    0.803
Cl Re Se        , 31.765,    0.715
Ca O P Se       , 26.782,    0.299
O P S Sr        , 26.236,    0.253
Ba O P S        , 25.324,    0.177
As Hg I Sn      , 30.103,    0.576
Br Cr O P       , 26.987,    0.316
Cr I O P        , 26.926,    0.311
F N O U         , 28.363,    0.431
Dy O Se Si      , 29.512,    0.527
Ho O Se Si      , 30.074,    0.574
F Mn O Si       , 26.412,    0.268
Cl Hf O S       , 27.564,    0.364
F La O Se       , 28.235,     0.42
F I O Te        , 28.169,    0.415
F Gd O Se       , 29.033,    0.487
Ba Br F Pb      , 30.016,    0.569
Ba F I Pb       , 29.961,    0.564
Ba Cl Eu F      , 31.526,    0.695
As Cl Hg Ti     , 28.571,    0.448
As Br Hg Ti     , 29.738,    0.546
As Cl Hg Mo     , 29.096,    0.492
Cu I P Se       , 27.942,    0.396
Cl Hg P Ti      , 28.683,    0.457
N O Si Yb       , 28.174,    0.415
B Br I P        , 30.034,     0.57
As Br Cr Hg     , 29.971,    0.565
Cl O S Ta       , 26.408,    0.267
As Cl Hg Tl     , 30.649,    0.622
Cs F O Te       , 28.528,    0.444
Al Bi Cl Te     , 27.551,    0.363
Dy F O Se       , 30.484,    0.608
Cl Hg O P       ,  27.13,    0.328
As Br Hg O      , 28.244,    0.421
Br Cu Hg Se     , 29.671,     0.54
Ag Br Hg S      , 29.818,    0.552
Al Cl O Sn      , 25.482,     0.19
I Pr S Si       , 30.451,    0.605
I Nd S Si       , 30.826,    0.636
I S Si Sm       , 29.252,    0.505
I S Si Tb       , 30.545,    0.613
Br Hg P Sn      , 30.264,    0.589
As Br Hg Sn     , 30.158,    0.581
As Cl Hg Sn     , 29.007,    0.484
Cl Hg P Sn      , 29.117,    0.494
Cl F Sb Xe      , 31.209,    0.668
Br Gd S Si      , 29.455,    0.522
Br La S Si      , 28.668,    0.456
Br Nd S Si      , 30.879,    0.641
Br Pr S Si      , 30.505,     0.61
Br S Si Sm      , 29.308,     0.51
F Ge O V        , 28.676,    0.457
Ag Bi Cl S      , 27.335,    0.345
Cl La S Si      , 27.455,    0.355
Cl Pr S Si      , 29.368,    0.515
B N O Sr        , 27.497,    0.358
B La N O        , 27.335,    0.345
Ag Bi Cl Se     , 28.546,    0.446
Cl Mo N         ,  27.95,    0.396
Br F N O        , 27.306,    0.342
Cl Hf Hg Se     , 31.683,    0.708
Br Hg Se Zr     , 30.976,    0.649
Cl Hg Se Zr     , 29.857,    0.555
Cl Hg S Zr      , 28.701,    0.459
Ag I S Sb       , 28.359,     0.43
Hg O Se         , 28.328,    0.428
B Cl N P        , 27.466,    0.356
C Cl Hg N       , 27.973,    0.398
Cl Nd S Si      , 29.756,    0.547
Br Ce N S       , 29.118,    0.494
Br La N S       , 28.598,     0.45
Br N Nd S       , 30.813,    0.635
Br N Pr S       , 30.438,    0.604
Cl Nd O Se      , 29.686,    0.541
Cl Er O Se      , 29.725,    0.544
C Ca N S        , 26.383,    0.265
Na Ni O S       , 25.328,    0.177
Cu Na O S       , 24.895,    0.141
Co Na O S       , 25.984,    0.232
Cl N O V        , 26.249,    0.254
B Cl Er O       , 29.932,    0.562
B Cl La O       , 27.604,    0.367
B Ce Cl O       , 28.143,    0.412
Bi K S Se       , 27.569,    0.364
Bi Br O Se      , 27.654,    0.371
Cu Hg I S       , 28.451,    0.438
I Li S Sb       , 29.522,    0.527
Ba Ca Cl F      , 29.202,    0.501
Ba Br Ca F      , 30.345,    0.596
Br Cu P Se      , 28.001,      0.4
C F N S         , 26.468,    0.272
Ag As Cl Hg     , 29.118,    0.494
C Cl La N       , 27.597,    0.367
B I Mg N        , 29.377,    0.515
B Cl Mg N       , 28.253,    0.422
Ag Bi Br S      , 28.553,    0.447
As Br Hg Yb     , 32.479,    0.774
N Pr Se Si      , 30.254,    0.589
Gd O S Ti       ,  27.05,    0.321
Al Bi Cl S      ,  26.21,    0.251
Al Bi Cl Se     ,  27.47,    0.356
Ba Ge Se Te     , 30.021,    0.569
Br In Se        , 28.489,    0.441
Cl In S         , 25.998,    0.233
F Hg O P        , 27.994,      0.4
Cu I S Si       ,  26.55,    0.279
Br Cu S Si      , 26.612,    0.284
Br Cu Ge S      , 28.103,    0.409
Cu Ge I S       , 28.045,    0.404
As Cu I S       , 26.584,    0.282
As Br Cu S      , 26.646,    0.287
Cu I P S        , 26.705,    0.292
Cl Cu P S       , 25.463,    0.189
Cu Ge I Se      , 29.226,    0.503
Cu I Se Si      , 27.794,    0.383
Cl N Na W       , 28.643,    0.454
Ba O P Se       , 26.626,    0.286
Ag S Te         , 28.284,    0.424
Bi I Mn Se      , 29.326,    0.511
Cl Nb O Tl      , 29.083,    0.491
Br Nb O Tl      ,  30.23,    0.587
Bi Br Mn S      , 28.207,    0.418
Br S V          , 27.984,    0.399
As Br Cu Hg     , 28.974,    0.482
Ag Cl Ge S      , 28.251,    0.421
Ag Br Ge S      , 29.431,     0.52
Br Cu O Sb      , 26.158,    0.247
Cl Cu O Sb      , 24.823,    0.135
Br Mo Rb Se     , 32.614,    0.786
Br Mo Rb Te     , 32.682,    0.791
Ag Br Cl Te     , 29.452,    0.522
Ag Cl S Te      , 27.634,     0.37
Ba Cl F Na      , 29.346,    0.513
Br Co O Te      , 27.637,     0.37
Cl Co O Te      , 26.376,    0.265
Au Cl F P       , 29.063,    0.489
As F Fe O       , 25.233,    0.169
Cl O Si Tb      , 28.659,    0.455
Cl Dy O Si      , 28.966,    0.481
Cl Gd O Si      , 27.434,    0.353
Br Fe N O       , 25.521,    0.193
O Rb Sb Te      , 29.921,    0.561
Cl Cu O Pb      , 25.043,    0.153
Cl F O P        , 26.265,    0.256
N Nd O Si       , 28.701,    0.459
Cl Hg O W       , 28.195,    0.417
Cl O Tl W       , 28.779,    0.465
Ce I N O        , 28.243,    0.421
I La N O        , 27.706,    0.376
Ce O P Zn       , 27.231,    0.336
O P Pr Zn       , 28.639,    0.454
Ce Cu O Te      , 27.262,    0.339
Cu Nd O Te      , 29.067,    0.489
As Cl La O      , 26.622,    0.285
Ag Cl P S       , 26.921,     0.31
As Cl Nd O      ,  28.99,    0.483
C Eu I N        , 30.621,    0.619
I O Sm          , 30.488,    0.608
F Np O P        , 31.794,    0.717
Ag F O P        , 26.935,    0.311
C Dy N O        , 28.479,     0.44
C Ho N O        , 29.061,    0.489
C N O Tm        , 29.609,    0.535
C N O Yb        ,  27.94,    0.395
Cl Co O Se      , 26.293,    0.258
Br Co O Se      , 27.557,    0.363
As Cd Hg I      , 30.484,    0.608
Cl Ga O Re      , 30.771,    0.632
Cl N O Re       , 29.116,    0.494
N O Pr Se       , 29.042,    0.487
N O P Zn        , 24.976,    0.148
F Lu O Se       , 30.298,    0.592
Cs I Mo Se      , 30.717,    0.627
Cl Nb S Tl      , 29.878,    0.557
Br N Nd Se      , 31.892,    0.725
Ba Cl N Ta      , 28.907,    0.476
Cl Fe La S      , 26.792,      0.3
Br Fe La S      , 28.034,    0.403
Fe I La S       , 27.975,    0.398
Br Li P S       , 29.328,    0.511
I Li P S        , 29.272,    0.507
Cl Li P S       , 28.144,    0.412
O P Y Zn        , 25.672,    0.206
Gd O P Zn       , 27.518,     0.36
O P Sm Zn       , 27.361,    0.347
Dy O P Zn       , 29.045,    0.488
Cl O Se Sm      , 28.048,    0.404
Cl Eu O Se      , 29.342,    0.512
Cl Gd O Se      , 28.201,    0.417
Cl Dy O Se      , 29.694,    0.542
Cl O Se Tm      , 30.779,    0.632
Cl O Se Yb      , 29.177,    0.499
Cl O Se Sr      , 27.541,    0.362
Cl O Sr Te      , 27.621,    0.369
Cl Cu O W       , 25.697,    0.208
Ag Bi Br Se     , 29.714,    0.544
F O S Tc        , 28.821,    0.469
Br C Cl Pr      , 30.873,     0.64
Ag Br Se Te     , 29.989,    0.566
Br Co O Sb      , 27.196,    0.333
Ag I O Se       , 27.877,     0.39
Ag I O Te       , 27.956,    0.397
B Ba Cl N       , 28.136,    0.412
Ce Nb O S       , 28.034,    0.403
Ce O Se         , 28.488,    0.441
Nd O Se         , 30.219,    0.586
O Se Sm         , 28.612,    0.452
Cl P S Ta       , 27.883,    0.391
Cl O Re S       , 28.755,    0.463
F Mo O Sm       , 28.926,    0.478
Eu F Mo O       , 30.181,    0.582
F Gd Mo O       , 29.074,     0.49
F Mo O Tb       , 30.233,    0.587
Dy F Mo O       , 30.523,    0.611
F Ho Mo O       , 31.067,    0.656
Er F Mo O       , 30.554,    0.614
F Mo O Tm       ,  31.58,    0.699
F La Mo O       , 28.277,    0.424
Br Gd O Se      , 29.384,    0.516
Cu Eu F Te      , 30.899,    0.642
Ag Ba F Te      , 29.693,    0.542
K O S V         , 26.165,    0.247
Cs N Tb Te      , 31.959,    0.731
Cl Hg Te U      , 31.376,    0.682
As Cl Hg U      , 30.646,    0.621
O Os P Pr       , 32.931,    0.812
Ba N O Os       ,  30.42,    0.602
N Nd O Se       , 29.436,     0.52
Ce N O Se       , 27.655,    0.372
Ba N O Re       , 29.706,    0.543
As Cl Cu S      , 25.337,    0.178
Ag Cr I O       , 27.624,    0.369
C F La N        , 28.446,    0.438
K Se Sn Te      , 29.006,    0.484
I La N Na       , 30.029,     0.57
Ce I N Na       , 30.525,    0.611
I N Na Pr       , 31.787,    0.717
I N Na Nd       , 32.146,    0.747
F O Se Yb       , 29.981,    0.566
Er F O Se       , 30.515,     0.61
F O Se Tm       , 31.543,    0.696
Cl Dy Mo O      , 29.734,    0.545
Cl Er Mo O      , 29.765,    0.548
Cl Eu Mo O      , 29.382,    0.516
Cl Gd Mo O      , 28.244,    0.421
Cl Ho Mo O      , 30.292,    0.592
Cl Lu Mo O      , 29.542,    0.529
Cl Mo O Sm      , 28.091,    0.408
Cl Mo O Tb      , 29.435,     0.52
Cl Mo O Tm      , 30.818,    0.636
Cl Mo O Yb      , 29.217,    0.502
Cl P Se Ta      , 29.071,     0.49
Cl Nb P Se      , 28.822,    0.469
Ce Cl N S       , 27.924,    0.394
C N O Sr        , 26.227,    0.252
B F O Yb        , 30.187,    0.583
B F Li O        , 28.976,    0.482
Br In O Te      , 27.227,    0.336
Ag O P Se       , 26.642,    0.287
Ag O P Te       , 26.725,    0.294
Cl Mo Nd O      , 29.726,    0.545
B F La O        , 28.453,    0.438
Cl Eu O P       , 28.748,    0.463
Er F O S        , 29.385,    0.516
N O Pr Si       , 28.298,    0.425
Eu F S          , 33.281,    0.841
As Ce Cl O      ,  27.18,    0.332
Cl P S Ti       , 26.329,    0.261
Ag As I O       , 27.134,    0.328
Hg I S Zn       , 29.096,    0.492
Cl Hg S Zn      , 27.961,    0.397
In K Se Te      ,  28.36,     0.43
N O Se Tb       , 29.142,    0.496
La N O S        , 25.829,    0.219
Cl La Mo O      , 27.423,    0.352
Ce Cl Mo O      , 27.964,    0.397
Cl Mo O Pr      , 29.337,    0.512
Cl N O Sn       , 25.674,    0.206
Br Cs S Tc      , 31.919,    0.728
Br Cs Se Tc     , 32.962,    0.815
B F O Pr        , 30.303,    0.593
As Br Hg In     , 29.537,    0.529
As Cl O Pr      ,  28.59,     0.45
Ag Cl O W       , 27.143,    0.329
B Er F O        , 30.717,    0.627
Cl Li O P       , 27.298,    0.342
Br Li O P       , 28.518,    0.444
B Eu F O        , 30.346,    0.596
I Mo Nb O       , 28.597,     0.45
C Dy I O        , 29.844,    0.554
Bi Br Cu Se     , 28.399,    0.434
Al F K O        , 26.158,    0.247
Ag O S Te       , 26.097,    0.241
I Mo Te         , 29.987,    0.566
B F O Tm        , 31.738,    0.713
As Br La O      , 27.871,     0.39
As Fe Gd O      , 26.603,    0.284
As Fe O Tb      , 27.865,    0.389
B Dy F O        , 30.687,    0.625
F O S Tb        , 29.052,    0.488
F Ho O S        , 29.919,    0.561
F Nd O S        , 29.346,    0.513
F O S Sm        , 27.689,    0.374
As Br O Pr      , 29.757,    0.547
Cl Cu P Se      , 26.758,    0.297
Br O Pb Se      , 27.712,    0.376
I O Pb Se       , 27.653,    0.371
C Li N O        , 26.627,    0.286
As Cl In O      , 25.059,    0.155
As Br In O      , 26.383,    0.265
Cl Cs Mo S      ,  28.48,     0.44
Cd Cl I O       , 27.601,    0.367
Cl O Ta Te      , 27.739,    0.379
Cl O Se Y       , 26.404,    0.267
F O Xe          ,  32.65,    0.789
Bi I In Se      , 28.916,    0.477
La S Se         , 27.583,    0.366
Br Cl O Sr      , 28.189,    0.416
O Se Sm U       , 30.226,    0.586
C N O Si        , 24.399,      0.1
K Mo O S        , 25.689,    0.207
Mo O Rb S       , 29.075,     0.49
F O S Tl        , 27.996,      0.4
Ba Br O Te      , 27.999,      0.4
Ba O Te Yb      ,  29.84,    0.554
B F Na O        , 28.075,    0.407
Bi Br O W       , 28.092,    0.408
Bi Cl O W       , 26.853,    0.305
Mn O Se Sr      , 27.829,    0.386
F O Pr S        , 28.952,     0.48
Br La Mo O      , 28.637,    0.454
Br Ce Mo O      , 29.156,    0.497
Cl Ga Sb Te     ,  29.33,    0.511
Br Mo O Pr      , 30.475,    0.607
Br Mo Nd O      ,  30.85,    0.638
Br Mo O Sm      , 29.277,    0.507
Br Gd Mo O      , 29.424,    0.519
Br Mo O Tb      ,  30.57,    0.615
Br Dy Mo O      , 30.857,    0.639
Br Ho Mo O      , 31.395,    0.684
Br Er Mo O      , 30.887,    0.641
Br Mo O Tm      , 31.903,    0.726
Br Mo O Yb      ,  30.36,    0.597
Br Lu Mo O      , 30.673,    0.624
B F Ho O        , 31.228,     0.67
Cl O Tb W       , 29.808,    0.551
B F Nd O        ,  30.68,    0.624
Ba In S Te      , 27.475,    0.357
Ba In Se Te     ,  28.68,    0.457
Cl Cr O Te      ,  26.44,     0.27
B Ce F O        , 28.976,    0.482
B Cl O Tm       ,  30.98,    0.649
B Cl Dy O       , 29.901,    0.559
B Cl Gd O       ,  28.42,    0.435
B Cl Ho O       , 30.456,    0.605
B Cl O Tb       , 29.605,    0.534
As Cl Hf Hg     , 31.031,    0.653
Cl Hf Hg P      , 31.135,    0.662
As Cl Hg Zr     , 29.164,    0.498
Cl Hg P Zr      , 29.274,    0.507
B Eu N O        ,   29.3,    0.509
As Cl Eu O      , 28.637,    0.454
As Cl Gd O      , 27.467,    0.356
As Cl O Sm      ,  27.31,    0.343
Cl La O P       , 26.742,    0.295
Cl O P Pr       , 28.702,    0.459
B F O Tb        , 30.398,    0.601
Bi Br Cl O      ,  27.07,    0.323
Cd Cl O Se      ,   27.0,    0.317
Al Br Sb Se     , 28.547,    0.446
Co F O Sb       , 26.817,    0.302
F Ni O Sb       , 26.182,    0.249
Cl Ga Sb Se     , 29.254,    0.505
Cl Ga S Sb      , 28.074,    0.407
Ce F Mo O       , 28.803,    0.467
F Mo O Pr       , 30.137,    0.579
F Mo Nd O       , 30.516,     0.61
Al Cl Nb Se     , 28.436,    0.437
Cl Dy O W       , 30.102,    0.576
Cl Ho O W       , 30.653,    0.622
Cl Er O W       , 30.133,    0.578
Cl O Tm W       , 31.173,    0.665
Cl O W Yb       , 29.592,    0.533
Cl Lu O W       , 29.913,     0.56
Ba I O P        , 27.236,    0.337
I O P Sr        , 28.086,    0.408
Ba Cl In S      , 26.805,    0.301
Cl K O U        , 28.075,    0.407
Cs Fe O S       , 25.445,    0.187
Gd N O Te       , 28.017,    0.402
Gd N O Se       , 27.938,    0.395
Ba Fe O S       , 24.435,    0.103
C Ca N O        , 25.479,     0.19
Ba Br N P       , 28.511,    0.443
Bi Cl Ga Se     , 29.386,    0.516
Bi Cl Ga Te     , 29.461,    0.522
Al I Sb Te      , 28.567,    0.448
O P Te U        , 28.382,    0.432
Br Dy O W       , 31.212,    0.669
Br Er O W       , 31.242,    0.671
Br Gd O W       , 29.796,     0.55
Br Ho O W       , 31.744,    0.713
Br O Tb W       , 30.928,    0.645
Br O Tm W       , 32.247,    0.755
Br O W Yb       , 30.721,    0.628
Cl Ga P Se      , 29.002,    0.484
Al Cl P Se      , 27.059,    0.322
Al Cl Sb Se     , 27.329,    0.344
Br O W Y        , 28.101,    0.409
As Au O Sm      , 28.602,    0.451
As Au Nd O      , 30.209,    0.585
As Cl Pr S      , 29.399,    0.517
Eu I O          , 32.832,    0.804
F N O Sb        , 26.263,    0.255
Fe Nd O S       , 27.693,    0.375
Cl Cs Fe Se     , 28.244,    0.421
F La N Si       , 28.676,    0.457
F O Pr Se       , 30.098,    0.576
F Nd O Se       , 30.477,    0.607
F O Se Sm       , 28.884,    0.474
F O Se Tb       , 30.194,    0.584
Ce Cs F O       , 29.671,     0.54
Ce F K O        , 28.492,    0.441
Ce F O Rb       , 31.579,    0.699
Ba Br Fe S      , 27.345,    0.346
B O S Sm        ,  27.63,    0.369
Ba Cl S Sb      , 27.177,    0.332
Cr F Nb O       , 28.004,    0.401
Bi O Se Sr      , 27.901,    0.392
O Sb Se Sr      , 27.761,     0.38
Ba Bi O Se      , 27.044,    0.321
Mo S Se Sm      , 29.461,    0.522
Eu Mo S Se      , 30.694,    0.625
La Mo S Se      , 28.824,    0.469
Ag Mo S Se      ,  28.17,    0.415
Cd Cr Se Te     , 29.426,    0.519
Cd Ge S Se      , 29.098,    0.492
S Se Ta Tl      , 30.643,    0.621
Ga S Se Tl      , 30.578,    0.616
Ba Mn Se Te     , 29.092,    0.492
Ba Mn S Se      , 27.826,    0.386
Ga Mo S Se      , 29.021,    0.486
S Sb Se Tl      , 29.375,    0.515
As P Si Zn      , 26.486,    0.274
Ag Ga Se Te     , 30.259,    0.589
Ag In S Se      ,  27.41,    0.351
Ag In Se Te     , 28.695,    0.458
Al S Se Zn      , 26.369,    0.264
As Cd Cr Se     , 28.646,    0.454
As Cd Ge P      , 28.966,    0.481
As Cd P Zn      ,  27.65,    0.371
As Co Ni S      , 26.043,    0.237
As Cr Cu Se     , 26.973,    0.315
As Ge P Zn      , 27.985,    0.399
Bi In S Te      , 27.204,    0.334
Bi In Se Te     , 28.421,    0.436
Bi S Sb Se      , 27.491,    0.358
Bi S Se Te      , 27.927,    0.394
Bi Sb Se Te     , 28.772,    0.465
Cd Ga S Se      , 29.329,    0.511
Cd Hg Se Te     , 30.687,    0.625
Cd S Se Si      ,  27.66,    0.372
Co Cr S Se      , 27.498,    0.358
Cr Se Te        , 28.837,     0.47
Cs Mo S Se      , 29.036,    0.487
Cs S Se W       , 29.413,    0.518
Cu Fe S Se      , 25.221,    0.168
Cu Ga S Se      , 27.697,    0.375
Cu In S Se      , 25.979,    0.232
Cu Nb S Se      , 27.509,    0.359
Cu Nb Se Te     , 28.789,    0.466
Cu S Se V       , 27.237,    0.337
Cu Se Ta Te     , 29.037,    0.487
Cu Se Te V      , 28.529,    0.445
Hg Mo S Se      , 29.184,    0.499
In Ni S Se      , 26.394,    0.266
In S Sb Te      , 27.062,    0.322
In Sb Se Te     , 28.284,    0.424
Li Mo S Se      , 29.341,    0.512
Mo Pb S Se      , 27.948,    0.396
Mo Ru Se Te     ,  30.96,    0.648
Mo S Se Tl      , 29.749,    0.546
Mo Se Te W      , 29.772,    0.548
Ni P S Se       , 26.496,    0.275
S Se Tl         ,  31.27,    0.673
S Se Tl V       , 30.162,    0.581
Se Te Ti        , 28.351,     0.43
S Se Sn         , 27.964,    0.397
Co S Se U       , 29.413,    0.518
Bi Ga S Te      , 28.849,    0.471
Al Cu S Se      , 25.655,    0.205
Ba N O P        , 25.733,    0.211
