vectors,scores,scaled
N O Cu Tl Pb,14.165,0.481
N O P S Cl,9.491,0.071
C N S Rb Hg,15.837,0.628
C N S Cs Hg,17.024,0.732
C O Mn Br Sn,11.429,0.241
F Cl Br Cs Os,16.578,0.693
C N O Cl Sb,10.956,0.2
C N S Rb Bi,16.014,0.643
N O K Cu Sr,14.24,0.488
N O K Ni Sr,13.939,0.461
N O Cu Rb Pb,15.747,0.62
O S Cl Zn Rb,13.044,0.383
O S Cl Zn Tl,11.083,0.211
O S Cl Hg Tl,12.762,0.358
O S Cl Rb Hg,14.497,0.51
C N Br Rb Pt,16.328,0.671
C O Cl Mn In,10.948,0.199
C O Mn Br In,11.408,0.239
C O Mn In I,11.692,0.264
N O K Cu Pb,14.837,0.54
O Al Si Cl Ca,9.29,0.054
B O S Cl K,12.313,0.319
N O K Cu Ba,14.914,0.547
O F Na P K,13.394,0.414
N O K Ni Pb,14.549,0.515
N O K Ni Ba,14.627,0.522
C N Cl Cs Pt,17.186,0.746
O Al Si Br Ag,9.719,0.091
S Cu I Pb Bi,13.804,0.45
N O Cu Cs Pb,16.94,0.725
C N F S Sn,11.612,0.257
C O Cl Mn Sn,10.97,0.201
Be O Si S Mn,9.677,0.088
N O Cl K Ru,13.43,0.417
C N O K V,14.134,0.478
C O Co Br Sn,12.975,0.377
C O Cl Co Ge,12.135,0.303
O F Na Nb Ba,13.746,0.444
C N O K Mn,14.167,0.481
C N O K Cd,13.745,0.444
C N S Cd Hg,12.591,0.343
C N S Cs Pu,19.65,0.962
Be B O F Rb,14.219,0.486
C O Na Mg Cl,10.975,0.201
O F Na S Cl,10.492,0.159
O Na S K Sr,13.985,0.465
O F La Ce Nd,17.458,0.77
N O K Ca Cu,13.712,0.441
O F P Cl Ca,9.91,0.108
F S As Sb I,10.019,0.118
C N P Cl Sb,10.723,0.179
B O Mg Cl Fe,13.387,0.413
O Na Al Si S,9.896,0.107
C N S K Pd,14.426,0.504
O S Cl K Sn,12.224,0.311
O S K Br Sn,12.637,0.347
O Al Si Cl Ba,10.987,0.202
O Al Si Br Ba,11.445,0.243
N F S Co As,12.405,0.327
C O Cl In Re,12.65,0.348
C O Br In Re,13.05,0.383
C O In I Re,13.3,0.405
C N O F S,11.34,0.233
C O Cl Ge Ru,10.628,0.171
O S Cl K W,14.127,0.478
Li S Cl K Fe,16.004,0.642
C N O K Hg,15.087,0.562
O F S As Te,9.539,0.076
C O Mn Ge I,11.242,0.225
C N S Rb Cd,14.564,0.516
C N S Cd Cs,15.846,0.629
O S Zn Ge Ba,11.079,0.211
N O F K Sb,13.435,0.417
C O S Fe Co,15.603,0.607
O Na Al Si Cl,9.887,0.106
N O P Cl Mo,10.966,0.201
C O Ge Br W,12.804,0.362
C O F Ca Bi,13.108,0.388
O Na S Cl Zn,9.978,0.114
O Na Cl Co Mo,13.437,0.417
C O F Si Co,12.689,0.352
O F S Cl As,9.067,0.034
C N O K Re,15.52,0.6
O F S K Mn,13.036,0.382
C O Cl Ru Sn,11.124,0.215
Be B O F K,13.205,0.397
Li O F Sr Ta,14.052,0.471
Li O Al S Cl,9.889,0.106
Li B O S Cl,10.401,0.151
C O Co Br In,12.957,0.375
O F Ti Zn Rb,14.158,0.481
O F Ni Rb W,15.68,0.614
O F Ti Ni Cs,15.481,0.597
O F Ti Cu Cs,15.752,0.62
O F Ti Zn Cs,15.474,0.596
O F Ti Co Cs,17.038,0.733
O F Ti Mn Cs,15.892,0.633
O F Ni Cs Ta,16.781,0.711
O F Co Cs Ta,18.228,0.837
O F Ni Nb Cs,15.9,0.633
O F Zn Nb Cs,15.894,0.633
O F Ni Mo Cs,15.938,0.637
O F Zn Mo Cs,15.931,0.636
O F Mn Mo Cs,16.338,0.672
O F Ni Cs W,16.878,0.719
O F Zn Cs W,16.872,0.719
O F Co Cs W,18.317,0.845
O F Ti Nb Cs,16.268,0.666
C N K I Hg,15.482,0.597
Be B O F Cs,15.53,0.601
O F Si Ti Y,11.311,0.231
Be O F P Ba,11.877,0.281
C O Na S Fe,14.683,0.527
C N S Cl Hg,12.381,0.325
C N S Br Hg,12.789,0.361
C N S K Rh,13.975,0.465
N O Cl K Pt,14.476,0.508
O F Na Mg Ti,11.277,0.228
Be O F P Ca,10.327,0.145
O F P Ca Sr,11.334,0.233
C O S Fe Ge,13.744,0.444
N O F K Te,13.534,0.426
C N S K Hg,14.934,0.549
O F Na Si Y,11.786,0.273
O F Na P Ca,11.188,0.22
O F Rb Zr Cs,18.367,0.85
O F Zr Cs Tl,17.031,0.733
O F K Zr Cs,17.594,0.782
O F K Rb Zr,16.448,0.681
O F K Zr Tl,14.941,0.549
O F Mg Si Ca,9.961,0.112
C O Si Cl Co,12.104,0.3
O S Cl K Cu,12.289,0.317
N O K Co Pb,16.196,0.659
N O Co Rb Pb,17.032,0.733
N F S Ni As,10.162,0.13
O P Cl Ca Sr,10.675,0.175
O F Ti Nb Tl,13.354,0.41
O F Ti W Tl,14.505,0.511
N O K Co Ba,16.266,0.665
N O K Br Hg,14.634,0.522
O F Na Ca Nb,12.432,0.329
O Na S Cl Pb,11.967,0.288
N O K Fe Ce,19.571,0.955
N O Fe Ce Tl,19.067,0.911
N O K Co Ce,18.482,0.86
N O Co Rb Ce,19.219,0.924
N O Co Ce Tl,17.947,0.813
N O K Co Y,15.626,0.609
N O Co Y Tl,14.989,0.553
N O K Ni Ce,17.057,0.735
N O Ni Rb Ce,17.854,0.805
N O Ni Cs Ce,18.915,0.898
N O Ni Ce Tl,16.476,0.684
N O K Ni Y,13.912,0.459
N O K Cu Ce,17.304,0.756
N O Cu Rb Ce,18.09,0.825
N O Cu Cs Ce,19.137,0.917
N O Cu Ce Tl,16.731,0.706
N O Cu Y Tl,13.51,0.424
O Na S Cl K,12.858,0.367
O F Mg Si K,12.388,0.325
O F Na K Ti,13.987,0.466
O F Na K V,13.991,0.466
O F Na K Nb,14.45,0.506
O F Na K Mo,14.491,0.51
O F Mg Ca As,9.94,0.111
N O Na K Co,15.544,0.602
C O Cl Cr As,10.799,0.186
O F S K Sb,12.609,0.345
N O K Ca Ni,13.399,0.414
C O Cl Co Sn,12.573,0.342
C O F Ca Ce,15.784,0.623
C O Na Mg Br,11.433,0.242
C O Na Mg S,10.983,0.202
C N O K Cr,14.456,0.507
C N S Cu Hg,12.881,0.369
O F Na Ti Zn,11.396,0.238
C N S Co Hg,14.425,0.504
O F Na Al As,10.575,0.166
C O Fe Br Hg,15.58,0.605
O F Si Ca Nb,11.274,0.228
N O F S Xe,15.194,0.571
O F K Rb Mo,16.751,0.708
N O P Cl W,12.292,0.317
O F S Rb Sb,13.667,0.438
C N O Cr Co,13.929,0.46
N O P Cl V,10.296,0.142
B C N Cl Ca,11.741,0.269
N O K Cu Cs,17.58,0.781
O F P Ca Nd,12.421,0.328
N O Si Cr Sm,12.541,0.339
O Si Cl Ca Pb,11.449,0.243
O F Mg S As,9.137,0.04
C O P Cl Fe,13.719,0.442
C O Cl Fe As,13.695,0.44
O Na Al S Cl,9.922,0.109
C O Si Cl Os,11.897,0.282
C N S K Pt,15.123,0.565
C N S Rb Pt,16.016,0.644
Cl Cu Rb I Cs,18.09,0.825
C O F La Ce,16.507,0.687
C O F K Rb,16.553,0.691
N P S Cl Sb,9.56,0.077
N F Cl Te W,13.032,0.382
C N S Zn Ag,11.253,0.226
C O Cl Ge Os,11.929,0.285
C O F Ba Ce,16.838,0.716
N O Cl Mo Cs,16.032,0.645
O Cl Cu Br Pb,11.79,0.273
C O K Br Ir,14.747,0.532
O F P K Fe,15.77,0.622
O F Na P Cr,11.618,0.258
O F P K Mn,13.02,0.381
O F P K Cr,13.333,0.408
O F Al P K,12.462,0.332
O F P Ca Ba,12.17,0.306
Li O F Ge Ho,11.768,0.271
N O Cl K Bi,14.473,0.508
C O Cl K Os,14.553,0.515
C O Cl Cs Os,16.691,0.703
O F Na P Fe,14.35,0.497
O F S K Zr,13.16,0.393
N O Cl K Pd,13.746,0.444
C O K Br Os,14.902,0.546
C O S Fe W,15.807,0.625
O F Na Al P,10.607,0.169
O Cl Ca As Pb,11.43,0.241
N Al S Cl Se,9.426,0.066
O Cl Nb Ba Ir,13.883,0.456
O Cl Ru Ba Ta,14.028,0.469
O F Fe Ni Ta,15.534,0.601
O F Fe Ni Nb,14.578,0.517
O F P Ca Cd,10.172,0.131
Li O Al Si Cl,9.854,0.103
O Al Si Cl K,11.855,0.279
O Na Al Si I,10.705,0.178
O Na Cl Ca Cu,11.115,0.214
O Cl Cu Br Ba,11.886,0.281
O F K Ti Cs,17.471,0.771
C N O K Br,13.926,0.46
C O S W Os,14.263,0.49
Li O F Al P,10.577,0.166
N O F S I,11.031,0.206
O Cl K Cr Hg,14.405,0.502
C N S Rb Ag,14.839,0.54
C N S Ag Cs,16.1,0.651
O P Br Sr Eu,12.283,0.316
O Na Si S Pr,12.608,0.345
O F P Sr Eu,12.453,0.331
N O F S K,13.212,0.398
O Cl V Cu As,9.812,0.099
Li O F P Ni,10.638,0.172
O S Cl Ti La,11.112,0.213
O P Cl K Mo,12.973,0.377
O P Cl Rb Mo,14.004,0.467
O Cl Cu La Ta,13.338,0.409
O Cl Ca Cu Nb,11.213,0.222
O F Na P Y,11.797,0.273
O F Na S Ca,11.207,0.222
O Na S Cl Ca,10.54,0.163
O Cl Cu Se Bi,11.452,0.243
O Cu Se I Bi,12.165,0.306
O F Si K Sc,13.167,0.394
O F P Ca Mn,10.736,0.181
S Cl Br I Hg,11.617,0.258
N O Na Al Ge,10.963,0.2
O Na Si Cl Ga,9.987,0.115
O Na Si Ga Br,10.489,0.159
N O Na Si Ga,11.019,0.205
N O F Rb Te,14.525,0.513
O Cl W Pb Bi,15.063,0.56
O F Na Si Ca,11.176,0.219
O F Na P Mn,11.257,0.226
C N S Ni Cs,15.811,0.626
C O F K Ca,13.855,0.454
N O Cl Co Rb,15.572,0.605
C F S Cl As,10.059,0.121
O Cl Cu As Pb,11.305,0.23
O Cl Sr Ba Re,14.347,0.497
O Cl Ca Ba Re,13.823,0.451
Li O Na S K,13.843,0.453
O F S Nb Hg,12.501,0.335
O F S Ta Hg,13.604,0.432
O S Ca Ga La,11.305,0.23
O S Zn Ga La,10.783,0.185
N O Cu Se Pb,12.283,0.316
C O F Mn Te,11.514,0.249
O Cl Fe Ba Pt,16.257,0.665
C O P Cr Br,11.295,0.229
C N S Zn Pb,12.684,0.351
O Na P Cl Zr,10.746,0.181
O Mg Si S Ca,9.214,0.047
O Al Cl Cr Ba,12.105,0.301
O Cl Ca Cs Bi,16.435,0.68
O F Si Y Er,11.892,0.282
C O Cl Sn Re,12.669,0.35
O F Na P Ti,11.209,0.222
Li O Cl Fe Mo,14.878,0.544
O Na K I Au,15.232,0.575
O Na Al Cl Ge,9.925,0.109
O Na Al Ge Br,10.43,0.154
O Na Al Ge I,10.74,0.181
N O Cl Tc Cs,15.595,0.607
B O Cl Ba Ho,12.672,0.35
B O Cl Ba Yb,13.051,0.384
O Cl La Ce Ta,17.093,0.738
C N O Fe Tl,16.137,0.654
S Cl Br Ag Hg,11.466,0.245
N S Cl Se Te,9.735,0.093
O Al Si Ca Br,9.827,0.101
N O Cu Se Ag,10.799,0.186
O F P Ca Sb,10.214,0.135
O Cl Nb Cs Pu,19.351,0.936
C O S Fe Mo,14.799,0.537
O Cu Br I Ba,12.575,0.342
O F Na Si La,12.176,0.307
O F Na Si Gd,13.295,0.405
O Cl Cu As Ag,9.672,0.087
C N F Te Hg,13.281,0.404
C O F S Se,10.361,0.148
O Mg Si Cl Ca,9.204,0.046
C O P Cl Os,11.908,0.283
N O K Br Ru,13.807,0.45
N O K Ru I,14.043,0.47
O Na Al Si Br,10.394,0.15
O F Fe Zn Ta,15.528,0.601
O F Fe Zn Nb,14.571,0.517
C N S Mo Cs,16.619,0.696
O F Cu Y Ba,13.228,0.399
O Na S K Cu,13.34,0.409
O F Na As Sb,10.728,0.18
N S Cl Se Sb,9.597,0.081
N F S As Se,9.978,0.114
O Si Cl Cr Pb,11.87,0.28
N O Al Si Nd,12.189,0.308
N O Na Al Si,10.929,0.197
F Cl Mn Zn Ba,12.21,0.31
O Br Ru Ba Ta,14.39,0.501
C O F P Ca,11.044,0.207
Li C O F S,11.541,0.251
O Cl Ru Ba Pt,13.73,0.443
O S Ni Zr W,12.422,0.328
Li N Cl Mo Ba,13.853,0.454
C O F Ba Sm,14.105,0.476
C O F Ba La,13.981,0.465
C O F Cu Ba,13.01,0.38
O F V Ni Nb,11.505,0.248
C O F Y Ba,13.642,0.435
C O F Ba Gd,14.965,0.551
C O F Na La,13.135,0.391
C O S Co Sn,12.58,0.342
O Cl Ca Cu Bi,12.091,0.299
C O S Fe Se,13.752,0.445
C O S Fe Te,14.051,0.471
F Al Cl K Ba,14.165,0.481
O F Se Nb La,12.304,0.318
F Cl Br Sr Ba,12.984,0.378
Li Be O P Cl,10.147,0.129
Li Be O Cl As,10.113,0.126
B C N Cl Sr,12.353,0.322
C O F Sc Ba,13.335,0.408
C O F Na Eu,13.259,0.402
N O Na Al P,10.941,0.198
C O F K Cu,13.751,0.445
C O F S Pd,11.661,0.262
N O Ca Zr Ta,13.561,0.428
Be B O F Na,11.472,0.245
N Br Nb Cs Pr,18.033,0.82
O F Fe Co Nb,16.222,0.662
Li O Mg S Cr,11.024,0.206
Li O S Cr Zn,11.145,0.216
Li O S Cr Ni,11.154,0.217
Li O Mg Al S,9.953,0.112
O Na Mg S Fe,13.896,0.458
O Na Mg S In,10.365,0.148
O P Cl Sr Eu,11.857,0.279
O P Cl Ca Eu,11.218,0.223
C N O F I,12.052,0.296
F Cl Ca Sr Sm,12.893,0.37
F Cl Br Sr Sm,12.689,0.352
O Cl Ca Cu Sr,11.262,0.227
C O P Cl Cr,10.83,0.189
C O P Cl W,12.376,0.324
C O P Br W,12.785,0.36
C O Cl Sn W,12.825,0.364
O F Zr W U,14.707,0.529
F Cl Mn Ni Ba,12.218,0.31
O F V Sr Nd,13.616,0.433
O F P Sr Nd,13.001,0.379
Li O F Si Sr,11.79,0.273
N O Na Br Pr,13.829,0.452
O P Cl Cu Ba,11.435,0.242
C O F K Gd,15.614,0.608
O F S Sb Cs,15.027,0.557
O Br Cs La Ta,17.666,0.788
Li Be O P Br,10.641,0.172
O F S Ni As,9.293,0.054
O F S Fe As,13.359,0.41
O S Cu Y Ba,12.676,0.351
O S Ca Cu Ba,12.111,0.301
O F K Ti Nb,14.065,0.472
O F P K Ga,12.541,0.339
N O Al Si La,11.46,0.244
N Na I Cs La,17.451,0.769
N O Na Rb W,16.608,0.695
N O Na Cs W,17.744,0.795
C O F S Ir,12.334,0.321
S Cl Ca Ge La,10.882,0.193
Be O Si S Cd,9.047,0.032
O F Cl Sb Te,9.892,0.106
O F Br Sb Te,10.399,0.151
C O F Sb Hg,12.523,0.337
O Al S Ca Sr,10.827,0.188
S K Br Cs Re,18.375,0.85
N O F S Cs,15.536,0.601
O S Cu Ba Hg,13.235,0.4
O F S Cs Au,16.422,0.679
O F S Cs Pt,16.412,0.678
O P Cu Br Ba,11.875,0.28
O Cl Ca Cu Gd,12.804,0.362
O F P Cl As,9.043,0.032
O F S As Gd,12.229,0.311
F Cl Mn Fe Ba,15.536,0.601
O Cl Nb Cs Lu,16.931,0.724
O F Cu Sr Nd,13.488,0.422
O P Cl Ba Eu,12.658,0.349
O F P Fe Sr,14.464,0.507
O S Cu Ga Sr,10.787,0.185
C O F Na Ce,16.143,0.655
Be O S Mn Ge,9.715,0.091
Li N O Ca Mo,12.739,0.356
Li N O Ca W,13.897,0.458
O S Mn Cu Sr,11.34,0.233
O S Cu Zn Sr,10.746,0.181
F Cl Fe Co Ba,16.706,0.704
O Cl Ru Ba W,14.143,0.479
O S Fe Cu Sr,14.414,0.503
O S Cr Cu Sr,11.698,0.265
C F S Cl Sb,10.403,0.151
O S Cu Sr La,12.262,0.314
O F Al P Sr,10.761,0.183
O Cl As Rb Nb,13.936,0.461
O Cl As Nb Cs,15.272,0.578
B Na Cl Zr I,11.875,0.28
O Cl Cu Te Ba,11.823,0.276
N Na Br Cs La,17.262,0.753
O Cl Ca Cu Sm,11.787,0.273
S Cl K Cs Re,18.093,0.826
O Cl Cs Ta Pu,20.081,1.0
O F Al Si Ca,10.04,0.119
O F Sc As Rb,14.169,0.482
O F Sc As Cs,15.484,0.597
C N S Fe Hg,15.796,0.624
C N S Mn Hg,13.051,0.384
Li O Si Cl Ga,9.954,0.112
Li O Si Ga Br,10.457,0.156
Li O Si Ga I,10.767,0.183
Li O Al Cl Ge,9.892,0.106
Li O Al Ge Br,10.399,0.151
Li O Al Ge I,10.71,0.178
O Cl Cu Nb La,12.21,0.31
O Cu Br Nb La,12.624,0.346
O S Ni Cu Sr,10.756,0.182
O S Sc Cu Sr,11.52,0.249
N O Al Si Sr,11.079,0.211
O F Fe In Ba,15.482,0.597
Si S I La Ce,15.682,0.614
O Cl Cs Pb Bi,17.385,0.764
O F Na P V,11.215,0.222
O F P Fe Ba,15.128,0.566
C N S Zn Cd,10.887,0.194
O F Na Si Pu,15.802,0.625
C O F Na Y,12.774,0.359
O Na Si S Sm,11.722,0.267
O Cl Nb La Ce,16.228,0.662
O Cl Nb Ce Pr,16.982,0.728
N O Al Si Y,11.045,0.208
O F Ca Mn La,12.424,0.329
O F Mn Sr La,13.004,0.379
O F Cu Sr La,12.833,0.364
N O Mg P Cs,15.09,0.562
B O F Ga Ba,12.285,0.316
B O F Al Ba,12.205,0.309
N O Si Ti La,12.019,0.293
N O Zn Ge Cd,9.981,0.114
C O F S K,13.291,0.405
O F Rb Sr Nb,15.488,0.597
Li O F Sr Nb,12.987,0.378
O Cl Nb Pb Bi,13.958,0.463
O S Cl Sb Pb,11.062,0.209
N O Al Si Ce,14.812,0.538
S Br Sb La Ce,15.684,0.614
O F Na Ca Ge,11.21,0.222
N O Cl Rb Pd,14.723,0.53
C N S Cl Ba,12.617,0.345
C N Na Mg S,11.727,0.267
N Na S Cl Zr,11.524,0.25
O F Na P Er,11.795,0.273
O F S K Sn,12.803,0.362
N O K Pd Pt,15.448,0.594
C O F Co Ba,14.54,0.514
O F Na Mg P,10.532,0.163
C O F Zn Ba,12.672,0.35
C O F Mn Ba,13.179,0.395
O F K Sr Nb,14.563,0.516
O S Sr Ba Pb,14.015,0.468
O F P Fe Co,15.289,0.58
B Cl Zr I Cs,15.831,0.627
O Cl V Cs Pu,19.011,0.906
O Cl V Rb Pu,17.956,0.814
O F Al Sr Ba,12.882,0.369
O F Al Ca Sr,11.47,0.245
O Rb I Pb Bi,16.735,0.707
O Cl Rb Pb Bi,16.224,0.662
O S K Mn Cd,12.677,0.351
O Na S Cl Cu,10.403,0.151
O F S Rb Pu,17.916,0.81
O S Cu Se La,10.981,0.202
C O F S Cl,10.339,0.146
O S K Ti Y,13.56,0.428
O F Na Si Sm,12.318,0.319
O Cl Ti Pb Bi,13.479,0.421
O F Si S Ca,9.906,0.108
O Cl Mn Nb La,12.39,0.326
Li N O Al Si,10.899,0.195
O Cl Fe Nb La,15.254,0.577
Be O Si S Fe,13.146,0.392
O F Sr Pd Ba,13.863,0.455
N O Sr La Ta,14.737,0.531
N O K Cr Pu,18.042,0.821
O F Ca V Pb,12.736,0.356
C O F S Hg,12.283,0.316
Li O S Ti Y,11.85,0.278
O Cl Co Ba Pt,14.928,0.548
O S Ti Cu La,11.666,0.262
O S Ti Ag La,11.698,0.265
O F Mn Ga Sr,11.623,0.258
O Cl Fe Co Sr,15.803,0.625
O Si S Zn Pb,10.941,0.198
N O P Cl Re,12.13,0.303
O F Ti Y Cd,11.563,0.253
O F Ti Cd Nd,12.661,0.349
O F Ti Cd Eu,12.097,0.3
O F Ti Cd Gd,13.098,0.388
O F Ti Cd Yb,11.956,0.287
O P S Sr Pb,12.094,0.3
C O F Rb Sb,14.504,0.511
C O F Na Sn,12.03,0.294
C O F Cs Pt,17.116,0.74
C O F Na Sb,11.823,0.276
O Al Si S Ca,9.3,0.055
B C O F Fe,14.704,0.528
B C O F Os,13.03,0.382
C O F Ru Sb,11.546,0.252
C O F Sb Os,12.754,0.357
N O Al Si Cd,9.887,0.106
N O Si Cl Ce,14.716,0.529
N O Si Cl Pr,12.39,0.326
N O Si Cl Nd,12.072,0.298
O Cl Ti W Bi,13.973,0.464
O Ti Br W Bi,14.336,0.496
O Si S Cl Ca,9.145,0.041
O Cl Cu Pb Bi,13.354,0.41
O Cu Br Pb Bi,13.733,0.443
O Br Cs Pb Bi,17.678,0.789
O S Cl K Bi,13.71,0.441
N O Al Si Mn,10.467,0.157
S Cl Se Pb Bi,12.709,0.354
O Cl V Cu Pb,12.035,0.294
Li O F Ca Ta,13.517,0.424
F Na S Cu Sr,12.173,0.306
O F P Cd Pb,11.645,0.26
C N S K Au,15.134,0.566
C N S Rb Au,16.026,0.644
C N S Cs Au,17.2,0.747
N O F Si K,13.186,0.395
O S Mn Cu Ba,12.175,0.307
N O Sc Ba Ta,14.805,0.537
O F Ti Fe Pb,15.583,0.606
O F Al S K,12.479,0.333
O F Fe As Tb,14.453,0.506
O Cl Br Sb Hg,11.35,0.234
O Cl Cu Se Nd,11.732,0.268
O Cl Cu Se Y,10.538,0.163
O F K Ti Ba,14.785,0.536
O F Fe As Sm,14.853,0.542
O Co Zn Br Te,12.094,0.3
O F P Ca Pu,15.444,0.593
O P Cl Ca Pu,14.967,0.551
O F P Ca U,12.249,0.313
O P Cl Ca U,11.642,0.26
O F P Sr U,12.837,0.365
O P Cl Sr U,12.259,0.314
O F P Sr Cd,10.873,0.192
O F Fe As Ce,17.47,0.771
O F Fe As Pr,15.561,0.604
O Ca Cu Br Nb,11.663,0.262
O Ca Cu Br Ta,12.838,0.365
O Cu Br Sr Nb,12.279,0.316
O Cu Br Sr Ta,13.4,0.414
B O F Ca Ba,12.712,0.354
O F Fe As Nd,15.309,0.581
O Fe Br W Bi,16.905,0.721
O F Fe As La,14.735,0.531
O F Fe As Gd,15.672,0.613
B O F Sr Ba,13.28,0.404
C N F S As,11.084,0.211
O Na Si Cl Cr,10.965,0.201
O Na Si Cr Br,11.424,0.241
O Si Cl K Cr,12.767,0.359
O Si K Cr Br,13.164,0.393
N O Na Cl Nd,13.16,0.393
Li O F P Fe,14.327,0.495
Cl K Br Tl Pb,15.542,0.602
N O F K Os,14.974,0.552
N O F Cs Os,17.059,0.735
O Na Cl K Cu,13.334,0.408
C O Si Cl Ba,11.9,0.283
Li O F Sr Mo,13.033,0.382
Li O F Sr W,14.167,0.481
O F Na Sr Mo,13.058,0.384
O F Na Sr W,14.19,0.483
Li O F Mo Ba,13.766,0.446
Li O F Ba W,14.844,0.541
O F Na Mo Ba,13.79,0.448
O F Na Ba W,14.866,0.543
N O Zr Yb W,14.505,0.511
N O Y Zr W,14.183,0.483
N O Zr Gd W,15.459,0.595
N O Zr Sm W,14.628,0.522
N O Zr Nd W,15.091,0.562
O F Ti As Sr,11.325,0.232
O F Ti Sr Sb,11.632,0.259
Li O F S Co,12.815,0.363
O Na S K Pu,17.482,0.772
N O Al Si Ca,10.392,0.15
Li O F S Fe,14.342,0.497
B O Na S I,11.211,0.222
B O Na S Br,10.914,0.196
B O S Cl Cs,14.779,0.535
B O S Cl Rb,13.395,0.414
B O Na S Cl,10.432,0.154
O Cl Mn Co Ba,13.792,0.448
N Cl Ca Br Sr,11.89,0.282
O Na Si Cl Ho,11.13,0.215
O S Ca Fe Cu,13.893,0.457
O Si Cl Mn Ba,11.615,0.258
O Si Cl Fe Ba,14.632,0.522
C N Cl Cu Cs,16.072,0.648
C N Cu Br Cs,16.388,0.676
Li C N I Eu,13.942,0.462
O F Ga In Pt,12.167,0.306
O F Na Si Ce,15.373,0.587
O Cl Cu Te Dy,10.898,0.195
O Cl Cu Te Er,10.925,0.197
O Cu Br Te Er,11.386,0.237
O Cl Mn Te Sm,11.689,0.264
O Cu Br Te Dy,11.359,0.235
O Cl Cu Te Nd,12.082,0.298
O F Si Ba La,13.084,0.386
O Cl Ca Cu Te,10.266,0.139
O F Na Si Sn,10.975,0.201
C O F S Rb,14.298,0.493
Li O F P V,11.186,0.22
C N In I Eu,13.367,0.411
O Cl Se Cs La,15.63,0.61
N O Na P Ti,11.526,0.25
O Cu Br Sr Te,11.42,0.24
C O F S Ca,11.063,0.209
C O F S Cu,10.933,0.198
C O F S Zn,10.529,0.162
C O F Mg S,10.401,0.151
C O F S Ba,12.522,0.337
Be O Na Si Cl,10.166,0.131
B C N F K,14.373,0.499
C O F Na Yb,13.13,0.39
N S Cl Fe Te,13.805,0.45
B O Al Cl Ba,11.595,0.256
B O Cl Ga Ba,11.68,0.263
O F P K Ti,12.978,0.377
O S Nb I La,12.388,0.325
O Cl Nb Cs La,16.523,0.688
O Cl Rb Nb La,15.297,0.58
O Cl Cu Se Sr,10.574,0.166
Al Cl Br Sb Te,9.576,0.079
Al Cl Br Te Bi,11.627,0.259
N O Al La Eu,13.19,0.396
O F P Ca Pb,12.076,0.298
Li O F S Ni,10.658,0.174
N O Si Ba Eu,13.478,0.421
O P Cl As Pb,10.72,0.179
Li N O La Ta,14.603,0.52
O F Mn Se Ba,12.263,0.314
Li O F P Co,12.799,0.361
C O F S Ag,10.967,0.201
F S Ca Y Ce,15.819,0.626
F S Sr Y Ce,16.279,0.667
Li B C O F,12.094,0.3
N O Si Y Ce,15.686,0.615
O F Fe Co Sr,16.256,0.665
N O Al Si Ba,11.933,0.285
N O Na Mg P,10.868,0.192
N O Si Sr Eu,12.728,0.355
N O Si Ca Ba,12.451,0.331
O Na Cl Cu Se,10.417,0.152
N O Na P V,11.531,0.25
O Cl Se Nb Pb,12.07,0.297
O Cl Cu Se Pb,11.366,0.236
O Cl Cu Te Pb,11.727,0.267
O F Fe Sr La,15.757,0.621
N O Al Ca Gd,13.26,0.402
O F Na S Mn,11.276,0.228
O Na S Cl Mn,10.614,0.17
O Na S Cl Fe,13.851,0.454
O F Si Rb Lu,15.248,0.576
O F Mg P Fe,13.425,0.416
O F S Nd Bi,13.741,0.444
Be B O F Ca,10.961,0.2
O F Zr In Ba,12.796,0.361
O F Si K Eu,13.94,0.461
N O Si Ca Ce,15.233,0.575
O F Na P Co,12.824,0.364
N O Mg P Sr,11.019,0.205
C O F P Ba,12.505,0.336
N O Na Ga Ge,11.053,0.208
O F Cl K V,12.993,0.378
O F Cl K Mo,13.529,0.425
O F K Br Nb,13.861,0.455
O Cl Mn Pb Bi,13.518,0.424
O Cl Te I Bi,11.987,0.29
O F Te Xe Hg,16.179,0.658
O F Kr Te Hg,15.504,0.599
O S Cu Y Te,10.934,0.198
O S Cu Te Nd,12.089,0.299
O S Cu Te Sm,11.506,0.248
O S Cu Te Eu,11.497,0.247
O S Cu Te Gd,12.546,0.339
O S Cu Te Tb,10.986,0.202
O S Cu Te Dy,10.906,0.195
O S Cu Te Ho,10.911,0.196
O S Cu Te Er,10.933,0.198
O S Cu Te Tm,11.025,0.206
O S Cu Te Yb,11.349,0.234
O S Cu Te Lu,11.94,0.286
O F S Ce Bi,16.114,0.652
Li N O Sr Ta,14.305,0.493
N O Na Sr Ta,14.328,0.495
Li N O Ba Ta,14.976,0.552
N O Na Ba Ta,14.998,0.554
O Si Cl Sr Eu,11.846,0.278
O F Ti Se Cs,15.361,0.586
O F Na Mn Ni,11.451,0.243
O F S Sm Bi,13.231,0.399
O S La Er Yb,13.254,0.401
O F Mn As Nd,12.457,0.331
O Si Cl Ca Fe,13.405,0.415
B O Na K Br,13.736,0.444
B O Cl Ba Pb,13.388,0.413
B O Br Ba Pb,13.766,0.446
Li B O F P,11.057,0.209
N O Sr Mo W,14.558,0.516
O F Si Ca La,11.696,0.265
O Al Cl Te Pb,11.302,0.23
S Fe Br Sb Bi,15.036,0.558
O Nb I Ba Bi,14.627,0.522
O Cl Sr Nb Bi,13.321,0.407
S Se Sb I Hg,11.456,0.244
C O I Cs Pb,17.124,0.741
C O F K Ba,15.045,0.558
C O F Rb Ba,15.942,0.637
O F S As Xe,14.43,0.504
O F Mg K Ge,12.418,0.328
O P Cl Sn Nd,11.634,0.259
N O F Sb Cs,15.726,0.618
N O F Rb Sb,14.433,0.505
C O Cl Ru Sb,10.9,0.195
C O S Mn Fe,14.343,0.497
O F Na S Sb,10.78,0.184
N F S Mn As,10.778,0.184
O F V Mo Cs,16.308,0.669
Be O Si S Zn,8.974,0.026
O P Cl Ca Pb,11.46,0.244
C O F Al Sr,11.825,0.276
O P S Ca Eu,11.226,0.223
N O Zn I Cs,15.732,0.619
N O Co I Cs,17.272,0.754
O F S K Ca,12.976,0.377
O P Cl Ca Co,11.769,0.271
O Cl La Ta U,14.734,0.531
O Cl Cu Se Er,10.537,0.163
O F Cl Rb Nb,14.479,0.509
C O Cl Sc Re,13.063,0.385
O Br Cs Ba Ta,17.976,0.815
N O Ca Sr W,14.039,0.47
O F K Ti Rb,16.316,0.67
O S V Ba Pu,16.581,0.693
O S Fe Ba Pu,18.844,0.891
O F Co Y Ba,14.736,0.531
C O F K Pb,14.97,0.552
O F Ti Sr Ru,12.234,0.312
N O Cr Cs Pu,19.807,0.976
N O F Na S,11.479,0.246
O Cl Ti Cr Bi,12.624,0.346
O Cl Ti Fe Bi,15.175,0.57
O Cl Ti Mn Bi,12.293,0.317
C O F Na Lu,13.645,0.436
O Cl Fe Se Bi,14.655,0.524
C O F Rb Pb,15.871,0.631
C O F Cs Pb,17.056,0.735
Li B O F Ba,13.13,0.39
B O F Na Ba,13.155,0.393
O F Fe Ba Bi,16.694,0.703
O Cl V Se Pb,11.518,0.249
O F V Se Pb,12.131,0.303
O Cl Fe Pb Bi,16.184,0.658
B N O Si La,11.905,0.283
O Na Cl As Sb,10.03,0.119
C O F Mg Rb,14.336,0.496
N O Si Ba La,13.356,0.41
O F Na Mo W,14.193,0.484
O Cl Cu Nb Pr,13.195,0.396
O S Co Y Te,12.717,0.354
O S Co Te Nd,13.722,0.442
O S Co Te Sm,13.212,0.398
O S Co Te Eu,13.204,0.397
O S Co Te Gd,14.126,0.478
O S Co Te Tb,12.761,0.358
O S Co Te Dy,12.692,0.352
O S Co Te Ho,12.696,0.352
O S Co Te Er,12.716,0.354
O S Co Te Yb,13.075,0.386
O S Co Te Lu,13.591,0.431
O S Zn Te Sm,11.123,0.214
O S Zn Te Gd,12.195,0.308
O S Zn Te Dy,10.5,0.16
O S Zn Te Ho,10.505,0.16
O S Zn Te Er,10.529,0.162
O S Zn Te Yb,10.96,0.2
O F S K Fe,15.784,0.623
C O F K Cd,13.481,0.421
Li C O F Al,11.657,0.261
O F Na Nb Pb,13.663,0.437
B O Cl Ge Ba,11.482,0.246
B O Ge Br Ba,11.922,0.284
O F Cr Sr La,13.318,0.407
N O Ti Sr La,13.237,0.4
B O F Zn Ba,12.25,0.313
O Cl Fe Br Te,13.556,0.428
O F P Ca V,10.692,0.177
O Mg Cl Co Te,11.546,0.252
O F K Ca Nb,14.048,0.471
P S Cu Se Br,9.326,0.057
Li O Cl V Ba,12.679,0.351
O Si P Cl La,10.322,0.144
Li O Cl Nb La,12.757,0.358
O Cl Fe Cu Te,13.643,0.435
C O Br Ru Ba,13.148,0.392
C O F Ca Ba,13.119,0.389
S Cl As I Pb,11.287,0.229
O F P Zn Bi,11.673,0.263
O F P Cu Bi,12.039,0.295
S Cl As Cs Ce,18.066,0.823
N O Al Si Eu,11.602,0.256
Li N O Si Tb,12.106,0.301
O F Cl La Ta,13.407,0.415
C N O Si Y,11.954,0.287
O Cl Ca Mn Fe,14.045,0.471
N O Fe Sr Mo,15.716,0.617
O F Fe Ba La,16.369,0.674
B O Fe Zn Br,13.863,0.455
B O F Mg Ba,12.14,0.304
O F As Br Kr,14.034,0.47
C N O F P,11.321,0.232
O F As Br Xe,14.776,0.535
O F Si K Y,13.479,0.421
B N O V Zn,11.111,0.213
O Cl Ti Fe Pb,15.11,0.564
O F P Mn Fe,14.001,0.467
O F Se La Bi,13.109,0.389
O F S La Bi,13.099,0.388
N O Si Ca La,11.999,0.291
C N F Sr La,13.882,0.456
Li O S Mn Sr,11.927,0.285
N F S As Xe,15.004,0.555
O Cl Mo Te Nd,12.794,0.361
O Cl Te Nd W,13.947,0.462
O Cl Mo Te Pr,13.094,0.387
O Cl Te Pr W,14.224,0.486
O F Fe Se Ba,15.151,0.568
O F S Fe Sr,14.479,0.509
O F S Fe Ba,15.142,0.567
O F Fe Se Sr,14.488,0.51
O F Si K Sm,13.947,0.462
N O Cl Cs Pb,16.563,0.691
O F P Ba Pu,16.52,0.688
N O K Pd Ag,14.224,0.486
N O K Ag Pt,14.931,0.548
N O Rb Pd Ag,15.17,0.569
O F Na S Sn,11.006,0.204
Li B O F Mg,11.125,0.215
Li B O F Ca,11.747,0.269
O Na S Ba Pu,16.905,0.721
Al Cl Se Br Bi,11.263,0.227
O Cl Se Cs Nd,16.172,0.657
O S La Pb Bi,14.307,0.494
B O Na Br Rb,14.713,0.529
B O Na Cl Rb,14.36,0.498
Li B O F Rb,14.834,0.54
O F Na P Ni,10.669,0.175
B O Cl K Zn,12.466,0.332
N O Si Sr Ba,13.03,0.382
O S Zr La Ta,13.629,0.434
O S Ti La Ta,13.469,0.42
O S Ti Nb La,12.354,0.322
Li O F S Cu,11.049,0.208
O S Se La Bi,12.551,0.34
O F Si Sr La,12.31,0.319
O Cl As Sr Ba,12.152,0.305
C N S Cu Ge,11.053,0.208
O F Si Ti Ba,12.179,0.307
Be B O F Tl,12.445,0.33
C O P S W,12.384,0.325
Li B O F Nd,13.364,0.411
C N O K Tc,14.148,0.48
Li O F S Zn,10.649,0.173
C N F S Sc,12.041,0.295
O S Co Cu Ba,13.637,0.435
O S Co Cu Sr,12.896,0.37
N O Ti Sr Nb,12.866,0.367
O F P Cu Rb,13.889,0.457
O F P K Cu,12.849,0.366
N O P Cl Ba,11.824,0.276
O Na Cl V Cs,15.75,0.62
P S Cl Cu As,8.678,0.0
P S Cu As Br,9.251,0.05
P S Cu As I,9.6,0.081
C O Na Cl Co,13.19,0.396
B O Cl Y Ba,12.692,0.352
B O Cl Ba Gd,14.105,0.476
B O Cl Ba Lu,13.569,0.429
C O F K Sr,14.377,0.5
C O F Ca Rb,14.824,0.539
C O F Rb Sr,15.314,0.582
C O F Ca Cs,16.086,0.65
C O F Cs Ba,17.122,0.741
O F Fe Sr Ba,16.104,0.651
O F Na Mg S,10.553,0.164
O F Na S Cu,11.078,0.211
O F Na S Zn,10.679,0.176
O F Na S Co,12.841,0.365
O F Na S Fe,14.365,0.499
O F K Rb W,17.648,0.787
O F Na Mo Ag,12.395,0.326
O F Na Ag W,13.582,0.43
B C O Cl Ba,12.465,0.332
C O F Mo Sb,11.966,0.288
C O F Fe Sb,14.46,0.507
C N S Zn Hg,12.539,0.339
N O Cl K Zn,12.8,0.361
B C N F Cs,16.535,0.689
O F Cl As Te,9.53,0.075
O F As Br Te,10.055,0.121
C O F Sb W,13.192,0.396
O Cl Ti Nb In,11.143,0.216
O Cl Ti Nb Tl,12.8,0.361
C N S K Re,15.371,0.587
C O F Sb Pt,12.748,0.357
C O F Pd Sb,11.912,0.284
C N S K Ag,13.871,0.455
O Cl Ti Nb Cs,15.816,0.626
O F Sb Te Cs,15.31,0.582
O Cu Se Br Bi,11.892,0.282
O Cl Nb Lu Pb,14.062,0.472
C N O K Fe,16.73,0.706
C O F Ba Pb,14.292,0.492
O Cl Co Se Ba,13.176,0.394
O Cr I Cs Pu,19.684,0.965
O K Cr I Pu,17.907,0.809
O Cr Rb I Pu,18.667,0.876
O K Mo I Pu,18.047,0.822
Li O F Mg S,10.522,0.162
O Na S K V,13.47,0.42
O P Cl Cu Cs,14.744,0.532
O F P Nb Ba,12.718,0.354
Li O S Rb Cs,18.139,0.83
C O F Sb Ir,12.572,0.342
B N O F Fe,14.633,0.522
N O F P Fe,14.165,0.481
O Na S K Ce,17.095,0.738
O Cl K Ti Nb,13.54,0.426
O Si Cl As Pb,10.707,0.178
O F Si Y Ba,12.722,0.355
Li O F Si Y,11.758,0.27
O Mg S K Ca,12.456,0.331
O F Cd Pb Bi,13.618,0.433
F S Sr Ce Bi,16.885,0.72
F S Sr Nd Bi,14.638,0.523
F S Sr Pr Bi,14.902,0.546
F S Sr Sm Bi,14.16,0.481
O F Te Cs Hg,16.501,0.686
N O Al Si Gd,12.642,0.348
S Cl I Cs Pu,18.909,0.897
O F Si Ca Ce,14.995,0.554
O Cl Se Te W,11.786,0.273
N O Al Si Pr,12.504,0.336
O F S Ag Sb,10.13,0.127
O S Fe La W,16.277,0.666
O S Ni La W,13.147,0.392
O S Cr La W,13.928,0.46
O S Co La W,14.949,0.55
O S Mn La W,13.629,0.434
Li O F Si Ca,11.147,0.216
O F Si K Ca,12.949,0.375
O F Si K La,13.821,0.451
C N Ni Br Cs,16.128,0.653
C N Cl Ni Cs,15.806,0.625
C N Ni Br Rb,14.869,0.543
C N Cl Ni Rb,14.52,0.512
O Cl Cu Zn Te,9.687,0.089
F Na Cl K Pb,14.916,0.547
O Cl Se Y Cs,15.328,0.583
Li O Si Cl Eu,11.678,0.263
O Cl K V Cu,12.921,0.372
O Cl K V Ba,14.29,0.492
O Cl K V Cd,12.632,0.347
C O Cl Cu Nd,12.686,0.352
N O Na Cl Gd,13.581,0.43
O Cl V Rb Cd,13.689,0.439
O Cl V Cd Tl,11.835,0.277
C N S Cl Pb,12.527,0.338
B Cl Sr Zr I,12.013,0.292
Li O F S La,12.177,0.307
Li O F S Er,11.786,0.273
N O Al Si Sm,11.611,0.257
C N O S Cl,10.681,0.176
C N O F Sb,11.598,0.256
C N O F As,11.291,0.229
C O F Sb Au,12.761,0.358
O Ti Se I Pr,12.869,0.368
O F Al Si Cu,9.897,0.107
C N O Na Si,11.847,0.278
F Br I Ba Pb,14.241,0.488
O F Na S Pr,13.189,0.396
N F Cl K W,15.192,0.571
Li N O Ca Re,13.754,0.445
O F S Co Sb,12.002,0.291
O F S Co As,11.705,0.265
O F S Mn As,9.964,0.113
O F S Cu As,9.739,0.093
O F As Te Xe,14.726,0.53
O F As Se Xe,14.44,0.505
Li N O Cr Sr,13.115,0.389
O F S Mn Rb,14.062,0.472
O F S Mn Cs,15.387,0.588
O Cl Se Cs Tm,15.393,0.589
B N P Cl Br,10.422,0.153
O Cl Se Mo Hf,12.348,0.322
O Cl Se Zr Mo,10.935,0.198
C N O Nb Ba,13.891,0.457
O Cl Mn Se Sm,11.327,0.232
O Cl Co Se Sm,12.886,0.369
O Cl Cu Se Gd,12.202,0.309
C O Al Cl Rh,10.552,0.164
C O Cl Ga Rh,10.645,0.173
C O F Na S,11.57,0.254
O F Cl Mo Ag,11.255,0.226
O Se Br Cs Sm,16.065,0.648
F Cl Ca Br Ba,12.403,0.327
O Cl Cu Sb Te,9.798,0.098
C O S Cl Mo,11.079,0.211
C N Cl K Pt,15.117,0.565
C N K Br Pt,15.454,0.594
C N K I Pt,15.665,0.613
O Cl Cu Te Bi,11.81,0.275
Be O F S Ba,11.895,0.282
B C N O Ba,13.306,0.406
N O F S As,10.193,0.133
B N O F S,10.866,0.192
C N Cl Ag Cs,16.095,0.65
C N Ag I Cs,16.61,0.696
N O Ca Sr Mo,12.893,0.37
Li C N Br Eu,13.705,0.441
Li C N Br Sr,13.264,0.402
C O F S Cs,15.603,0.607
N O Si Br Nd,12.49,0.334
N O Si Br Ce,15.061,0.56
Li N O F S,11.451,0.243
O S Cl K Am,16.835,0.715
O S Cl Rb Am,17.641,0.786
O F S Zn As,9.283,0.053
F Na K Br Pb,15.256,0.577
O Cl Zn Te Ba,11.45,0.243
O Cl Mn W Bi,14.011,0.468
O F S As Cd,9.353,0.059
O F P Sr Pb,12.672,0.35
N O I Ba La,13.99,0.466
N O I Ba Ce,16.846,0.716
O S K Cs Pt,18.017,0.819
O F Si Y Cs,15.764,0.621
O Cl Cu Sr Te,10.96,0.2
C N S Cs Re,17.409,0.766
O F V Cu Cs,15.756,0.621
O F P Cs Am,19.086,0.913
N O Sr Ba Bi,14.829,0.539
F Na Cl Br Ba,12.857,0.366
C N F S Cl,11.126,0.215
O Cl Se Rb Er,13.997,0.466
O Na Si Ga I,10.797,0.186
O Cl Ca Se Nd,11.853,0.278
O Cl Se Sr Nd,12.46,0.332
N O Si Cl Ba,11.813,0.275
Si S Cl Ag Ce,14.27,0.49
O Cu Br Te Ba,12.25,0.313
O Cl Ca Co Te,12.146,0.304
O Cl Co Sr Te,12.739,0.356
O Cl Ni Sr Te,10.566,0.166
O Cl V Mn Cs,15.433,0.592
O V Mn Br Cs,15.763,0.621
O Cl V Mn Rb,14.113,0.477
O Cl V Cu Cs,15.289,0.58
N O Se I Pr,13.089,0.387
O F Si Se Er,10.601,0.169
O Cl Cu Te Yb,11.341,0.234
O S Cl K Hg,13.504,0.423
O S K Br Hg,13.879,0.456
C N Cl Rb Pt,16.011,0.643
O F Si Ba Ce,16.102,0.651
O Cl Co Se Sr,12.408,0.327
O Cl Ni Se Sr,10.165,0.13
Li C N F Pr,14.621,0.521
O Na Te I Lu,13.174,0.394
C N O Si Ba,12.779,0.36
C N F As Te,11.466,0.245
C N F Zn As,11.254,0.226
Li N O Si Sr,12.091,0.299
O S Cl Ta Pu,16.337,0.672
C N O Si La,12.339,0.321
C N O Si Pr,13.314,0.407
Na S Cl Ge Eu,11.54,0.251
N O Na Cl Ce,15.621,0.609
Li N F Ga Ba,13.449,0.418
C N Br Cs Pt,17.482,0.772
C N I Cs Pt,17.669,0.788
C N Rb I Pt,16.528,0.688
Li O F La Ta,14.354,0.498
Li O F Nb La,13.313,0.406
S Cl Cu Br Bi,11.677,0.263
O Cl Mo Cs U,16.946,0.725
N O Cl Cs Pu,19.157,0.919
O Cl Br Te Ba,11.723,0.267
S Cl Zn Se Hg,10.594,0.168
O F Na K W,15.519,0.6
O F Si Sc Rb,14.184,0.483
Li N F Sr Ta,14.641,0.523
N O P Br Ba,12.25,0.313
Li N O Si La,12.441,0.33
O F Si Se Pr,12.115,0.301
O Cl Se Pd Pb,12.067,0.297
O Cl Pd Te Pb,12.407,0.327
N O Cr Rb Pu,18.796,0.887
B O F Na S,11.106,0.213
O P Cl Fe Sb,13.06,0.384
O Cl K I Bi,14.305,0.493
B O F Al Pb,12.111,0.301
O S Cl Ge Hg,10.624,0.171
Al Cl Br Ru Bi,12.119,0.302
O P Cl Cu Rb,13.356,0.41
O Na P Cl Cu,10.383,0.15
O P Fe Br Sb,13.448,0.418
O F P Mn Cs,15.373,0.587
Li O F P Mn,11.228,0.224
O F P Mn Rb,14.047,0.471
O F Na S V,11.234,0.224
F S Cr Ga Ba,12.585,0.343
F S Mn Ga Ba,12.253,0.313
F S Fe Ga Ba,15.143,0.567
F S Mn In Ba,12.485,0.334
O F P Fe Cs,17.762,0.797
C N O Cl La,12.359,0.323
O Cl Ca Fe Se,13.441,0.418
B O F Na P,11.086,0.211
O S Cl K Mo,12.989,0.378
Li O F Mg P,10.501,0.16
S Cl Ga As Hg,10.57,0.166
O Br Sr Nb Bi,13.701,0.441
O Na Cl Y Te,11.563,0.253
Al Cl Se Br Sb,9.13,0.04
O F Co Ni Sb,12.166,0.306
C N F Mg Ba,13.221,0.398
N O Mg P Ca,10.328,0.145
Na S Cl Ge Ba,11.872,0.28
O Si Mn Br Te,10.202,0.134
O Si Cl Mn Te,9.685,0.088
S Ge Br Ba Pb,13.111,0.389
S Ge Br Sn Ba,11.633,0.259
O Cl Cd Te Sm,11.173,0.219
O Cl Cd Te Eu,11.164,0.218
O Cl Cd Te Gd,12.241,0.312
C N O Fe Ag,14.951,0.55
O P Cl Fe Te,13.162,0.393
O F P Ti Cs,15.338,0.584
B O F Mg Rb,13.965,0.464
B O F Mg Cs,15.298,0.581
O Cl V Mn Sb,10.38,0.149
O F Si K Pr,14.699,0.528
O F Na Si Eu,12.31,0.318
O F Si Ca Eu,11.835,0.277
O F Si Ca Sm,11.844,0.278
O F Na Si Nd,12.864,0.367
O F Si Ba Pr,14.008,0.467
Al S Cl Ag Bi,11.387,0.238
Al S Cl Cu Bi,11.355,0.235
N O F Sb Xe,15.388,0.588
S K Br Sn Ba,14.311,0.494
S Cl K Sn Ba,13.948,0.462
Na S Cl Sn Ba,12.319,0.319
S Cl Sn Cs Ba,16.166,0.657
O F S As Hg,11.233,0.224
O Cl V Co Ba,13.757,0.445
O F Na Si Tm,11.87,0.28
O F Na Si Er,11.784,0.272
O F Na Si Ho,11.764,0.271
O F Na Si Dy,11.759,0.27
O F Na Si Pr,13.163,0.393
O F Na Si Tb,11.833,0.277
O F P Mn Ba,12.234,0.312
O Cl Te Cs Sm,16.004,0.642
O Br Rb Te Nd,15.529,0.601
O F Si K U,14.284,0.492
C O F S Te,10.756,0.182
O F Ti Sr Bi,13.371,0.412
S Cl K Sb Ba,13.769,0.446
Li C N S K,14.329,0.496
O F Si Cs Er,15.763,0.621
O F Na Ge Nd,12.893,0.37
O P S K Sb,12.01,0.292
O P S Rb Sb,13.117,0.389
O P Cl Cu La,10.94,0.198
O Si S In Ba,11.341,0.233
N Si Cl Ba La,13.175,0.394
O F Si K Pu,17.102,0.739
O F Na Ge Pr,13.192,0.396
