Phase fields,     scores,     Norm. scores,
As Cu Ge Se     ,  3.446,      0.0,
As Ga Se Zn     ,  3.657,    0.016,
As Cd Ga Se     ,  3.803,    0.027,
As Ge P Zn      ,  4.164,    0.054,
As In Se Zn     ,  4.166,    0.055,
As Cu In Se     ,  4.221,    0.059,
As As Cd Cl     ,  4.249,    0.061,
Cu Ge P Se      ,  4.267,    0.062,
As Cd Ge P      ,  4.294,    0.064,
As Cd In Se     ,  4.295,    0.064,
As Ga Te Zn     ,  4.327,    0.067,
Cd Ge S Se      ,   4.39,    0.072,
Ge Sb Se Te     ,  4.392,    0.072,
Ag Ga Se Te     ,  4.415,    0.073,
Cu Ga Se Te     ,  4.426,    0.074,
Ga P Se Zn      ,  4.439,    0.075,
As Ga S Zn      ,  4.444,    0.076,
As Cd Ga Te     ,  4.452,    0.076,
Br Cd Sb Se     ,  4.481,    0.078,
Ag Ge I Se      ,   4.51,    0.081,
Ag Br Se Te     ,  4.522,    0.082,
Cu Ge I Se      ,  4.522,    0.082,
Ag Ga S Se      ,  4.529,    0.082,
Cu Ga S Se      ,   4.54,    0.083,
Ag Br In Se     ,  4.542,    0.083,
As As Cd I      ,  4.548,    0.084,
Br Cu In Se     ,  4.553,    0.084,
Cd Se Te Zn     ,  4.558,    0.084,
As Cd Ga S      ,  4.565,    0.085,
As Cd P Zn      ,  4.579,    0.086,
Ag Br Ge S      ,  4.589,    0.087,
Br Cu P Se      ,  4.597,    0.087,
Br Cu Ge S      ,    4.6,    0.087,
As Br Cu S      ,  4.601,    0.088,
Cd Ga S Se      ,  4.609,    0.088,
As Br Cd P      ,  4.621,    0.089,
Cl Ga Sb Se     ,  4.631,     0.09,
Al Br Sb Se     ,  4.643,    0.091,
Cd S Se Zn      ,  4.669,    0.093,
As P Si Zn      ,    4.7,    0.095,
Ag Sb Se Te     ,  4.711,    0.096,
Ge Se Sn Te     ,  4.716,    0.096,
Br In Sb Se     ,  4.733,    0.098,
As As Br Hg     ,  4.799,    0.103,
Cl Ga P Se      ,  4.809,    0.103,
As Cu In Te     ,  4.814,    0.104,
Ag S Sb Se      ,  4.818,    0.104,
Al S Se Zn      ,  4.826,    0.105,
Cu S Sb Se      ,  4.829,    0.105,
As Br Hg Se     ,   4.84,    0.106,
Ag In Se Te     ,  4.844,    0.106,
Ag Cl Se Te     ,  4.845,    0.106,
Cu In Se Te     ,  4.855,    0.107,
Ag Cl In Se     ,  4.864,    0.108,
Br In In Se     ,  4.866,    0.108,
Al Cu S Se      ,  4.874,    0.108,
As Cd In Te     ,  4.878,    0.109,
Cd S Se Si      ,  4.901,     0.11,
Ag Cl Ge S      ,  4.908,    0.111,
In S Se Zn      ,  4.912,    0.111,
Cl Cu P Se      ,  4.915,    0.111,
As Cl Cu S      ,   4.92,    0.112,
Ag S Se Te      ,   4.93,    0.113,
Ag In S Se      ,  4.949,    0.114,
Cu Ge P S       ,  4.958,    0.115,
Al Cl Sb Se     ,  4.959,    0.115,
Cu In S Se      ,  4.959,    0.115,
As Cr Cu Se     ,  4.962,    0.115,
Se Sn Te Zn     ,  4.978,    0.116,
As Cd In S      ,  4.982,    0.116,
Cu P S Se       ,  4.999,    0.118,
Br Nb Se Se     ,  5.015,    0.119,
Cu I Se Si      ,  5.019,    0.119,
Cd In S Se      ,  5.022,    0.119,
In Sb Se Te     ,  5.024,     0.12,
As Cd Cr Se     ,  5.024,     0.12,
In Ni S Se      ,  5.057,    0.122,
Ag Br Te Te     ,  5.079,    0.124,
Cd Se Sn Te     ,  5.086,    0.124,
Br Cu S Si      ,   5.09,    0.125,
Br Hg Se Zn     ,  5.094,    0.125,
Ni P S Se       ,  5.096,    0.125,
Ag Br In Te     ,  5.097,    0.125,
Ag Br Cl Te     ,  5.098,    0.125,
Cu Rh S Se      ,    5.1,    0.125,
As Br Cu Hg     ,  5.101,    0.125,
Ga P S Zn       ,  5.107,    0.126,
Br Cu In Te     ,  5.107,    0.126,
Al Cl P Se      ,  5.125,    0.127,
Ag I In Se      ,  5.128,    0.127,
Cu I In Se      ,  5.137,    0.128,
Br Cu Hg Se     ,   5.14,    0.128,
Br Cd S Sb      ,  5.143,    0.129,
As Br Cd Hg     ,  5.162,     0.13,
Ag Ge I S       ,  5.169,    0.131,
Ga Ga I Te      ,   5.17,    0.131,
Cu I P Se       ,  5.176,    0.131,
Cl Ga Sb Te     ,  5.177,    0.131,
Cu Ge I S       ,  5.179,    0.131,
As Cu I S       ,   5.18,    0.132,
As Br Cd O      ,  5.186,    0.132,
Br Cu S Te      ,  5.189,    0.132,
Cu Cu S Te      ,  5.196,    0.133,
Ag Br In S      ,  5.197,    0.133,
As Cd I P       ,  5.198,    0.133,
Br Cu P S       ,  5.245,    0.136,
Br Cr Cu Se     ,  5.247,    0.137,
Br Ni O Se      ,  5.258,    0.137,
Br Cd P P       ,  5.262,    0.138,
Cl Ga S Sb      ,  5.275,    0.139,
As Cl Ga Hg     ,  5.293,     0.14,
Ag Br I Te      ,   5.35,    0.144,
Ag Br S Sn      ,  5.356,    0.145,
Br In S Sb      ,  5.364,    0.145,
Br Cl S Sb      ,  5.365,    0.145,
I S Sb Se       ,  5.376,    0.146,
Ag As Cl Hg     ,  5.381,    0.147,
Ga S Se V       ,  5.381,    0.147,
As Br Hg In     ,  5.382,    0.147,
Cu Se Te V      ,  5.382,    0.147,
Ag Cl In Te     ,  5.386,    0.147,
Ge Pb Se Te     ,  5.387,    0.147,
As Hg I Se      ,  5.394,    0.148,
Cl Cu In Te     ,  5.396,    0.148,
Ag Au S Se      ,  5.398,    0.148,
In S Se Sn      ,  5.405,    0.149,
As Br In O      ,  5.406,    0.149,
Cl O Se Zn      ,  5.407,    0.149,
As Cl Cu O      ,  5.413,    0.149,
Cl Cu Hg Se     ,  5.427,     0.15,
Cd Cl S Sb      ,   5.43,     0.15,
Ag Br I S       ,  5.445,    0.152,
Ag S Te Te      ,  5.446,    0.152,
Cl Cu O Se      ,   5.45,    0.152,
I Sb Se Sn      ,  5.453,    0.152,
As Br Hg S      ,   5.46,    0.153,
Ag Cl S Te      ,  5.464,    0.153,
Cd Hg Se Te     ,  5.467,    0.153,
Cr Se Te Zn     ,  5.468,    0.153,
As Cd Cl O      ,  5.471,    0.154,
Cl Cu S Te      ,  5.473,    0.154,
Ag O P Se       ,  5.477,    0.154,
Cu S Se V       ,  5.477,    0.154,
Ag Cl In S      ,  5.481,    0.154,
Ge Pb S Se      ,  5.481,    0.154,
Ag Bi Br Se     ,  5.502,    0.156,
Cd Cl O Se      ,  5.507,    0.156,
Cr Cu Se Te     ,  5.511,    0.157,
Bi Br Cu Se     ,  5.511,    0.157,
Ag Cl P S       ,  5.517,    0.157,
Cl Cu P S       ,  5.526,    0.158,
Br Cl I Sb      ,   5.53,    0.158,
Cu Nb Se Te     ,   5.53,    0.158,
As Br Hg Sn     ,  5.536,    0.158,
Cl Ni O Se      ,  5.539,    0.159,
S Se Sn Sn      ,  5.558,     0.16,
Cr S Se Zn      ,  5.561,     0.16,
Br Cu O Sb      ,  5.562,     0.16,
Cd Cr Se Te     ,  5.567,    0.161,
Bi Br Cd Se     ,  5.567,    0.161,
Ga Mo Se Te     ,  5.571,    0.161,
S Sn Te Zn      ,  5.582,    0.162,
Br P S S        ,  5.594,    0.163,
Cl O Sb Se      ,  5.601,    0.163,
Ag I S Sb       ,  5.603,    0.164,
Cr Cu S Se      ,  5.603,    0.164,
Cu I S Sb       ,  5.612,    0.164,
Ag S Sn Te      ,  5.615,    0.164,
Br O Te Zn      ,  5.617,    0.165,
As Hg S Sb      ,  5.617,    0.165,
Cu I S Si       ,  5.619,    0.165,
Cu Nb S Se      ,  5.622,    0.165,
In S Sb Te      ,  5.623,    0.165,
Ag I In Te      ,  5.625,    0.165,
Cu I In Te      ,  5.634,    0.166,
Cl In S Sb      ,   5.64,    0.166,
Ag As I O       ,  5.642,    0.167,
Cd Cr S Se      ,  5.659,    0.168,
Br Cu O Te      ,  5.659,    0.168,
Ga Mo S Se      ,  5.662,    0.168,
Cd I S Sb       ,  5.667,    0.168,
Ag Cl Mo Se     ,  5.671,    0.169,
Ag I O Se       ,  5.677,    0.169,
Cd S Sn Te      ,  5.679,    0.169,
As Cl In O      ,  5.679,    0.169,
As Cd Hg I      ,  5.684,     0.17,
Ga S Se Tl      ,  5.688,     0.17,
Bi Cl Ga Se     ,  5.689,     0.17,
As Br F Se      ,  5.698,    0.171,
Al I Sb Te      ,  5.708,    0.171,
Cu I S Te       ,  5.709,    0.172,
Cd Pb Se Te     ,  5.713,    0.172,
Cl In O Se      ,  5.714,    0.172,
Ag Br Hg S      ,  5.718,    0.172,
Hg O Se Se      ,  5.726,    0.173,
Br Cu Hg S      ,  5.727,    0.173,
As Cl Hg S      ,   5.73,    0.173,
Al Cl Nb Se     ,  5.734,    0.173,
As Br Hg Ti     ,  5.737,    0.174,
Ag Mo S Se      ,  5.744,    0.174,
Br Ni O Te      ,  5.745,    0.174,
Al Al I Te      ,  5.746,    0.174,
Cl In In S      ,  5.752,    0.175,
Cu Mo S Se      ,  5.753,    0.175,
Ag Bi Se Te     ,  5.754,    0.175,
Cu I P S        ,  5.759,    0.175,
Br Cd O P       ,  5.765,    0.176,
Ag Bi Cl Se     ,  5.771,    0.176,
Bi Br In Se     ,  5.772,    0.176,
Bi Cl Cu Se     ,  5.779,    0.177,
Br Cd Hg S      ,  5.781,    0.177,
Cl O Sb Zn      ,  5.787,    0.177,
Cd Pb S Se      ,  5.802,    0.179,
As Cl Hg Sn     ,  5.803,    0.179,
Cd I P S        ,  5.813,    0.179,
Ag Cl O Si      ,  5.826,     0.18,
Cl Cu O Sb      ,  5.828,    0.181,
Mo Ni S Se      ,  5.837,    0.181,
Cl Nb P Se      ,  5.841,    0.182,
Ag Bi S Se      ,  5.842,    0.182,
Ag Al Cl O      ,  5.857,    0.183,
B O Se Zn       ,  5.858,    0.183,
Cl O Se Sn      ,  5.859,    0.183,
Se Te Ti Ti     ,  5.867,    0.184,
Cl O Te Zn      ,  5.881,    0.185,
Cd Cl O Sb      ,  5.881,    0.185,
I In In Te      ,   5.89,    0.185,
Ag O S Si       ,  5.897,    0.186,
As Bi Ni S      ,  5.901,    0.186,
Al Cd O Te      ,  5.902,    0.186,
Bi Sb Se Te     ,  5.906,    0.186,
As Br Hg O      ,  5.908,    0.187,
Ag Cl O Te      ,  5.912,    0.187,
Br In O Te      ,  5.914,    0.187,
Cl Cu O Te      ,  5.921,    0.188,
S Sb Se Tl      ,  5.921,    0.188,
Cl Cu In O      ,  5.936,    0.189,
Ag S Te V       ,  5.937,    0.189,
Ag O P Te       ,  5.945,    0.189,
Cl Hg S Zn      ,  5.946,     0.19,
Ge Pb S Te      ,  5.949,     0.19,
Br Hg Se Zr     ,  5.953,     0.19,
As Hg I S       ,  5.956,     0.19,
As Cl F Se      ,  5.958,     0.19,
Al Bi Cl Se     ,  5.959,    0.191,
B Br P S        ,  5.962,    0.191,
Cd Cl O Te      ,  5.973,    0.192,
Br Cl Hg S      ,  5.979,    0.192,
As Br Cr Hg     ,  5.981,    0.192,
Ag O S Te       ,  5.982,    0.192,
Pb S Se Te      ,  5.983,    0.192,
Cl Cu Hg S      ,  5.985,    0.193,
Al Cd O S       ,  5.988,    0.193,
Bi S Sb Se      ,  5.992,    0.193,
As Cl Hg Ti     ,  5.996,    0.193,
Cl Ni O Te      ,  6.003,    0.194,
Bi Cu I Se      ,  6.003,    0.194,
In Mo S Se      ,  6.003,    0.194,
Cl Mo S Se      ,  6.004,    0.194,
I S Sb Sn       ,   6.01,    0.194,
Bi In Se Te     ,  6.013,    0.195,
I Nb Se Te      ,  6.014,    0.195,
Br Mn Sb Se     ,  6.019,    0.195,
Cd Cl O P       ,  6.022,    0.195,
Br S S V        ,  6.024,    0.195,
As Hg I Sn      ,  6.026,    0.196,
Br Re Se Se     ,  6.029,    0.196,
Pb Se Sn Te     ,  6.053,    0.198,
Ag Bi Br S      ,  6.054,    0.198,
Bi Cd I Se      ,  6.055,    0.198,
Cl O Sb Te      ,   6.06,    0.198,
Bi Br Cu S      ,  6.062,    0.198,
Br C Se Se      ,  6.066,    0.199,
B Br O Zn       ,  6.069,    0.199,
Ag Nb S Te      ,  6.071,    0.199,
Br Cl Cr S      ,  6.071,    0.199,
Br Hg P Sn      ,  6.081,      0.2,
Bi S Se Te      ,  6.083,      0.2,
Br F Sb Se      ,  6.093,    0.201,
Au Cl O Se      ,  6.107,    0.202,
B Br Cu O       ,  6.107,    0.202,
Cl O P Sb       ,  6.108,    0.202,
B Br I P        ,  6.111,    0.202,
Br Mo Te Te     ,  6.111,    0.202,
I P P Sn        ,  6.112,    0.202,
Br Hg I Te      ,  6.112,    0.202,
Bi Br Cd S      ,  6.113,    0.202,
Br Hg S Sn      ,  6.117,    0.202,
Cl P S Ti       ,  6.118,    0.203,
Ag I O Te       ,  6.131,    0.204,
As Cu Mn P      ,  6.131,    0.204,
Pb S Se Sn      ,  6.137,    0.204,
As Br O Pb      ,  6.137,    0.204,
As Cl Hg Hg     ,  6.139,    0.204,
Br Nb Nb Se     ,   6.14,    0.204,
Bi Cl Ga Te     ,  6.142,    0.204,
As Br F Te      ,   6.15,    0.205,
As I Li Se      ,  6.159,    0.206,
As Cl Hg O      ,  6.159,    0.206,
Hg I S Zn       ,  6.164,    0.206,
Cl In O Te      ,  6.164,    0.206,
Cd Mn Se Te     ,  6.166,    0.206,
Br O Pb Se      ,  6.169,    0.206,
As Cl Hg Zr     ,  6.171,    0.207,
Au Cl P S       ,  6.175,    0.207,
As F I Se       ,  6.175,    0.207,
Br Hg Se Tl     ,  6.177,    0.207,
Mo Ru Se Te     ,  6.178,    0.207,
Ag I O P        ,  6.178,    0.207,
Al Cl O S       ,  6.179,    0.207,
Br Cd O V       ,  6.183,    0.208,
As Cu Er P      ,  6.186,    0.208,
B Br Ni O       ,  6.187,    0.208,
Cl Hg In P      ,  6.191,    0.208,
Ag Hg I S       ,  6.193,    0.208,
Br Hg I S       ,  6.195,    0.208,
Cu Hg I S       ,  6.202,    0.209,
Cl Hg Se Zr     ,  6.203,    0.209,
Cd Cl I O       ,  6.205,    0.209,
As Cu Ho P      ,  6.209,    0.209,
Bi Ga S Te      ,  6.209,    0.209,
As Bi Br Hg     ,  6.214,     0.21,
As Br Li S      ,  6.216,     0.21,
Cl Hg In S      ,  6.227,    0.211,
As Br F S       ,  6.233,    0.211,
Bi I In Se      ,  6.243,    0.212,
Al Cl O Sn      ,  6.247,    0.212,
Bi Br O Se      ,  6.266,    0.214,
Bi Cu O Se      ,  6.272,    0.214,
Cl Re Se Se     ,  6.276,    0.215,
As As Re S      ,  6.279,    0.215,
O S Se Zr       ,   6.29,    0.216,
Ag Bi Cl S      ,  6.299,    0.216,
Bi Br Cl S      ,  6.301,    0.216,
Bi Cl Cu S      ,  6.307,    0.217,
As O Y Zn       ,  6.309,    0.217,
O P P S         ,   6.31,    0.217,
B Cl O Zn       ,  6.314,    0.217,
Cl Cl O Sn      ,  6.314,    0.217,
Br O S Ti       ,   6.32,    0.218,
Cl Hg P Sn      ,  6.325,    0.218,
Cr Hg S Se      ,  6.327,    0.218,
Cr Cr Se Te     ,  6.334,    0.219,
Cl Pb S Sb      ,  6.344,     0.22,
Cl O P Sn       ,  6.345,     0.22,
Bi Cd Cl S      ,  6.356,    0.221,
Cl Nb P S       ,  6.363,    0.221,
As Cl Hg Mo     ,  6.364,    0.221,
Ag Br O Pb      ,  6.368,    0.222,
Ga Se Ta Te     ,  6.368,    0.222,
Bi Ni S Te      ,  6.369,    0.222,
Cl Cu O V       ,  6.375,    0.222,
Cl Ge O Pb      ,  6.378,    0.222,
As Cl O Pb      ,  6.379,    0.222,
Cl O S Sn       ,   6.38,    0.222,
Br Cu Mo O      ,   6.38,    0.222,
Cl Nb Nb Se     ,  6.382,    0.223,
Br Cr O Si      ,  6.384,    0.223,
As Cl Hg Tl     ,  6.387,    0.223,
As Cl F Te      ,  6.392,    0.223,
Al Bi Cl Te     ,  6.392,    0.223,
Br O Te Zr      ,  6.407,    0.224,
Cl Mo O Se      ,  6.415,    0.225,
Cl Mg O P       ,  6.417,    0.225,
B I P S         ,  6.419,    0.225,
Cd Cl O V       ,  6.424,    0.226,
Nd O Se Se      ,  6.426,    0.226,
B Cl Ni O       ,  6.427,    0.226,
O Se Se Sm      ,  6.429,    0.226,
Ce O Se Se      ,  6.429,    0.226,
In Mn S Se      ,  6.432,    0.226,
Cl Hg I S       ,  6.435,    0.227,
O Pr Se Se      ,  6.437,    0.227,
As Cl Pr S      ,  6.441,    0.227,
I Nb Te Te      ,  6.444,    0.227,
Cu Se Ta Te     ,  6.449,    0.228,
As Bi Cl Hg     ,  6.453,    0.228,
Hg Mo S Se      ,   6.46,    0.228,
S Se Tl V       ,   6.46,    0.229,
I Se Se Ta      ,  6.467,    0.229,
As Cl F S       ,  6.471,    0.229,
Al Bi Cl S      ,  6.472,    0.229,
I Mn Sb Se      ,  6.472,    0.229,
As Nb Te Tl     ,  6.475,     0.23,
Ag Cl Cr O      ,  6.476,     0.23,
Br Nb O Te      ,  6.479,     0.23,
Cl Hg P Ti      ,  6.502,    0.232,
Bi Cl O Se      ,  6.503,    0.232,
Br O Pb Sb      ,  6.505,    0.232,
Br Cr O P       ,  6.508,    0.232,
Br O Pb Si      ,  6.511,    0.232,
Bi Cu I S       ,  6.512,    0.232,
Cl Mo S S       ,  6.513,    0.233,
Bi Br Cd O      ,  6.517,    0.233,
Cl O P Ti       ,  6.522,    0.233,
Bi In S Te      ,  6.522,    0.233,
Ni Se Ta Te     ,  6.524,    0.233,
Br Mn S Sb      ,  6.527,    0.234,
Cu S Se Ta      ,  6.528,    0.234,
As F S S        ,  6.535,    0.234,
Bi Cl In S      ,  6.536,    0.234,
F I Sb Se       ,  6.541,    0.235,
Cr Mo S Se      ,  6.545,    0.235,
I Pb S Sb       ,  6.549,    0.235,
La O Se Se      ,  6.549,    0.235,
B Cu I O        ,  6.555,    0.236,
Cl O S Ti       ,  6.556,    0.236,
Br Gd S Si      ,  6.556,    0.236,
Br Ce S Sb      ,  6.558,    0.236,
I Mo Te Te      ,  6.558,    0.236,
Pb S Sn Te      ,  6.559,    0.236,
As Nd O Zn      ,  6.559,    0.236,
Br Nd S Si      ,  6.561,    0.236,
Br S Si Sm      ,  6.564,    0.236,
Br Ce S Si      ,  6.564,    0.236,
Cr S Se Tl      ,  6.568,    0.237,
Ag I O V        ,   6.57,    0.237,
Br Pr S Si      ,  6.572,    0.237,
As I O Pb       ,  6.582,    0.238,
I Nb Nb Se      ,  6.585,    0.238,
Cl O Te V       ,  6.588,    0.238,
Br O Pb Te      ,  6.589,    0.238,
Ce O Se Zn      ,  6.592,    0.239,
Br Mo O Te      ,  6.593,    0.239,
As F I Te       ,  6.594,    0.239,
Br F S Sb       ,  6.596,    0.239,
As Cu O Sm      ,  6.597,    0.239,
As Br O Pr      ,    6.6,    0.239,
Ag Cl O Pb      ,  6.602,    0.239,
Br Cl O Pb      ,  6.603,    0.239,
Cl O Se Y       ,  6.605,    0.239,
Cl Cu O Pb      ,  6.609,     0.24,
Cl Mo Mo Se     ,  6.611,     0.24,
I O Pb Se       ,  6.612,     0.24,
Br Gd O Se      ,  6.614,     0.24,
Cu Dy O Se      ,  6.617,     0.24,
Cl Cr O Si      ,  6.617,     0.24,
Cu Gd O Se      ,   6.62,    0.241,
Ga O S Tl       ,  6.621,    0.241,
Cd I O V        ,  6.625,    0.241,
Cu O Se Sm      ,  6.627,    0.241,
B I Ni O        ,  6.629,    0.241,
As Br F O       ,  6.629,    0.241,
Br O P Pb       ,  6.633,    0.242,
Cl O Te Zr      ,  6.639,    0.242,
As Cd Ce O      ,  6.645,    0.243,
La S S Se       ,  6.646,    0.243,
Cu S Sm Te      ,  6.646,    0.243,
Br Hg Pb S      ,  6.647,    0.243,
Cl Hg O P       ,  6.654,    0.243,
Eu O Se Se      ,  6.655,    0.243,
As I Li S       ,  6.656,    0.243,
Cd Cl O Pb      ,  6.656,    0.243,
As Gd Ni O      ,  6.664,    0.244,
Cl Hg P Zr      ,  6.664,    0.244,
Cl F Sb Sb      ,  6.664,    0.244,
Ga La O Se      ,  6.667,    0.244,
Mo Pb S Se      ,   6.67,    0.244,
As Br Na O      ,   6.67,    0.244,
As F I S        ,  6.671,    0.245,
As Ce Ni O      ,  6.672,    0.245,
Br Hg S Tl      ,  6.674,    0.245,
Cd Ce O Se      ,  6.675,    0.245,
Br La S Sb      ,  6.675,    0.245,
Ag Cr I O       ,  6.676,    0.245,
Cu Mo O S       ,  6.676,    0.245,
Bi Br O Te      ,  6.679,    0.245,
As La O Zn      ,  6.679,    0.245,
Br La S Si      ,  6.681,    0.245,
As Cd F O       ,  6.682,    0.245,
Bi Cu O Te      ,  6.685,    0.246,
Ag Bi Cl O      ,  6.692,    0.246,
Cl Cr O Te      ,  6.693,    0.246,
Bi Br Cl O      ,  6.693,    0.246,
Mo S Se Tl      ,  6.696,    0.246,
Cl Hg S Zr      ,  6.697,    0.246,
Bi Cl Cu O      ,  6.699,    0.247,
Bi Se Te Tl     ,  6.705,    0.247,
Br Li P S       ,  6.706,    0.247,
As Br La O      ,  6.709,    0.247,
La O Se Zn      ,  6.709,    0.247,
Cl Nb O Te      ,  6.709,    0.247,
Br Ca Cu O      ,  6.715,    0.248,
Cl O S Zr       ,  6.716,    0.248,
Ca Cl Ge O      ,  6.717,    0.248,
Cl P Se Ta      ,  6.717,    0.248,
As Ca Cl O      ,  6.718,    0.248,
S Se Tl Tl      ,  6.718,    0.248,
Cl In Nb O      ,  6.723,    0.248,
Cl O Pb Sb      ,  6.734,    0.249,
Cl O Pb Si      ,   6.74,     0.25,
Cu La O Se      ,  6.744,     0.25,
Bi Cd Cl O      ,  6.746,     0.25,
Cl F Sb Te      ,  6.746,     0.25,
Dy O Se Si      ,  6.747,     0.25,
Gd O Se Si      ,  6.751,    0.251,
Cl Nb O P       ,  6.752,    0.251,
Bi Pb S Se      ,  6.755,    0.251,
Nd O Se Si      ,  6.755,    0.251,
Cl Mn S Sb      ,  6.755,    0.251,
O Se Si Sm      ,  6.758,    0.251,
Ce O Se Si      ,  6.758,    0.251,
Bi Cu O S       ,  6.761,    0.251,
O Se Si Tb      ,  6.761,    0.251,
Cu La S Te      ,  6.763,    0.251,
O Pr Se Si      ,  6.766,    0.252,
Br Nb S Tl      ,  6.772,    0.252,
B Cl Mg O       ,  6.773,    0.252,
Ca O P Se       ,  6.776,    0.252,
Er O Se Si      ,  6.779,    0.253,
B Cl I Zr       ,  6.786,    0.253,
As La Ni O      ,  6.787,    0.253,
Cl Nd S Si      ,  6.788,    0.253,
Cl F P Sb       ,  6.789,    0.253,
Cl S Si Sm      ,   6.79,    0.254,
Ce Cl S Si      ,  6.791,    0.254,
Al F Ge O       ,  6.791,    0.254,
O P Y Zn        ,  6.793,    0.254,
O Pb S Sb       ,  6.796,    0.254,
Cl Cu O Y       ,  6.798,    0.254,
Cl Pr S Si      ,  6.799,    0.254,
Ho O Se Si      ,    6.8,    0.254,
As Br Hg Yb     ,  6.801,    0.254,
As Cl Gd O      ,   6.81,    0.255,
As Cl Nd O      ,  6.815,    0.255,
Cl O Pb Te      ,  6.815,    0.255,
Br Cl Pb Tl     ,  6.816,    0.255,
As Cl O Sm      ,  6.817,    0.256,
As Ce Cl O      ,  6.818,    0.256,
Cl Mo O Te      ,  6.819,    0.256,
Br Hg Hg O      ,  6.821,    0.256,
As Cl O Pr      ,  6.826,    0.256,
As Cl Hf Hg     ,  6.828,    0.256,
B Mg O S        ,  6.835,    0.257,
Cl Dy O Se      ,  6.836,    0.257,
Cl Gd O Se      ,  6.839,    0.257,
Dy S Te Te      ,  6.841,    0.257,
Br Cl Tl Tl     ,  6.842,    0.257,
Br Ca O Si      ,  6.844,    0.258,
Cl Nd O Se      ,  6.844,    0.258,
Cl O Se Sm      ,  6.846,    0.258,
Cu Eu O Se      ,  6.847,    0.258,
As Ni P Sr      ,   6.85,    0.258,
Cl O Se Tb      ,   6.85,    0.258,
Cl F Ge O       ,  6.853,    0.258,
As Cl F O       ,  6.854,    0.258,
Cl Hf Hg Se     ,  6.857,    0.259,
Cl O P Pb       ,  6.858,    0.259,
B Br Cr O       ,  6.859,    0.259,
Br Re Te Te     ,   6.86,    0.259,
Cl Mo O P       ,  6.862,    0.259,
Bi Br Mn Se     ,  6.866,    0.259,
Cl Er O Se      ,  6.867,    0.259,
La O Se Si      ,  6.872,     0.26,
Cl S Se W       ,  6.879,     0.26,
As Cr Mn P      ,   6.88,     0.26,
Bi Cl Hg Te     ,  6.884,    0.261,
Cl Ho O Se      ,  6.888,    0.261,
Cl O Pb S       ,   6.89,    0.261,
Be Cl I Zr      ,  6.891,    0.261,
Ho S Te Te      ,  6.892,    0.261,
Cl O Se Tm      ,  6.893,    0.261,
Cl Mo O S       ,  6.894,    0.261,
Bi Cl O Te      ,  6.902,    0.262,
Bi Br Cl Tl     ,  6.903,    0.262,
Cl La S Si      ,  6.904,    0.262,
Br Mn O Sb      ,  6.907,    0.262,
Cl Ga N Se      ,  6.907,    0.262,
As F O S        ,  6.914,    0.263,
Al Br N Se      ,  6.915,    0.263,
Cl O Si Y       ,  6.926,    0.264,
I O Pb Sb       ,  6.927,    0.264,
Cl Li P S       ,  6.929,    0.264,
Cr I O P        ,  6.929,    0.264,
As Cl La O      ,  6.931,    0.264,
Br Gd O Si      ,  6.934,    0.264,
Ca Cl Cu O      ,  6.937,    0.265,
Bi Cd I O       ,  6.938,    0.265,
F I Sb Te       ,  6.938,    0.265,
Cr Mn S Se      ,   6.94,    0.265,
F O S Se        ,  6.943,    0.265,
O Pb S S        ,   6.95,    0.266,
Cl F I Sb       ,  6.952,    0.266,
Bi Cl Hg S      ,  6.958,    0.266,
Br Ca O P       ,  6.959,    0.266,
Ca O S Zn       ,  6.963,    0.267,
Br F O Sb       ,  6.971,    0.267,
O S S Tl        ,  6.975,    0.268,
N P Se Zn       ,  6.976,    0.268,
B Br O Pb       ,  6.978,    0.268,
I Nd S Si       ,  6.979,    0.268,
F Ga O Te       ,  6.981,    0.268,
I S Si Sm       ,  6.982,    0.268,
Ce I S Si       ,  6.982,    0.268,
Cl Lu O Se      ,  6.982,    0.268,
Cl F P Rh       ,  6.985,    0.268,
I S Si Tb       ,  6.985,    0.268,
O S Si Y        ,  6.986,    0.268,
I Pr S Si       ,   6.99,    0.269,
Ca Pb S Se      ,   6.99,    0.269,
As La O S       ,  6.991,    0.269,
Cl Nb S Tl      ,  6.992,    0.269,
Br S S Ta       ,  6.993,    0.269,
I Li S Sb       ,  6.997,    0.269,
Cl I Se W       ,  7.008,     0.27,
Cl Nb O Ti      ,   7.01,     0.27,
Cl Nb O Sc      ,  7.011,     0.27,
Br Nd O Te      ,  7.011,     0.27,
F I S Sb        ,  7.012,     0.27,
Br Ce O Te      ,  7.014,    0.271,
Ga Nd O S       ,  7.016,    0.271,
Cu Nd O Te      ,  7.017,    0.271,
Dy O P Zn       ,  7.018,    0.271,
Cl I O Pb       ,  7.019,    0.271,
Ce Ga O S       ,  7.019,    0.271,
Ce Cu O Te      ,   7.02,    0.271,
Gd O P Zn       ,  7.021,    0.271,
Cd F O Sb       ,  7.022,    0.271,
Nd O P Zn       ,  7.025,    0.271,
O P Sm Zn       ,  7.028,    0.272,
Ce O P Zn       ,  7.028,    0.272,
As Cl Eu O      ,  7.031,    0.272,
O P Pr Zn       ,  7.036,    0.272,
Bi O S S        ,  7.036,    0.272,
As Gd O Ru      ,  7.037,    0.272,
F Ge Mg O       ,   7.04,    0.272,
Cl Hg Hg O      ,   7.04,    0.272,
As Nd O Ru      ,  7.042,    0.273,
As O Ru Sm      ,  7.044,    0.273,
As Ce O Ru      ,  7.045,    0.273,
F Ni O Sb       ,  7.047,    0.273,
I O P Pb        ,  7.047,    0.273,
Br F O Te       ,  7.049,    0.273,
Cu F O Te       ,  7.055,    0.274,
Cl Eu O Se      ,  7.059,    0.274,
Hg I Pb S       ,   7.06,    0.274,
Ca Cl O Si      ,  7.061,    0.274,
Mn Mo S Se      ,  7.062,    0.274,
F O P Zn        ,  7.063,    0.274,
Cl O Se Yb      ,  7.066,    0.274,
Al Ca O Te      ,  7.074,    0.275,
Br Li O P       ,  7.077,    0.275,
B Cl Cr O       ,  7.077,    0.275,
Cl Re Te Te     ,  7.078,    0.275,
Ag Ce O S       ,  7.085,    0.276,
Al Ca Cl O      ,  7.087,    0.276,
Ag F O P        ,  7.089,    0.276,
Cu Nd O S       ,   7.09,    0.276,
Mo S Se Sm      ,   7.09,    0.276,
Bi I O Te       ,   7.09,    0.276,
I La S Si       ,  7.092,    0.276,
Ce Cu O S       ,  7.093,    0.276,
Cu F O P        ,  7.096,    0.277,
Cu O Pr S       ,    7.1,    0.277,
Cl N Sb Se      ,    7.1,    0.277,
Cu F Hg S       ,   7.11,    0.278,
Li Mo S Se      ,  7.111,    0.278,
Br Nb O Pb      ,  7.114,    0.278,
Ca O S Sb       ,  7.115,    0.278,
I Li P S        ,  7.116,    0.278,
Ag F O S        ,   7.12,    0.279,
Ca O S Si       ,   7.12,    0.279,
Gd O Se Ti      ,  7.122,    0.279,
Nd O Se Ti      ,  7.126,    0.279,
O Se Sm Ti      ,  7.129,    0.279,
Ga La O S       ,  7.129,    0.279,
Ce O Se Ti      ,  7.129,    0.279,
Cu La O Te      ,   7.13,    0.279,
Al F O Si       ,  7.132,    0.279,
Gd O Si Te      ,  7.136,     0.28,
Br Cl La O      ,  7.138,     0.28,
La O P Zn       ,  7.138,     0.28,
Br Nb O Tl      ,  7.139,     0.28,
Cd F O P        ,   7.14,     0.28,
Nd O Si Te      ,   7.14,     0.28,
O Si Sm Te      ,  7.143,     0.28,
Ce O Si Te      ,  7.143,     0.28,
Al Ca O S       ,  7.146,     0.28,
Cl Dy O Si      ,  7.146,    0.281,
As Au Nd O      ,  7.147,    0.281,
Cl Gd O Si      ,  7.149,    0.281,
As Au O Sm      ,  7.149,    0.281,
O Pr Si Te      ,  7.151,    0.281,
Cl Nd O Si      ,  7.154,    0.281,
As La O Ru      ,  7.154,    0.281,
Cl O Si Sm      ,  7.156,    0.281,
Ce Cl O Si      ,  7.157,    0.281,
Cl O Si Tb      ,   7.16,    0.282,
F O Sc Se       ,  7.164,    0.282,
Cl O Pr Si      ,  7.164,    0.282,
Cu Na O S       ,  7.165,    0.282,
Cu La O P       ,  7.171,    0.282,
Ca Cl O P       ,  7.174,    0.283,
Cl P S Ta       ,  7.176,    0.283,
Cr Hg O S       ,  7.177,    0.283,
F Ga Mg O       ,  7.178,    0.283,
F Hg Ni S       ,  7.178,    0.283,
Cl F O Sb       ,  7.186,    0.283,
B Cl O Pb       ,  7.192,    0.284,
Ag La O S       ,  7.194,    0.284,
Bi Br Nb O      ,  7.198,    0.284,
La Mo S Se      ,  7.199,    0.285,
Cu La O S       ,  7.201,    0.285,
Ag Br O W       ,  7.203,    0.285,
Ca Cl O S       ,  7.204,    0.285,
Dy O S Si       ,  7.205,    0.285,
Gd O S Si       ,  7.208,    0.285,
Nd O S Si       ,  7.212,    0.285,
Au Cl F P       ,  7.212,    0.285,
F O P Sb        ,  7.213,    0.286,
Cl O Pb V       ,  7.213,    0.286,
O S Si Sm       ,  7.214,    0.286,
Ce O S Si       ,  7.215,    0.286,
Br Mo O Pb      ,  7.218,    0.286,
Cl Gd O Te      ,   7.22,    0.286,
O Pr S Si       ,  7.222,    0.286,
Cl Nd O Te      ,  7.224,    0.286,
Hg Hg I O       ,  7.224,    0.286,
Nd O Se V       ,  7.227,    0.287,
Ce Cl O Te      ,  7.227,    0.287,
O Se Sm V       ,  7.229,    0.287,
F Hg S Si       ,  7.231,    0.287,
Ca O P S        ,  7.232,    0.287,
Cl Hg O Pb      ,  7.233,    0.287,
Na Ni O S       ,  7.233,    0.287,
Er O S Si       ,  7.234,    0.287,
F Ge O V        ,  7.236,    0.287,
La O Se Ti      ,  7.237,    0.287,
Br O Pb Tl      ,  7.238,    0.287,
La Ni O P       ,  7.239,    0.288,
Cl Mn O P       ,   7.24,    0.288,
Cl Ga O Re      ,   7.24,    0.288,
Al F O P        ,  7.243,    0.288,
F O S Sb        ,  7.243,    0.288,
Cl N S Se       ,  7.248,    0.288,
Ho O S Si       ,  7.253,    0.289,
O S Si Tm       ,  7.259,    0.289,
Cu F Se Sm      ,   7.26,    0.289,
B Cr I O        ,   7.26,    0.289,
F In O Te       ,  7.261,    0.289,
Cl La O Si      ,  7.264,    0.289,
Cl Nd O P       ,  7.265,    0.289,
Cl Ho O Te      ,  7.266,     0.29,
Bi I Mn Se      ,  7.267,     0.29,
Ce Cl O P       ,  7.267,     0.29,
Cl O P Pr       ,  7.275,     0.29,
Cl Hf Hg P      ,  7.277,     0.29,
Br O Ta Te      ,  7.279,    0.291,
Cl Cr Gd Te     ,  7.279,    0.291,
Cl Cr Sm Te     ,  7.286,    0.291,
Cl Li O P       ,  7.288,    0.291,
B Br Ca O       ,  7.289,    0.291,
Cl Cr Tb Te     ,  7.289,    0.291,
Cl Gd O S       ,  7.291,    0.291,
Cl Nd O S       ,  7.295,    0.292,
Bi Cl O V       ,  7.295,    0.292,
Eu Mo S Se      ,  7.296,    0.292,
Bi Br O Pb      ,  7.297,    0.292,
Ce Cl O S       ,  7.298,    0.292,
Cl F O P        ,  7.301,    0.292,
Cl O Pr S       ,  7.305,    0.293,
I Mn O Sb       ,  7.305,    0.293,
Cl Cr O Pb      ,   7.31,    0.293,
Bi Br Mn S      ,  7.316,    0.293,
La O S Sb       ,  7.316,    0.293,
O Sb Se Sr      ,  7.317,    0.293,
F O S Te        ,  7.318,    0.294,
La O S Si       ,  7.321,    0.294,
Cl Ga N P       ,  7.324,    0.294,
Cl Hf O S       ,  7.325,    0.294,
Ce Cr O Se      ,  7.326,    0.294,
Cl S S W        ,  7.328,    0.294,
F O P P         ,  7.328,    0.294,
Cl Re Se Tl     ,  7.329,    0.294,
Cl F O S        ,  7.331,    0.295,
Ge N O Zn       ,  7.335,    0.295,
Nb O Se Sm      ,   7.34,    0.295,
C Cl Cu O       ,  7.342,    0.295,
C Cl O Pd       ,  7.348,    0.296,
Cl Nb O Tl      ,  7.348,    0.296,
Ba Ge Se Te     ,  7.349,    0.296,
N P Te Zn       ,   7.35,    0.296,
B Br Mn O       ,  7.354,    0.296,
Cl Ga N S       ,  7.354,    0.296,
Ca I O P        ,  7.355,    0.296,
C F Ge Se       ,  7.358,    0.297,
Cl Eu O Si      ,   7.36,    0.297,
Cl N P Zn       ,  7.363,    0.297,
Cl O Si Yb      ,  7.366,    0.297,
F I O Sb        ,  7.366,    0.297,
F Mg O Si       ,  7.369,    0.297,
S Se Ta Tl      ,  7.372,    0.298,
B I O Pb        ,  7.373,    0.298,
Cl La O P       ,  7.374,    0.298,
F Nb O Se       ,  7.374,    0.298,
Br Cu O Sr      ,  7.375,    0.298,
As Cl O Sr      ,  7.378,    0.298,
C O Ru Se       ,  7.379,    0.298,
Cl I Te W       ,   7.38,    0.298,
Ag N O Se       ,  7.388,    0.299,
I O Pb V        ,  7.393,    0.299,
Na O P S        ,  7.395,    0.299,
Br O Te W       ,  7.399,      0.3,
Dy O S Sn       ,  7.401,      0.3,
Mo Se Te W      ,  7.402,      0.3,
In La O S       ,  7.403,      0.3,
Cl La O S       ,  7.403,      0.3,
Cl O Se Sr      ,  7.404,      0.3,
As Cr La O      ,  7.405,      0.3,
Bi Cl Nb O      ,  7.405,      0.3,
Li Mn Se Te     ,  7.407,      0.3,
Cd Ge N O       ,  7.409,      0.3,
Ag Cl O W       ,   7.41,    0.301,
Br Cl O W       ,  7.411,    0.301,
F O P Sn        ,  7.415,    0.301,
Cl Cu O W       ,  7.417,    0.301,
N P S Zn        ,  7.419,    0.301,
O S Si Yb       ,  7.423,    0.301,
Cl Cu N S       ,  7.424,    0.302,
Na O S S        ,  7.425,    0.302,
Cl Mo O Pb      ,  7.425,    0.302,
F Hg O Zn       ,  7.428,    0.302,
Ag F O V        ,  7.433,    0.302,
F I O Te        ,   7.44,    0.303,
I La O Si       ,  7.443,    0.303,
F O S Sn        ,  7.444,    0.303,
Cl Mo O Tl      ,  7.448,    0.303,
B Br Na O       ,  7.451,    0.304,
C Cl O Sb       ,  7.455,    0.304,
Cu Eu F Se      ,  7.461,    0.304,
B Cd F O        ,  7.462,    0.304,
Ga N O Zn       ,  7.468,    0.305,
Cl Eu O P       ,  7.468,    0.305,
Bi Br O Y       ,  7.468,    0.305,
Ag As O Th      ,   7.47,    0.305,
F Mg O P        ,  7.477,    0.306,
As Cu O Th      ,  7.477,    0.306,
Ce O P Ru       ,  7.481,    0.306,
Cl O Ta Te      ,  7.484,    0.306,
Ge N O Si       ,  7.484,    0.306,
Cl F O Ru       ,  7.487,    0.306,
Pr S Se Sm      ,   7.49,    0.307,
Cd N P S        ,  7.493,    0.307,
B Ca Cl O       ,  7.494,    0.307,
Ba Cl Ga Se     ,  7.495,    0.307,
Cl O Re Te      ,  7.498,    0.307,
Cl Dy O Ti      ,  7.498,    0.307,
Bi Cl O Pb      ,  7.501,    0.307,
Cl Nd O Ti      ,  7.505,    0.308,
I Mo Nb O       ,  7.505,    0.308,
Cl O Sm Ti      ,  7.507,    0.308,
Au C Cl S       ,  7.509,    0.308,
Ca Cl O V       ,  7.514,    0.308,
Cl O Pr Ti      ,  7.515,    0.308,
La O S Sn       ,  7.515,    0.308,
F Nb O Zn       ,  7.517,    0.309,
Bi Cl Mn S      ,   7.52,    0.309,
F Hg Ni O       ,  7.525,    0.309,
Br C F Ge       ,  7.527,    0.309,
F O Te Ti       ,  7.528,    0.309,
F O Sc Te       ,  7.528,    0.309,
Al Cl N P       ,  7.536,     0.31,
Cl N S Sb       ,  7.536,     0.31,
Cl O P Re       ,  7.537,     0.31,
Ag F Nb O       ,  7.541,     0.31,
Br C O Ru       ,  7.548,    0.311,
Cu F Nb O       ,  7.548,    0.311,
Ba Cu Se Te     ,  7.551,    0.311,
Cl O S Ta       ,  7.552,    0.311,
Ag Br N O       ,  7.556,    0.312,
Gd O S Ti       ,  7.556,    0.312,
B Cl Mn O       ,  7.557,    0.312,
Al B F O        ,   7.56,    0.312,
Nd O S Ti       ,   7.56,    0.312,
O S Sm Ti       ,  7.563,    0.312,
Al Cl N S       ,  7.565,    0.312,
Cl O Re S       ,  7.566,    0.312,
O S Tb Ti       ,  7.566,    0.312,
O Pr S Ti       ,   7.57,    0.313,
Br Cl O Sr      ,  7.572,    0.313,
Au F O Te       ,  7.574,    0.313,
B Cl Dy O       ,  7.574,    0.313,
B Cl Gd O       ,  7.577,    0.313,
Cl Cu O Sr      ,  7.577,    0.313,
B Br Eu O       ,  7.579,    0.313,
B Ce Cl O       ,  7.584,    0.314,
Ag I O W        ,  7.586,    0.314,
B Cl O Tb       ,  7.586,    0.314,
B Cl O Pr       ,   7.59,    0.314,
Cl Mo O Y       ,  7.594,    0.314,
Bi Br Ca O      ,  7.594,    0.314,
Br O P Sr       ,  7.598,    0.315,
Br Dy Mo O      ,  7.599,    0.315,
Cl O Te W       ,  7.601,    0.315,
Br Gd Mo O      ,  7.602,    0.315,
B Cl Er O       ,  7.602,    0.315,
B Cl Li O       ,  7.603,    0.315,
B F O Te        ,  7.603,    0.315,
Br Mo Nd O      ,  7.606,    0.315,
Ca Cl Cr O      ,  7.607,    0.315,
Br Mo O Sm      ,  7.608,    0.316,
Br Ce Mo O      ,  7.608,    0.316,
Nb S Ta Te      ,  7.611,    0.316,
Cl La O Ti      ,  7.611,    0.316,
Br Mo O Tb      ,  7.611,    0.316,
Br Mo O Pr      ,  7.615,    0.316,
B Cl F O        ,  7.616,    0.316,
Bi La O Se      ,   7.62,    0.316,
B Cl Ho O       ,   7.62,    0.316,
F O Te V        ,  7.624,    0.317,
B Cl O Tm       ,  7.625,    0.317,
Br Er Mo O      ,  7.627,    0.317,
F I I O         ,  7.628,    0.317,
Na O S Ti       ,  7.631,    0.317,
C Cl O Rh       ,  7.633,    0.317,
B O S Sm        ,  7.638,    0.318,
F O Se Y        ,  7.638,    0.318,
Ag F Mo O       ,  7.639,    0.318,
F O Sb Tc       ,  7.641,    0.318,
Au F O S        ,  7.641,    0.318,
Cl Os Re Se     ,  7.642,    0.318,
Cl Ni O Sr      ,  7.642,    0.318,
F Hg O Te       ,  7.642,    0.318,
Br Ho Mo O      ,  7.645,    0.318,
N O S Se        ,  7.646,    0.318,
Br Mo O Tm      ,   7.65,    0.319,
B Cl Na O       ,  7.651,    0.319,
Cl I Mo Na      ,  7.658,    0.319,
F O P V         ,  7.662,     0.32,
La O S Ti       ,  7.665,     0.32,
Bi Cl O Y       ,  7.668,     0.32,
Bi Br Dy O      ,  7.673,     0.32,
Bi I O Pb       ,  7.675,    0.321,
Cl N S S        ,  7.675,    0.321,
Bi Br Gd O      ,  7.676,    0.321,
Bi Br Nd O      ,   7.68,    0.321,
F Hg O P        ,  7.681,    0.321,
Bi Br O Sm      ,  7.683,    0.321,
B Cl La O       ,  7.685,    0.321,
Bi Br O Tb      ,  7.686,    0.321,
Bi Br O Pr      ,   7.69,    0.322,
Cl O Si Sr      ,  7.692,    0.322,
I Pt Ta Te      ,  7.693,    0.322,
Bi Br Er O      ,  7.701,    0.323,
Bi Br Li O      ,  7.702,    0.323,
Cl Eu O Ti      ,  7.702,    0.323,
Al O Sr Te      ,  7.703,    0.323,
Cl La O V       ,  7.705,    0.323,
B Na O S        ,  7.706,    0.323,
Br La O Pb      ,  7.706,    0.323,
Br La Mo O      ,   7.71,    0.323,
F Mg O Ti       ,  7.711,    0.323,
As B O Sr       ,  7.715,    0.324,
Ba Br Ga S      ,  7.715,    0.324,
Al Cl O Sr      ,  7.715,    0.324,
Cl Nb O Pr      ,  7.716,    0.324,
Bi Br Ho O      ,  7.719,    0.324,
Bi Br O Tm      ,  7.724,    0.324,
Na O S V        ,  7.726,    0.324,
I Nb Ta Te      ,  7.728,    0.325,
B I Mn O        ,  7.729,    0.325,
Br Lu Mo O      ,   7.73,    0.325,
As F Sr Zn      ,  7.733,    0.325,
Ca F Ge O       ,  7.735,    0.325,
As Ca F O       ,  7.736,    0.325,
Ag N O Te       ,  7.742,    0.326,
Ba In Se Te     ,  7.743,    0.326,
Cl N Si Ti      ,  7.745,    0.326,
C Cl O Ru       ,  7.746,    0.326,
Cr Nd O S       ,  7.747,    0.326,
Ce Cr O S       ,  7.749,    0.326,
Cu I O Sr       ,  7.749,    0.326,
Bi Br Na O      ,   7.75,    0.326,
C Cl F Se       ,  7.752,    0.326,
Cl Re S Tl      ,  7.752,    0.326,
Ag Cl N O       ,  7.754,    0.327,
F Mo O Sb       ,  7.754,    0.327,
N O P Zn        ,  7.755,    0.327,
Ba Cl In Se     ,  7.756,    0.327,
Gd Nb O S       ,  7.756,    0.327,
Cl O Sr Te      ,  7.758,    0.327,
La O S V        ,  7.759,    0.327,
Cl Cu N O       ,   7.76,    0.327,
Nb O S Sm       ,  7.762,    0.327,
Ce Nb O S       ,  7.763,    0.327,
As Mn Nd O      ,  7.763,    0.327,
As Ce Mn O      ,  7.766,    0.327,
Al O S Sr       ,  7.769,    0.328,
Br N S V        ,  7.774,    0.328,
Cl Na Nb O      ,  7.776,    0.328,
B Cl Eu O       ,  7.776,    0.328,
As F N Se       ,  7.777,    0.328,
F O S Tc        ,  7.778,    0.328,
C F Ge S        ,  7.779,    0.329,
As C F S        ,   7.78,    0.329,
Ag F Se Sr      ,  7.782,    0.329,
B F Mg O        ,  7.784,    0.329,
Cu F Se Sr      ,  7.788,    0.329,
Mn Nd O Se      ,  7.788,    0.329,
Ce Mn O Se      ,  7.791,    0.329,
Bi Ca Cl O      ,  7.791,    0.329,
Cl O P Sr       ,  7.795,     0.33,
Cl Dy Mo O      ,  7.796,     0.33,
Mn O Pr Se      ,  7.798,     0.33,
Cl Gd Mo O      ,  7.798,     0.33,
C O Ru S        ,  7.799,     0.33,
Cl Mo Nd O      ,  7.802,     0.33,
Cl F Ir P       ,  7.803,     0.33,
C I O Rh        ,  7.804,     0.33,
Bi Br Lu O      ,  7.804,     0.33,
Cl Mo O Sm      ,  7.805,     0.33,
Ce Cl Mo O      ,  7.805,     0.33,
Br Mo O Yb      ,  7.806,    0.331,
Ag N O S        ,  7.807,    0.331,
Cl Mo O Tb      ,  7.808,    0.331,
Cl La Nb O      ,  7.809,    0.331,
Cl Mo O Pr      ,  7.812,    0.331,
Cu Eu F Te      ,  7.812,    0.331,
Mg N P S        ,  7.814,    0.331,
F Gd Ge O       ,  7.816,    0.331,
Al N O Si       ,  7.818,    0.331,
As Ga Mn N      ,  7.819,    0.332,
Cl Er Mo O      ,  7.823,    0.332,
As Ce F O       ,  7.823,    0.332,
F Mo O Te       ,  7.824,    0.332,
Br Gd I Na      ,  7.826,    0.332,
Cl N Sb V       ,  7.833,    0.333,
Cl F O Pb       ,  7.833,    0.333,
Bi I O Y        ,  7.838,    0.333,
Dy F O Se       ,  7.839,    0.333,
Cl Ho Mo O      ,  7.841,    0.333,
Au C Cl O       ,  7.842,    0.333,
Br C I Y        ,  7.842,    0.333,
F Gd O Se       ,  7.842,    0.333,
Cl Mo O Tm      ,  7.846,    0.334,
F Nd O Se       ,  7.846,    0.334,
Cl N P Ti       ,  7.847,    0.334,
F Mg O Zr       ,  7.847,    0.334,
F Nb O Sn       ,  7.848,    0.334,
F O Se Sm       ,  7.848,    0.334,
O P S Sr        ,  7.848,    0.334,
Ce F O Se       ,  7.848,    0.334,
Cr La O S       ,  7.849,    0.334,
Ba Se Sn Te     ,  7.851,    0.334,
F O Se Tb       ,  7.851,    0.334,
Bi Cl Mn O      ,  7.852,    0.334,
F O Pr Se       ,  7.855,    0.334,
F O P Pb        ,  7.858,    0.334,
Hg I Na O       ,  7.859,    0.335,
La Nb O S       ,  7.862,    0.335,
Er F O Se       ,  7.866,    0.335,
B Br Mg N       ,  7.867,    0.335,
Cl N O Sb       ,  7.867,    0.335,
Bi Cl Dy O      ,  7.868,    0.335,
Bi Cl Gd O      ,  7.871,    0.335,
Bi Br Eu O      ,  7.873,    0.336,
Bi Cl Nd O      ,  7.875,    0.336,
Cu Eu F S       ,  7.877,    0.336,
Bi Cl O Sm      ,  7.877,    0.336,
Bi Br O Yb      ,  7.879,    0.336,
Bi Cl O Tb      ,  7.881,    0.336,
Ag O P Th       ,  7.883,    0.336,
F Ho O Se       ,  7.884,    0.336,
Bi Cl O Pr      ,  7.884,    0.336,
F O Pb S        ,  7.886,    0.337,
Br C Cl Pr      ,  7.888,    0.337,
F O Se Tm       ,  7.889,    0.337,
Cu O P Th       ,  7.889,    0.337,
La Mn O Se      ,   7.89,    0.337,
Br C O Pb       ,  7.891,    0.337,
As Ba O Zn      ,  7.891,    0.337,
F Sb Se Sr      ,  7.895,    0.337,
Al Cl N O       ,  7.895,    0.337,
Bi Cl Er O      ,  7.896,    0.337,
Bi Cl Li O      ,  7.896,    0.337,
Cl La O Pb      ,    7.9,    0.338,
Br C F Te       ,    7.9,    0.338,
B Br O Sr       ,  7.901,    0.338,
Cl La Mo O      ,  7.904,    0.338,
F Mg Nb O       ,  7.907,    0.338,
F O S Tl        ,  7.908,    0.338,
Ba Cl Ga S      ,  7.909,    0.338,
Bi Cl F O       ,  7.909,    0.338,
Bi Cl Ho O      ,  7.913,    0.339,
C I O Ru        ,  7.914,    0.339,
Cl Cl N V       ,  7.914,    0.339,
F O Si Y        ,  7.917,    0.339,
Bi Cl O Tm      ,  7.918,    0.339,
B Cl N P        ,   7.92,    0.339,
Br O Sr V       ,   7.92,    0.339,
Ag I N O        ,  7.922,    0.339,
Cl Lu Mo O      ,  7.924,    0.339,
Bi Br O Ta      ,  7.925,     0.34,
Ca Cu F O       ,  7.927,     0.34,
Br N Nd Se      ,  7.928,     0.34,
Bi Ce O S       ,   7.93,     0.34,
Bi Cl Na O      ,  7.943,    0.341,
F La O Se       ,  7.947,    0.341,
Bi Ca I O       ,  7.959,    0.342,
Br O Pb W       ,   7.96,    0.342,
Ba Cu S Te      ,  7.962,    0.342,
I O P Sr        ,  7.962,    0.342,
Cl N S V        ,  7.967,    0.343,
F Lu O Se       ,  7.967,    0.343,
Cl O Ru Sr      ,   7.97,    0.343,
Cl N O P        ,  7.973,    0.343,
Cl Hg O W       ,  7.978,    0.344,
Cl N P Zr       ,  7.982,    0.344,
Cl F Pb Pb      ,  7.991,    0.345,
F Nb O Ti       ,  7.992,    0.345,
F Nb O Sc       ,  7.992,    0.345,
Cl Eu Mo O      ,  7.992,    0.345,
Bi Cl Lu O      ,  7.996,    0.345,
Cl Mo O Yb      ,  7.998,    0.345,
Cl N O S        ,  8.001,    0.345,
F Ge O Yb       ,  8.015,    0.346,
Cl Na O Y       ,  8.027,    0.347,
C Cl F Si       ,  8.027,    0.347,
Bi La O S       ,  8.028,    0.347,
Bi O Se Sr      ,  8.029,    0.347,
C Cr O S        ,   8.03,    0.348,
Ca F O Sb       ,  8.032,    0.348,
B Be F O        ,  8.033,    0.348,
Cl N Pt S       ,  8.034,    0.348,
Bi Dy I O       ,  8.034,    0.348,
Bi Br O W       ,  8.035,    0.348,
Ca F O Si       ,  8.036,    0.348,
Bi Gd I O       ,  8.037,    0.348,
Cl N Nb P       ,   8.04,    0.348,
F O Se Yb       ,   8.04,    0.348,
Bi I Nd O       ,   8.04,    0.348,
Bi I O Sm       ,  8.043,    0.348,
F O S Y         ,  8.045,    0.349,
Bi I O Tb       ,  8.046,    0.349,
F Mn Ni O       ,  8.048,    0.349,
Bi I O Pr       ,   8.05,    0.349,
C N Se Se       ,   8.05,    0.349,
N Pr Se Si      ,  8.051,    0.349,
N O S S         ,  8.053,    0.349,
Cl N O Sn       ,  8.053,    0.349,
Cl O Pb Re      ,  8.053,    0.349,
B Cl Mg N       ,  8.057,     0.35,
Al Ca F O       ,  8.059,     0.35,
Bi Er I O       ,  8.061,     0.35,
Bi I Li O       ,  8.061,     0.35,
O Pr Se Ta      ,  8.062,     0.35,
Bi Cl Eu O      ,  8.063,     0.35,
Br Gd La O      ,  8.067,     0.35,
F O Os Sb       ,  8.068,     0.35,
Bi Cl O Yb      ,  8.069,     0.35,
As La N Ni      ,  8.069,     0.35,
As In Mn N      ,   8.07,    0.351,
Cl N Sc Sc      ,  8.071,    0.351,
Ba Cl S Sb      ,  8.078,    0.351,
Bi Ho I O       ,  8.078,    0.351,
Cl I N V        ,  8.079,    0.351,
F Se Sn Sr      ,   8.08,    0.351,
C Cl O Pb       ,   8.08,    0.351,
F O Pb Ti       ,  8.081,    0.351,
F O Pb Sc       ,  8.081,    0.351,
Bi I O Tm       ,  8.083,    0.351,
C Cl F Te       ,   8.09,    0.352,
B Cl O Sr       ,  8.091,    0.352,
F Mn O Si       ,  8.095,    0.352,
Ba Br Cu O      ,  8.103,    0.353,
As Ba Cl O      ,  8.105,    0.353,
Bi I Na O       ,  8.107,    0.353,
Cl O Sr V       ,  8.109,    0.354,
Dy F O Si       ,  8.111,    0.354,
Bi Cl O Ta      ,  8.114,    0.354,
Cl Mn Mn O      ,  8.114,    0.354,
B O P Sr        ,  8.115,    0.354,
Br O W Y        ,  8.118,    0.354,
Ag F Sr Te      ,  8.119,    0.354,
C I O Pt        ,  8.121,    0.354,
F O Pr Sb       ,  8.122,    0.354,
F Nb O Zr       ,  8.124,    0.355,
Cu F Sr Te      ,  8.125,    0.355,
Cl Hg O Sr      ,  8.127,    0.355,
Cl Mo N P       ,  8.132,    0.355,
Ca F O P        ,  8.135,    0.355,
Er F O Si       ,  8.137,    0.356,
Bi I La O       ,  8.139,    0.356,
Br Cl K Pd      ,  8.145,    0.356,
Ba In S Te      ,  8.145,    0.356,
Ba S Se V       ,  8.148,    0.356,
O Os P Pr       ,  8.148,    0.356,
Cl O Pb W       ,  8.149,    0.357,
B F O Pb        ,  8.151,    0.357,
Ba O P Se       ,  8.154,    0.357,
In K Se Te      ,  8.154,    0.357,
Bi F O Ti       ,  8.155,    0.357,
F Ho O Si       ,  8.155,    0.357,
Ba Cl In S      ,  8.157,    0.357,
Bi I Lu O       ,  8.159,    0.357,
Cl Nd Nd O      ,  8.159,    0.357,
Ce Cl Nd O      ,  8.161,    0.357,
Ba Hg S Se      ,  8.165,    0.358,
Cr F Nb O       ,  8.168,    0.358,
F O Pb V        ,   8.17,    0.358,
Cl O Tl W       ,   8.17,    0.358,
As F N S        ,  8.176,    0.359,
F Na O Sb       ,  8.179,    0.359,
Eu S Se Sr      ,   8.18,    0.359,
Ag F S Sr       ,  8.181,    0.359,
Bi Br O Sr      ,  8.184,    0.359,
Cu F S Sr       ,  8.188,    0.359,
Br Ca Cl N      ,   8.19,     0.36,
Cl N O Ti       ,  8.193,     0.36,
F Mn O P        ,  8.193,     0.36,
As Co Ni S      ,  8.194,     0.36,
Cl Cr O Sr      ,  8.195,     0.36,
F Hg Mn S       ,  8.205,    0.361,
Li Mn O S       ,  8.208,    0.361,
Ba Br O Si      ,   8.21,    0.361,
F La O Sb       ,   8.21,    0.361,
F O Pb Zr       ,  8.211,    0.361,
As Eu O Ta      ,  8.213,    0.361,
Ce Ce O S       ,  8.215,    0.362,
F La O Si       ,  8.215,    0.362,
B I Mg N        ,  8.219,    0.362,
Bi Cl O W       ,  8.222,    0.362,
B Bi F O        ,  8.224,    0.362,
Br C Mn O       ,  8.225,    0.362,
Bi Eu I O       ,  8.225,    0.362,
Br F Na Pb      ,  8.225,    0.362,
C Cl Gd I       ,  8.226,    0.362,
Bi Cl N S       ,  8.229,    0.363,
Bi I O Yb       ,   8.23,    0.363,
F O Tl Zr       ,  8.233,    0.363,
Cl Na O Pr      ,  8.233,    0.363,
Dy F O S        ,  8.236,    0.363,
F Gd O S        ,  8.239,    0.363,
F Nd O S        ,  8.242,    0.364,
Bi F O V        ,  8.243,    0.364,
F O S Sm        ,  8.244,    0.364,
Ce F O S        ,  8.245,    0.364,
C I Mo O        ,  8.245,    0.364,
F O S Tb        ,  8.247,    0.364,
F O Pr S        ,  8.251,    0.364,
Cl Gd La O      ,  8.252,    0.364,
K Se Sn Te      ,  8.256,    0.365,
As Mn O Sr      ,  8.262,    0.365,
Er F O S        ,  8.262,    0.365,
F Li O S        ,  8.262,    0.365,
C Cl F I        ,  8.263,    0.365,
Al Cl F Sr      ,  8.265,    0.365,
F Nb O Pb       ,  8.268,    0.366,
F Mo Nb O       ,  8.271,    0.366,
Ba Br O Te      ,  8.271,    0.366,
Ag C F O        ,  8.278,    0.366,
F Ho O S        ,  8.279,    0.366,
Cl N O V        ,  8.281,    0.367,
F Na O P        ,  8.281,    0.367,
Ba Br In O      ,  8.282,    0.367,
C Cu F O        ,  8.284,    0.367,
La Mn O S       ,  8.284,    0.367,
Mn O Se Sr      ,  8.285,    0.367,
Ba Cl Cu O      ,  8.288,    0.367,
F Nb O Tl       ,  8.289,    0.367,
La Nd O S       ,  8.306,    0.368,
Ba Br O P       ,  8.306,    0.368,
F Na O S        ,  8.307,    0.369,
Br Dy O W       ,  8.307,    0.369,
Ba O S Zn       ,   8.31,    0.369,
Br Gd O W       ,   8.31,    0.369,
Ba I P P        ,  8.314,    0.369,
As F O Sr       ,  8.316,    0.369,
As Br K O       ,  8.318,    0.369,
Br O Tb W       ,  8.319,    0.369,
Br N Nd S       ,   8.32,     0.37,
Cl F Na Nb      ,  8.321,     0.37,
I O Sm Sm       ,  8.323,     0.37,
Br Ce N S       ,  8.323,     0.37,
Br Lu O Ta      ,  8.323,     0.37,
Br F N P        ,  8.326,     0.37,
Al N Nb O       ,  8.327,     0.37,
Br N Pr S       ,  8.329,     0.37,
Br Er O W       ,  8.333,     0.37,
F La O S        ,  8.338,    0.371,
Bi F Nb O       ,   8.34,    0.371,
As Ba O Ti      ,  8.345,    0.371,
Br Ca I N       ,   8.35,    0.372,
Br Ho O W       ,   8.35,    0.372,
Cu F O W        ,   8.35,    0.372,
Br O Tm W       ,  8.354,    0.372,
F O Re Sb       ,  8.357,    0.372,
C C O Se        ,  8.365,    0.373,
Bi Cl O Sr      ,  8.367,    0.373,
Cl N Nb O       ,  8.377,    0.374,
Br Na O W       ,  8.378,    0.374,
C Cl O Os       ,  8.386,    0.374,
Ba Cl O Sb      ,  8.388,    0.375,
Cl Nd O Ta      ,   8.39,    0.375,
Cl O Sm Ta      ,  8.392,    0.375,
Ba Cl O Si      ,  8.392,    0.375,
Ce Cl O Ta      ,  8.392,    0.375,
C I O Y         ,  8.394,    0.375,
Cl O Pr Ta      ,  8.399,    0.375,
C Cl Mn O       ,  8.407,    0.376,
Cl F Na Pb      ,  8.407,    0.376,
C N P Se        ,  8.411,    0.376,
As B Ba O       ,  8.413,    0.377,
F I Na O        ,  8.415,    0.377,
Br La N S       ,  8.416,    0.377,
Ca Cl O W       ,  8.416,    0.377,
B Ca F O        ,  8.419,    0.377,
F O Re Te       ,  8.422,    0.377,
Bi F O Pb       ,  8.426,    0.377,
As Ba F Zn      ,   8.43,    0.378,
F Ga O Sr       ,  8.432,    0.378,
C O Os S        ,  8.435,    0.378,
Ca F O V        ,  8.437,    0.378,
C N S Se        ,  8.437,    0.378,
O S Sm Ta       ,  8.442,    0.379,
Ba Cu I O       ,  8.445,    0.379,
C F O Te        ,  8.449,    0.379,
Ba Cl O Te      ,  8.453,     0.38,
Hg I N O        ,  8.455,     0.38,
C Mn O S        ,  8.456,     0.38,
F N S Sb        ,  8.456,     0.38,
Br Co O Se      ,   8.46,     0.38,
Ba Cl In O      ,  8.463,     0.38,
F S Sn Sr       ,  8.465,     0.38,
Ge Li N O       ,   8.47,    0.381,
Ba Br O Ru      ,   8.47,    0.381,
Gd N O Se       ,  8.471,    0.381,
N Nd O Se       ,  8.474,    0.381,
Ag Ba F Se      ,  8.475,    0.381,
Mg N O Zr       ,  8.476,    0.381,
Ce N O Se       ,  8.477,    0.381,
N O Se Tb       ,  8.479,    0.382,
Ba Cu F Se      ,  8.481,    0.382,
As F N O        ,  8.483,    0.382,
N O Pr Se       ,  8.483,    0.382,
Cl La O Ta      ,  8.484,    0.382,
Ba Cl O P       ,  8.487,    0.382,
Br C O Re       ,  8.487,    0.382,
Cl In K Te      ,  8.487,    0.382,
Cl Dy O W       ,  8.488,    0.382,
B Dy F O        ,   8.49,    0.382,
Cl Gd O W       ,   8.49,    0.382,
F Na O Ti       ,  8.492,    0.383,
B F Gd O        ,  8.493,    0.383,
Cu F O Sr       ,  8.493,    0.383,
As Ba Cd F      ,  8.494,    0.383,
B F Nd O        ,  8.496,    0.383,
Br O W Yb       ,  8.497,    0.383,
As Cl K O       ,  8.499,    0.383,
B Ce F O        ,  8.499,    0.383,
Cl O Tb W       ,  8.499,    0.383,
Cl N Nd S       ,  8.501,    0.383,
B F O Tb        ,  8.501,    0.383,
Cl O Pr W       ,  8.502,    0.383,
Ce Cl N S       ,  8.503,    0.383,
F O Pb Y        ,  8.505,    0.383,
B F O Pr        ,  8.505,    0.384,
Cl F N P        ,  8.506,    0.384,
F Mo O Y        ,  8.508,    0.384,
Lu O S Yb       ,  8.509,    0.384,
Cl N Pr S       ,  8.509,    0.384,
C F O S         ,  8.509,    0.384,
As O Sr Ta      ,  8.511,    0.384,
Cl Er O W       ,  8.513,    0.384,
F O Te W        ,  8.514,    0.384,
B Er F O        ,  8.515,    0.384,
B F Li O        ,  8.516,    0.384,
As Cl Hg U      ,  8.518,    0.384,
Bi I O Sr       ,  8.523,    0.385,
As Ba Nb O      ,  8.526,    0.385,
Cl Ho O W       ,  8.529,    0.385,
Mg N Nb O       ,  8.531,    0.385,
B F Ho O        ,  8.532,    0.386,
Ca F Nb O       ,  8.532,    0.386,
Cl O Tm W       ,  8.534,    0.386,
Ba O P S        ,  8.536,    0.386,
B F O Tm        ,  8.536,    0.386,
N O Si Y        ,  8.541,    0.386,
C I O Os        ,  8.541,    0.386,
Ce F S Y        ,  8.545,    0.387,
F Ni O Sr       ,  8.551,    0.387,
F N P S         ,  8.555,    0.387,
N O Sc Zr       ,  8.556,    0.387,
Cl Na O W       ,  8.557,    0.387,
B F Na O        ,  8.559,    0.388,
C I Mn O        ,  8.562,    0.388,
C N S Zn        ,  8.562,    0.388,
K O S Se        ,  8.571,    0.388,
Bi F O Y        ,  8.575,    0.389,
C Dy I O        ,  8.577,    0.389,
F Na O V        ,  8.577,    0.389,
Br C O W        ,  8.578,    0.389,
Ba F Sb Se      ,  8.579,    0.389,
Ag C N S        ,  8.584,    0.389,
B Ba Br O       ,  8.584,     0.39,
Ga Li N O       ,  8.585,     0.39,
Cl La O W       ,  8.587,     0.39,
F Mn Nb O       ,  8.587,     0.39,
C Cu N S        ,  8.589,     0.39,
B F La O        ,   8.59,     0.39,
Ba Mn Se Te     ,   8.59,     0.39,
Au Br Cl K      ,  8.593,     0.39,
Cl La N S       ,  8.594,     0.39,
N O V V         ,    8.6,    0.391,
Cl Lu O W       ,  8.606,    0.391,
F O Ti Yb       ,   8.61,    0.391,
Cl Mn O Sr      ,  8.614,    0.392,
As Cl Co O      ,  8.615,    0.392,
Cl Mo Mo N      ,  8.616,    0.392,
Al F O Sr       ,  8.617,    0.392,
C Cd N S        ,  8.626,    0.393,
F Li Nb O       ,  8.628,    0.393,
Br N O Pr       ,   8.63,    0.393,
Cl Co O Se      ,  8.638,    0.394,
C Cl N Sb       ,  8.638,    0.394,
Cl O Re Re      ,  8.638,    0.394,
Ba I O P        ,  8.641,    0.394,
C F O Ru        ,  8.644,    0.394,
C N Ni S        ,  8.646,    0.394,
Ba Cl O Ru      ,  8.648,    0.394,
Ba Mn S Se      ,  8.649,    0.394,
Ca N O Si       ,  8.651,    0.395,
As I K O        ,  8.652,    0.395,
Br F N O        ,  8.652,    0.395,
Ba F In Se      ,  8.653,    0.395,
Ca F S Sm       ,  8.655,    0.395,
Al C Cl N       ,  8.663,    0.396,
C Cl O Re       ,  8.664,    0.396,
F Na Nb O       ,  8.671,    0.396,
B Eu F O        ,  8.671,    0.396,
Eu Eu I O       ,  8.671,    0.396,
B Ca Cl N       ,  8.672,    0.396,
Cl Cu K O       ,  8.673,    0.396,
Cl O W Yb       ,  8.674,    0.396,
B F O Yb        ,  8.676,    0.396,
F O P Sr        ,  8.688,    0.397,
Dy F Mo O       ,  8.689,    0.397,
C N S Si        ,  8.691,    0.398,
F Gd Mo O       ,  8.691,    0.398,
F Mo Nd O       ,  8.694,    0.398,
F Mo O Sm       ,  8.697,    0.398,
Ce F Mo O       ,  8.697,    0.398,
Cl N P Ta       ,  8.697,    0.398,
F Mo O Tb       ,  8.699,    0.398,
Cl Li N Ti      ,  8.701,    0.398,
Ba Bi O Se      ,  8.702,    0.398,
F Mo O Pr       ,  8.703,    0.399,
Cl N Si W       ,  8.706,    0.399,
Br Co O Sb      ,  8.709,    0.399,
Er F Mo O       ,  8.713,    0.399,
Br La N O       ,  8.713,    0.399,
C Hg N Se       ,   8.72,      0.4,
Gd N O Si       ,  8.723,      0.4,
N Nd O Si       ,  8.727,      0.4,
Cu O P U        ,  8.729,      0.4,
N O Si Sm       ,  8.729,      0.4,
Ce N O Si       ,  8.729,      0.4,
F Ho Mo O       ,  8.729,    0.401,
F Mo O Tm       ,  8.733,    0.401,
Cl N Re S       ,  8.734,    0.401,
C Cl N P        ,  8.734,    0.401,
N O Pr Si       ,  8.735,    0.401,
Co Cr S Se      ,  8.735,    0.401,
C C O S         ,  8.737,    0.401,
Br Cl N Sr      ,   8.74,    0.401,
Ba O S Ti       ,  8.742,    0.401,
Cl N Na Ti      ,  8.743,    0.402,
Er N O Si       ,  8.745,    0.402,
B Br Eu N       ,  8.745,    0.402,
Li N O Si       ,  8.746,    0.402,
Al N Nd O       ,  8.747,    0.402,
Ba F Se Sn      ,  8.749,    0.402,
F N O Sb        ,  8.753,    0.402,
F Mo Na O       ,  8.756,    0.403,
B Ba Cl O       ,  8.759,    0.403,
C Cl N S        ,   8.76,    0.403,
Br Co O Te      ,  8.771,    0.404,
Ba Cl F Zn      ,  8.775,    0.404,
Ba Cl O V       ,  8.777,    0.404,
As F Mn Sr      ,  8.777,    0.404,
Gd N O Te       ,  8.781,    0.404,
B Ba O P        ,  8.782,    0.404,
C N P S         ,  8.782,    0.405,
Bi K S Se       ,  8.784,    0.405,
Ag Ba F Te      ,  8.785,    0.405,
F La Mo O       ,  8.786,    0.405,
C F Hg O        ,  8.789,    0.405,
Ba Cu F Te      ,  8.791,    0.405,
Ba Cl Hg O      ,  8.793,    0.405,
Al Cl K O       ,  8.793,    0.405,
Ba Br Cl F      ,  8.797,    0.406,
Ba Cl Cu F      ,  8.802,    0.406,
Cl Eu O Sr      ,  8.806,    0.406,
C I O Re        ,  8.815,    0.407,
K O S Sb        ,  8.816,    0.407,
La N O Si       ,  8.817,    0.407,
K O S Si        ,   8.82,    0.407,
Cl Li N Zr      ,  8.822,    0.408,
B Ca I N        ,  8.822,    0.408,
Cl N S W        ,  8.823,    0.408,
Ba O S V        ,  8.824,    0.408,
B F N S         ,  8.825,    0.408,
F In N O        ,  8.825,    0.408,
Cl F N O        ,  8.826,    0.408,
Li N O P        ,  8.837,    0.409,
Ag Ba F S       ,  8.843,    0.409,
F O Ru Sr       ,  8.845,    0.409,
Ba Bi Br O      ,  8.845,    0.409,
Ba Cu F S       ,  8.849,     0.41,
Cl Hg Te U      ,  8.849,     0.41,
C N S Sn        ,  8.854,     0.41,
Ba Cl F Ni      ,  8.857,     0.41,
Ba Cd F P       ,  8.859,     0.41,
Li N O S        ,  8.862,    0.411,
Cl O Re Sr      ,  8.865,    0.411,
Eu F Mo O       ,  8.865,    0.411,
Ag C N O        ,  8.876,    0.412,
O P Te U        ,  8.885,    0.412,
Br I N Sr       ,  8.889,    0.413,
F O Sr Ti       ,   8.89,    0.413,
F O Sc Sr       ,   8.89,    0.413,
Cl O P U        ,  8.896,    0.413,
Eu N O Si       ,  8.897,    0.413,
As K Nb O       ,  8.901,    0.414,
N O Si Yb       ,  8.902,    0.414,
F O Pb Ta       ,  8.909,    0.414,
K O P S         ,   8.91,    0.414,
N Na S Zr       ,  8.911,    0.414,
Ba Nb O S       ,  8.915,    0.415,
Al Eu N O       ,  8.917,    0.415,
As Ba Mn O      ,  8.917,    0.415,
Bi F S Sr       ,  8.923,    0.415,
La N O S        ,  8.932,    0.416,
K O S S         ,  8.935,    0.416,
F O Os Os       ,  8.936,    0.416,
Cl Co O Te      ,  8.942,    0.417,
C F O Pb        ,  8.945,    0.417,
Ba Br F I       ,  8.945,    0.417,
Ce I N O        ,  8.946,    0.417,
B F O Sr        ,  8.954,    0.418,
Br Cl Cu Rb     ,  8.954,    0.418,
B Br K O        ,  8.957,    0.418,
C F O Tl        ,  8.964,    0.418,
Ba Cl O Tl      ,  8.968,    0.419,
F O Sr V        ,  8.971,    0.419,
F I N O         ,  8.974,    0.419,
Cl Co O P       ,  8.975,    0.419,
Bi F O Ta       ,  8.976,    0.419,
C N O Si        ,  8.979,    0.419,
F O Pb W        ,  9.007,    0.422,
F Gd Nd O       ,  9.012,    0.422,
Ba F In S       ,  9.014,    0.422,
Ba Bi Cl O      ,  9.015,    0.422,
N Nd O Ti       ,  9.017,    0.422,
Cl K O Ru       ,  9.017,    0.422,
Ce N O Ti       ,  9.019,    0.422,
Ga N O Sr       ,   9.02,    0.423,
Cl N O Re       ,  9.021,    0.423,
N O Pr Ti       ,  9.025,    0.423,
B Br N Sr       ,  9.026,    0.423,
C Cl Hg N       ,  9.032,    0.423,
I La N O        ,  9.033,    0.424,
Li N O Ti       ,  9.035,    0.424,
Cr F O Sr       ,  9.049,    0.425,
Ca Cl F Sr      ,  9.057,    0.425,
B Eu I N        ,  9.063,    0.426,
Eu Eu F S       ,  9.065,    0.426,
B Br Co O       ,  9.067,    0.426,
F S Yb Yb       ,  9.075,    0.427,
Ba F Ga O       ,  9.076,    0.427,
C Hg N S        ,  9.078,    0.427,
Ba Br Eu I      ,  9.082,    0.427,
Mo N O Y        ,  9.091,    0.428,
C N O S         ,  9.092,    0.428,
N Nd O V        ,  9.097,    0.428,
La N O Ti       ,  9.105,    0.429,
Ba F S Sn       ,  9.106,    0.429,
Ba Br O Pr      ,  9.107,    0.429,
K O S Ti        ,  9.107,    0.429,
Br Cl Rb Te     ,  9.107,    0.429,
B F N O         ,  9.109,    0.429,
Ca N Nb O       ,  9.113,     0.43,
Li N O V        ,  9.115,     0.43,
B Cl K O        ,  9.124,     0.43,
K O Te V        ,  9.131,    0.431,
F Mn P Sr       ,  9.131,    0.431,
Cl F Sm Sr      ,  9.131,    0.431,
N Nd O Zr       ,  9.134,    0.431,
Br Cd I Rb      ,  9.135,    0.431,
N O Sm Zr       ,  9.136,    0.431,
Ba F O Pd       ,  9.137,    0.431,
N O Pr Zr       ,  9.142,    0.432,
Br K Mo O       ,  9.145,    0.432,
As Ba O Ta      ,  9.149,    0.432,
Er N O Zr       ,  9.152,    0.433,
Mg N O Ta       ,  9.153,    0.433,
Ca F O Ta       ,  9.154,    0.433,
As N O Th       ,  9.156,    0.433,
Ba Bi I O       ,   9.16,    0.433,
F N O Zr        ,  9.163,    0.433,
Mn N Nb O       ,  9.165,    0.434,
B La N O        ,  9.167,    0.434,
N O Si Sr       ,  9.173,    0.434,
Ce F S Sr       ,  9.177,    0.434,
Eu F Nd O       ,  9.181,    0.435,
Eu N O Ti       ,  9.182,    0.435,
La N O V        ,  9.184,    0.435,
K O S V         ,  9.186,    0.435,
C Ca F O        ,  9.189,    0.435,
Cr Li N O       ,  9.192,    0.436,
B Cl N Sr       ,  9.192,    0.436,
Ca Mo N O       ,  9.195,    0.436,
As C F N        ,  9.202,    0.436,
Li N Nb O       ,  9.203,    0.436,
Bi Br K O       ,  9.207,    0.437,
Ba Br Cl Sr     ,  9.211,    0.437,
Cl K Re Se      ,  9.214,    0.437,
Cl K O Tc       ,  9.215,    0.437,
Cl Cr K O       ,  9.217,    0.438,
La N O Zr       ,  9.221,    0.438,
Ba Cl O Os      ,  9.225,    0.438,
F Nd O Ta       ,  9.225,    0.438,
N O Sc Ta       ,  9.227,    0.438,
Cl K Nb O       ,  9.229,    0.438,
C N Pb S        ,  9.229,    0.438,
B Cl Co O       ,  9.233,    0.439,
C F Mn O        ,  9.241,    0.439,
Au I K O        ,  9.243,    0.439,
F Li O Ta       ,  9.244,     0.44,
B Eu N O        ,  9.244,     0.44,
Ba Cl Mn O      ,  9.244,     0.44,
B Ba Cl F       ,  9.247,     0.44,
C N S Tl        ,  9.248,     0.44,
F Li O Re       ,  9.254,     0.44,
Cl F K Sb       ,  9.256,     0.44,
N O P Sr        ,   9.26,    0.441,
C Ce F O        ,  9.263,    0.441,
Ba Br F Pb      ,  9.264,    0.441,
Cl Cu I Rb      ,  9.265,    0.441,
Ba Cl O Sm      ,  9.266,    0.441,
Eu F La O       ,  9.267,    0.441,
Mo N O Sm       ,  9.268,    0.441,
La N Nb O       ,  9.271,    0.442,
F O Sr Y        ,  9.277,    0.442,
Br Mo Rb Se     ,  9.278,    0.442,
F Na O Ta       ,  9.284,    0.443,
F N O Pb        ,  9.292,    0.443,
Ba F In O       ,  9.292,    0.443,
F La N Si       ,  9.302,    0.444,
Cl K Mo O       ,  9.309,    0.444,
Ba F O P        ,  9.314,    0.445,
Cl F K Te       ,  9.315,    0.445,
Ba Br O Re      ,  9.317,    0.445,
Mo N Na O       ,  9.324,    0.446,
As F K O        ,  9.324,    0.446,
Cl Hf N Na      ,  9.334,    0.446,
B I N Sr        ,  9.335,    0.446,
F Li O W        ,  9.338,    0.447,
B Cl N N        ,  9.344,    0.447,
F K O Se        ,  9.346,    0.447,
C F La O        ,  9.346,    0.447,
Eu N Nb O       ,  9.347,    0.447,
O Se Sm U       ,   9.35,    0.448,
K Mo O S        ,  9.354,    0.448,
C Hg N O        ,  9.355,    0.448,
Ba Br Cl N      ,  9.362,    0.448,
Bi Cl K O       ,   9.37,    0.449,
As O Rb Sn      ,  9.372,    0.449,
B Co I O        ,  9.374,    0.449,
I Se Ta U       ,  9.376,     0.45,
F Na O W        ,  9.378,     0.45,
Ba Br N P       ,  9.383,     0.45,
Br K Re S       ,  9.394,    0.451,
As Co Nd O      ,  9.402,    0.452,
As Co O Sm      ,  9.404,    0.452,
Cl F K Sn       ,  9.414,    0.452,
Ba O Te Yb      ,  9.419,    0.453,
F Mn O Sr       ,  9.429,    0.454,
Br Cl K W       ,  9.432,    0.454,
Br Ca N Sr      ,  9.448,    0.455,
I N Na Nd       ,  9.451,    0.455,
Ce I N Na       ,  9.453,    0.455,
I N Na Pr       ,  9.459,    0.456,
C I N Y         ,  9.461,    0.456,
Er F O Sr       ,  9.466,    0.456,
C Ca N S        ,  9.466,    0.456,
Ba Cl O Ta      ,  9.468,    0.457,
Ba Cl O Re      ,  9.479,    0.457,
B Ca F N        ,  9.483,    0.458,
Br Cl Cr Rb     ,  9.483,    0.458,
As Co La O      ,  9.486,    0.458,
Cl F N Re       ,  9.496,    0.459,
N O P Th        ,  9.496,    0.459,
Ba Br Ca F      ,  9.501,    0.459,
Ba Br I N       ,  9.502,    0.459,
Ba C Cl O       ,  9.502,    0.459,
Ba F O Ti       ,  9.503,    0.459,
Ba F O Sc       ,  9.503,    0.459,
Co La O Se      ,  9.507,    0.459,
Bi I K O        ,   9.51,     0.46,
B N O Sr        ,   9.51,     0.46,
O S U Y         ,  9.516,     0.46,
C N O Tl        ,   9.52,     0.46,
O Rb Sb Te      ,   9.52,     0.46,
I La N Na       ,  9.535,    0.462,
Br Nb Rb S      ,  9.538,    0.462,
Ba Cl N P       ,  9.543,    0.462,
Cl K Re S       ,  9.554,    0.463,
Ba Cl O W       ,   9.56,    0.464,
Br Mo Rb Te     ,  9.562,    0.464,
B Ba F O        ,  9.563,    0.464,
C F N S         ,  9.563,    0.464,
Ba F I Pb       ,  9.565,    0.464,
Br C C N        ,  9.567,    0.464,
F K O Sb        ,  9.571,    0.464,
Cl K O Os       ,  9.572,    0.464,
C Cl La N       ,  9.575,    0.465,
Ba F O V        ,  9.578,    0.465,
C N Na S        ,  9.591,    0.466,
Al F K O        ,  9.594,    0.466,
Ce F N O        ,  9.598,    0.466,
F O Sb U        ,  9.601,    0.467,
Cl N Na W       ,  9.605,    0.467,
Ca Cl N Sr      ,  9.607,    0.467,
N Nb O Sr       ,   9.61,    0.467,
Br F K Pb       ,   9.61,    0.467,
Cl K O Pr       ,  9.617,    0.468,
Ba Ga N O       ,  9.624,    0.468,
F K O Te        ,  9.628,    0.469,
C N O Y         ,  9.633,    0.469,
Cl Nd O U       ,   9.64,     0.47,
Cl O Pr U       ,  9.648,     0.47,
C Cl Eu N       ,  9.648,     0.47,
Ba N O Zn       ,  9.654,    0.471,
Cu Fe S Se      ,  9.657,    0.471,
F O Te U        ,  9.658,    0.471,
F K O P         ,  9.658,    0.471,
F N Na Zr       ,  9.659,    0.471,
Ba Ca Cl F      ,  9.659,    0.471,
Ba F Nb O       ,  9.662,    0.471,
Co F O Sb       ,  9.674,    0.472,
Ba I N P        ,   9.68,    0.473,
F K O S         ,  9.681,    0.473,
Cl Cr F K       ,  9.682,    0.473,
C F O Sr        ,  9.682,    0.473,
Hg N N O        ,  9.687,    0.473,
Mo N O Sr       ,  9.687,    0.473,
Ca Co O S       ,  9.688,    0.473,
C Eu N S        ,  9.691,    0.473,
Cl F K Nb       ,  9.693,    0.474,
Ca N O Ta       ,  9.698,    0.474,
Er O S U        ,    9.7,    0.474,
Cl La O U       ,  9.722,    0.476,
C C Cl N        ,  9.724,    0.476,
Ba Br Eu F      ,  9.725,    0.476,
C Ca N O        ,  9.732,    0.477,
Mn N O Ta       ,  9.747,    0.478,
Co F O P        ,   9.76,    0.479,
Cl F K Pb       ,  9.767,    0.479,
N O Sm Ta       ,  9.768,    0.479,
Ba N O Si       ,  9.768,    0.479,
Ce N O Ta       ,  9.768,    0.479,
N O Pr Ta       ,  9.773,     0.48,
F I K O         ,  9.773,     0.48,
Cl Cr I Rb      ,  9.777,     0.48,
Ba Cl F Na      ,  9.782,     0.48,
Li N O Ta       ,  9.783,     0.48,
C Eu I N        ,  9.783,     0.48,
B Ba Cl N       ,  9.786,    0.481,
Hf N O Ta       ,  9.788,    0.481,
Ca N O W        ,  9.788,    0.481,
C Dy N O        ,  9.793,    0.481,
Ba Bi F O       ,  9.797,    0.481,
C N Nd O        ,  9.799,    0.482,
C N O Sm        ,  9.801,    0.482,
F N O Re        ,  9.803,    0.482,
C N O Pr        ,  9.806,    0.482,
Fe In S Se      ,  9.809,    0.482,
Co Na O S       ,  9.811,    0.482,
Co La O P       ,  9.815,    0.483,
Cl O Pu Te      ,  9.815,    0.483,
C Er N O        ,  9.815,    0.483,
C Li N O        ,  9.816,    0.483,
Cl K O Re       ,  9.817,    0.483,
Br F Rb Sb      ,  9.827,    0.484,
C Ho N O        ,   9.83,    0.484,
C N O Tm        ,  9.833,    0.484,
F K O Ti        ,   9.84,    0.485,
O S U Yb        ,  9.841,    0.485,
La N O Ta       ,  9.847,    0.485,
Ba N O P        ,  9.849,    0.485,
C N Na O        ,  9.854,    0.486,
N Nd O W        ,  9.855,    0.486,
Ge K N O        ,  9.859,    0.486,
K N O Se        ,  9.879,    0.488,
Ba Cl Eu F      ,  9.879,    0.488,
C La N O        ,   9.88,    0.488,
F N O W         ,  9.882,    0.488,
Cl K O W        ,  9.896,    0.489,
B F K O         ,  9.898,    0.489,
C Cl N Sr       ,  9.903,     0.49,
N Na O W        ,   9.91,     0.49,
F K O V         ,  9.913,     0.49,
Eu N O Ta       ,  9.918,    0.491,
Ag Fe S Te      ,  9.926,    0.491,
La N O W        ,  9.936,    0.492,
Cl Cr O Rb      ,  9.945,    0.493,
C N S Sr        ,  9.945,    0.493,
F K O Zr        ,  9.948,    0.493,
C Eu N O        ,  9.951,    0.493,
C N O Yb        ,  9.955,    0.493,
Cl Nb O Rb      ,  9.955,    0.493,
B F N Sr        ,  9.961,    0.494,
Br Co O Sr      ,  9.965,    0.494,
F O U Zr        ,  9.977,    0.495,
Cl F Rb Sb      ,   9.98,    0.495,
F K O Tc        ,  9.982,    0.495,
C Co O S        ,  9.982,    0.495,
Cr F K O        ,  9.984,    0.496,
F K Nb O        ,  9.994,    0.496,
Ce F Mn N       ,   10.0,    0.497,
C N O Re        , 10.002,    0.497,
Eu N O W        , 10.006,    0.497,
Ba F Mn O       , 10.009,    0.498,
N O W Yb        , 10.011,    0.498,
Ba N O Ti       , 10.028,    0.499,
As F O Rb       , 10.044,      0.5,
Fe O Se Te      , 10.056,    0.501,
Cl K N Ti       , 10.058,    0.501,
B Cl Cm O       ,  10.06,    0.501,
F O Rb Se       , 10.064,    0.502,
F K Mo O        , 10.069,    0.502,
Mo O Rb S       , 10.071,    0.502,
B Ba N O        , 10.085,    0.503,
Ba N O V        ,   10.1,    0.504,
Br Rb Re S      , 10.108,    0.505,
F O Tl U        , 10.112,    0.505,
Cl Co O Sr      , 10.116,    0.506,
Bi F K O        , 10.125,    0.506,
Br Fe O Sb      , 10.127,    0.506,
Ba Cl F Sr      , 10.129,    0.507,
Ca N O Th       , 10.132,    0.507,
Cr Fe S Se      , 10.149,    0.508,
Cl K N O        , 10.156,    0.509,
N O Sr Ta       , 10.167,    0.509,
Ba N Nb O       , 10.179,     0.51,
Br Fe O Te      ,  10.18,    0.511,
K N O S         , 10.197,    0.512,
C N O Sr        , 10.198,    0.512,
Ba F O Ta       , 10.216,    0.513,
N O S U         , 10.225,    0.514,
Ba F O Re       , 10.226,    0.514,
F F N Re        , 10.242,    0.515,
Fe S Se Tl      , 10.247,    0.516,
Ba C F O        , 10.247,    0.516,
Ba Mo N O       , 10.252,    0.516,
N O Sr W        , 10.252,    0.516,
Cl Co N O       , 10.253,    0.516,
Cl F K Re       , 10.255,    0.516,
F O Rb Sb       , 10.273,    0.518,
Cl Fe O Sb      , 10.275,    0.518,
F Np O P        ,  10.29,    0.519,
Ba F O W        , 10.301,     0.52,
C F La N        , 10.315,    0.521,
Cl Fe O Te      , 10.328,    0.522,
Ce F K O        , 10.349,    0.523,
F O P Rb        , 10.354,    0.524,
Cl Fe O P       , 10.356,    0.524,
F Hf K O        , 10.368,    0.525,
F O Rb S        , 10.376,    0.525,
Co I N O        , 10.381,    0.526,
C Eu F N        , 10.383,    0.526,
Fe I O Sb       , 10.402,    0.527,
Bi Br Fe S      ,  10.41,    0.528,
Ba Cl N Ta      , 10.425,    0.529,
B Br Fe O       , 10.436,     0.53,
As Co La N      , 10.442,     0.53,
F I O Rb        , 10.462,    0.532,
Fe Mn S Se      ,  10.49,    0.534,
Co S Se U       , 10.491,    0.534,
Ba N O Os       , 10.492,    0.534,
Ba C N S        , 10.496,    0.534,
C K N Se        , 10.503,    0.535,
Ba Cl N W       , 10.509,    0.535,
B Ba F N        , 10.511,    0.536,
Cl K N Os       ,  10.52,    0.536,
Cl Cs Ga Se     , 10.522,    0.536,
F K O Ta        , 10.531,    0.537,
F K O Re        ,  10.54,    0.538,
O Rb Re S       , 10.542,    0.538,
C F K O         , 10.561,    0.539,
K Mo N O        , 10.566,     0.54,
B Cl Fe O       , 10.581,    0.541,
F O Rb V        , 10.593,    0.542,
Br C K N        , 10.622,    0.544,
F O Rb Zr       , 10.625,    0.544,
Br Ce Fe S      , 10.628,    0.544,
Ba Cl Co O      , 10.658,    0.547,
Cr F O Rb       , 10.659,    0.547,
F Nb O Rb       , 10.669,    0.548,
Ca Fe O Se      , 10.686,    0.549,
Br Cl Cs Cu     , 10.689,    0.549,
Ba Co O S       , 10.697,     0.55,
Br Fe La S      , 10.701,     0.55,
B Fe I O        , 10.704,     0.55,
Ba N O Ta       , 10.706,     0.55,
Ba N O Re       , 10.716,    0.551,
As Fe Gd O      , 10.726,    0.552,
Cl N Rb Ti      , 10.728,    0.552,
As Fe Nd O      , 10.729,    0.552,
As Fe O Sm      ,  10.73,    0.552,
As Ce Fe O      , 10.731,    0.552,
As Fe O Tb      , 10.733,    0.552,
As Fe O Pr      , 10.736,    0.553,
Cl Fe O Pb      , 10.738,    0.553,
F Mo O Rb       , 10.738,    0.553,
Cl Fe Mo O      ,  10.74,    0.553,
Fe Nd O Se      , 10.747,    0.553,
Fe O Se Sm      , 10.749,    0.554,
Ce Fe O Se      , 10.749,    0.554,
As F Fe O       , 10.754,    0.554,
Fe O Pr Se      , 10.754,    0.554,
Ce Cl Fe S      ,  10.77,    0.555,
F Fe O Se       , 10.772,    0.555,
Ba N O W        , 10.788,    0.557,
Fe Na O Se      , 10.797,    0.557,
K N O Os        , 10.799,    0.557,
C K N S         , 10.803,    0.558,
As Fe La O      , 10.803,    0.558,
F N N W         , 10.803,    0.558,
Br Cs I Pd      , 10.816,    0.559,
Co F O Sr       , 10.819,    0.559,
Fe La O Se      , 10.821,    0.559,
Cl Fe La S      , 10.842,    0.561,
As Fe P Sr      , 10.842,    0.561,
C Cl Co N       , 10.856,    0.562,
F K N O         , 10.856,    0.562,
N O Rb S        , 10.859,    0.562,
Br Cs Se Tc     , 10.882,    0.564,
F N O U         , 10.883,    0.564,
Ce Fe I S       , 10.891,    0.564,
C Co N S        , 10.894,    0.565,
Cl K O U        , 10.896,    0.565,
O Te U U        , 10.914,    0.566,
Ca Cl Fe O      , 10.942,    0.568,
As B Cs P       , 10.945,    0.568,
Cl Cs Cu I      , 10.951,    0.569,
C Fe O Se       , 10.953,    0.569,
Cl Cs I Pd      , 10.955,    0.569,
Br Cs Mo Se     , 10.962,     0.57,
Fe I La S       , 10.962,     0.57,
Cl Fe N Se      , 10.971,     0.57,
Ca Fe O S       ,  10.98,    0.571,
F Na Np O       , 10.989,    0.572,
Br K N Th       ,  10.99,    0.572,
Ce F O Rb       , 11.002,    0.573,
Cl Fe Li O      , 11.017,    0.574,
F Fe O Te       , 11.018,    0.574,
F Hf O Rb       ,  11.02,    0.574,
Fe O P Sm       , 11.022,    0.574,
Fe O P Pr       , 11.027,    0.575,
C K N O         , 11.036,    0.575,
Fe Nd O S       ,  11.04,    0.576,
As Cs O Sn      , 11.041,    0.576,
Ce Fe O S       , 11.042,    0.576,
F Fe O P        , 11.044,    0.576,
Fe O Pr S       , 11.047,    0.576,
Ba Cl Co F      , 11.062,    0.577,
F Fe O S        , 11.064,    0.578,
As Ca F Fe      , 11.072,    0.578,
Br Cl Cs Hg     , 11.086,    0.579,
K N O W         , 11.086,    0.579,
Fe La O P       , 11.092,     0.58,
Fe O Se Sr      , 11.113,    0.581,
Br Cl Cr Cs     , 11.136,    0.583,
Cs Mo S Se      , 11.137,    0.583,
Bi Cs Se Te     , 11.142,    0.583,
Br Cs S Tc      , 11.171,    0.586,
F O Rb Ta       , 11.173,    0.586,
Br Cs Nb S      , 11.183,    0.586,
C F O Rb        , 11.202,    0.588,
F Fe O Ti       , 11.204,    0.588,
Mo N O Rb       , 11.206,    0.588,
Br Cl Cs Mo     , 11.212,    0.589,
Cs I Mo Se      , 11.217,    0.589,
Br Fe O Sr      , 11.225,     0.59,
C Fe O S        , 11.241,    0.591,
Br Cs Mo S      , 11.249,    0.592,
F O Rb W        , 11.251,    0.592,
Cl Fe O W       , 11.253,    0.592,
Cl Fe N S       , 11.258,    0.592,
Cs O P S        , 11.287,    0.594,
Cl Cs Nb S      , 11.317,    0.597,
Ba Co F O       , 11.327,    0.597,
F Fe Nb O       ,  11.34,    0.598,
Cl Cs Dy Se     , 11.348,    0.599,
Br Fe N O       , 11.349,    0.599,
As Ba Fe P      ,  11.35,    0.599,
Cl Fe O Sr      , 11.359,      0.6,
Cl Cs O Ru      , 11.372,    0.601,
Cl Cs Ho Se     , 11.379,    0.601,
Cl Cs Mo S      , 11.383,    0.602,
Fe O S Sr       , 11.396,    0.603,
Br Cs Re Se     , 11.396,    0.603,
F Fe O Pb       , 11.403,    0.603,
N O Os Rb       , 11.426,    0.605,
Bi F Fe O       , 11.455,    0.607,
Br Cs Mo O      , 11.473,    0.609,
Cl Fe N O       , 11.482,    0.609,
As F Fe Sr      , 11.484,    0.609,
Ba Br Fe S      , 11.497,     0.61,
Cs O S V        , 11.507,    0.611,
Fe N O S        , 11.518,    0.612,
Cl Cr Cs O      , 11.531,    0.613,
Cl Cs Nb O      ,  11.54,    0.614,
F K O U         , 11.551,    0.614,
Br Cs F Sn      , 11.559,    0.615,
Cl Cs F Sb      , 11.562,    0.615,
Fe O P Th       ,  11.57,    0.616,
Cl Cs Dy Te     , 11.582,    0.617,
Fe I N O        , 11.596,    0.618,
Cl Cs Mo O      , 11.605,    0.619,
Co F K O        , 11.612,    0.619,
Cl Cs Ho Te     , 11.612,    0.619,
As Cs F O       , 11.617,    0.619,
Cl Cs Dy S      , 11.626,     0.62,
Cs S Se W       , 11.632,    0.621,
Cs F O Se       , 11.634,    0.621,
Br Cl Cs Re     , 11.637,    0.621,
Cs Mo O S       , 11.641,    0.621,
Cs I Re Se      , 11.642,    0.621,
C N O Rb        , 11.651,    0.622,
As Fe La N      , 11.651,    0.622,
Fe N O Ti       , 11.653,    0.622,
Cl Cs Ho S      , 11.656,    0.622,
Fe K S Se       ,  11.67,    0.623,
Br Cs Re S      , 11.673,    0.624,
N O Rb W        , 11.698,    0.626,
Br Cl Cs W      , 11.704,    0.626,
Ba Br Fe O      , 11.716,    0.627,
Ba Fe I S       ,  11.74,    0.629,
I N N Rb        , 11.779,    0.632,
Br Cs F Nb      , 11.787,    0.632,
Cl Cs Re S      , 11.802,    0.633,
Cs F O Sb       , 11.816,    0.634,
Cl Cs O Os      , 11.817,    0.635,
Ba Cl Fe O      , 11.845,    0.637,
Cs F O Te       , 11.862,    0.638,
Ba Fe O S       ,  11.88,    0.639,
Cs F O P        , 11.887,     0.64,
Cl Fe K S       , 11.905,    0.641,
Cs F O S        , 11.905,    0.641,
Cs I Re S       , 11.913,    0.642,
Cl Cs F Nb      , 11.915,    0.642,
Cs F I O        ,  11.98,    0.647,
Ba F Fe Se      , 11.981,    0.647,
F Fe O Sr       ,  11.99,    0.648,
Cl Cs O Re      , 12.016,     0.65,
Cs F O Ti       , 12.035,    0.651,
F K Np O        , 12.061,    0.653,
Cs F O V        , 12.095,    0.656,
Cr Cs F O       , 12.153,     0.66,
Cs F Nb O       , 12.161,    0.661,
Cs F Mo O       , 12.223,    0.665,
Ba F Fe S       , 12.244,    0.667,
Cl O Pu Rb      , 12.265,    0.669,
Am F K O        ,  12.28,     0.67,
Ba F Fe O       , 12.451,    0.683,
Ce Cs F O       , 12.455,    0.683,
Cl F Sb Xe      , 12.555,    0.691,
C Cs N Se       , 12.583,    0.693,
Cs F O Ta       , 12.606,    0.694,
As F O Xe       , 12.606,    0.694,
Cs F O Re       , 12.614,    0.695,
Cs Gd N Te      , 12.616,    0.695,
Cs N Tb Te      , 12.622,    0.696,
F O Se Xe       , 12.622,    0.696,
C Cs F O        , 12.631,    0.696,
Cs Mo N O       , 12.635,    0.697,
Cs F O W        , 12.675,      0.7,
F O Sb Xe       ,  12.79,    0.708,
Br Cs O U       , 12.794,    0.709,
Cs N O Os       , 12.831,    0.711,
F O Te Xe       , 12.832,    0.712,
C Cs N S        , 12.834,    0.712,
F O S Xe        , 12.872,    0.715,
Cl Cs O U       , 12.912,    0.718,
C Cs N O        , 13.031,    0.727,
Fe Fe S Te      , 13.048,    0.728,
Cs N O W        , 13.074,     0.73,
F O Tc Xe       ,   13.1,    0.732,
Cs I N N        , 13.147,    0.735,
F O Os Xe       , 13.354,    0.751,
Cl Cs Np O      ,  13.37,    0.752,
Cs F O U        ,  13.47,     0.76,
F O Re Xe       ,  13.53,    0.764,
Cl Cs Fe Se     , 13.541,    0.765,
Cl Cs O Pu      , 13.583,    0.768,
F O W Xe        , 13.588,    0.769,
F N O Xe        , 13.778,    0.783,
Cs Fe O S       , 13.988,    0.799,
Cl O Rb Xe      , 14.284,    0.822,
F K O Xe        , 14.312,    0.824,
Cl Cs O Xe      , 15.431,    0.909,
Cs F O Xe       , 15.901,    0.944,
F O Xe Xe       , 16.637,      1.0,
