phases,target,natom
Ag Al,0,2
Ag Al Ba,0,3
Ag Al Ba Sr,0,4
Ag Al Ca,0,3
Ag Al Ca Ge,0,4
Ag Al Ca Zn,0,4
Ag Al Ce,0,3
Ag Al Co,0,3
Ag Al Cu,0,3
Ag Al Dy,0,3
Ag Al Eu,0,3
Ag Al Fe,0,3
Ag Al Fe La,0,4
Ag Al Gd,0,3
Ag Al Ge,0,3
Ag Al Ge Pr,0,4
Ag Al Hf,0,3
Ag Al Ho,0,3
Ag Al La,0,3
Ag Al Li,0,3
Ag Al Mg,0,3
Ag Al Mn,0,3
Ag Al Nd,0,3
Ag Al Pr,0,3
Ag Al Sc,0,3
Ag Al Sm,0,3
Ag Al Sn,0,3
Ag Al Sr,0,3
Ag Al Tb,0,3
Ag Al Th,0,3
Ag Al Ti,0,3
Ag Al Y,0,3
Ag Al Yb,0,3
Ag Al Zr,0,3
Ag Au,0,2
Ag Au Cd,0,3
Ag Au Cu,0,3
Ag Au Cu Pd,0,4
Ag Au Gd Mg,0,4
Ag Au Hg,0,3
Ag Au Mn,0,3
Ag Au Pd,0,3
Ag Au Sb,0,3
Ag Au Sn,0,3
Ag Au U,0,3
Ag Au Zn,0,3
Ag Ba,0,2
Ag Ba Bi,0,3
Ag Ba Ga,0,3
Ag Ba Ge,0,3
Ag Ba Sb,0,3
Ag Ba Sn,0,3
Ag Ba Sr,0,3
Ag Be,0,2
Ag Bi,0,2
Ag Bi Ca,0,3
Ag Bi Cu,0,3
Ag Bi Eu,0,3
Ag Bi K,0,3
Ag Bi Li,0,3
Ag Bi Sr,0,3
Ag Bi Tl,0,3
Ag Bi Yb,0,3
Ag Ca,0,2
Ag Ca Cd,0,3
Ag Ca Ce Sb,0,4
Ag Ca Cu,0,3
Ag Ca Ga,0,3
Ag Ca Ge,0,3
Ag Ca Ge Mg,0,4
Ag Ca Ge Mn,0,4
Ag Ca Hg,0,3
Ag Ca In,0,3
Ag Ca La Sb,0,4
Ag Ca Mg,0,3
Ag Ca Mn Sb,0,4
Ag Ca Nd Sb,0,4
Ag Ca Pd,0,3
Ag Ca Pr Sb,0,4
Ag Ca Pt,0,3
Ag Ca Sb,0,3
Ag Ca Sb Sm,0,4
Ag Ca Sb Zn,0,4
Ag Ca Sr,0,3
Ag Ca Zn,0,3
Ag Cd,0,2
Ag Cd Ce,0,3
Ag Cd Eu,0,3
Ag Cd Eu Sb,0,4
Ag Cd In,0,3
Ag Cd Mg,0,3
Ag Cd Sb,0,3
Ag Cd Yb,0,3
Ag Cd Zn,0,3
Ag Ce,0,2
Ag Ce Cu,0,3
Ag Ce Cu In,0,4
Ag Ce Ga,0,3
Ag Ce Ge,0,3
Ag Ce In,0,3
Ag Ce In Pd,0,4
Ag Ce Mg,0,3
Ag Ce Pb,0,3
Ag Ce Pd,0,3
Ag Ce Sb,0,3
Ag Ce Sn,0,3
Ag Ce Zn,0,3
Ag Co Sm,0,3
Ag Cr Nb,0,3
Ag Cs Ge Na,0,4
Ag Cu,0,2
Ag Cu Dy,0,3
Ag Cu Er,0,3
Ag Cu Ga,0,3
Ag Cu Ga In,0,4
Ag Cu Gd,0,3
Ag Cu Ho,0,3
Ag Cu La,0,3
Ag Cu Mg,0,3
Ag Cu Nd,0,3
Ag Cu Pr,0,3
Ag Cu Sm,0,3
Ag Cu Sr,0,3
Ag Cu Tb,0,3
Ag Cu Ti,0,3
Ag Cu Tm,0,3
Ag Cu U,0,3
Ag Cu Y,0,3
Ag Cu Yb,0,3
Ag Cu Zn,0,3
Ag Cu Zr,0,3
Ag Dy,0,2
Ag Dy Ga,0,3
Ag Dy Ge,0,3
Ag Dy In,0,3
Ag Dy Pb,0,3
Ag Dy Sb,0,3
Ag Dy Sn,0,3
Ag Er,0,2
Ag Er Ga,0,3
Ag Er Ge,0,3
Ag Er In,0,3
Ag Er Pb,0,3
Ag Er Pd,0,3
Ag Er Sn,0,3
Ag Eu,0,2
Ag Eu Ga,0,3
Ag Eu Ge,0,3
Ag Eu In,0,3
Ag Eu Mg,0,3
Ag Eu Sb,0,3
Ag Eu Sn,0,3
Ag Eu Zn,0,3
Ag Fe,0,2
Ag Fe Nd,0,3
Ag Fe Pr,0,3
Ag Ga,0,2
Ag Ga Gd,0,3
Ag Ga Hf,0,3
Ag Ga Ho,0,3
Ag Ga La,0,3
Ag Ga Li,0,3
Ag Ga Lu,0,3
Ag Ga Mg,0,3
Ag Ga Mo,0,3
Ag Ga Na,0,3
Ag Ga Nd,0,3
Ag Ga Pr,0,3
Ag Ga Sm,0,3
Ag Ga Sr,0,3
Ag Ga Tb,0,3
Ag Ga Ti,0,3
Ag Ga Tm,0,3
Ag Ga Y,0,3
Ag Ga Yb,0,3
Ag Gd,0,2
Ag Gd Ge,0,3
Ag Gd In,0,3
Ag Gd Mg,0,3
Ag Gd Pb,0,3
Ag Gd Sn,0,3
Ag Gd Tl,0,3
Ag Gd Zn,0,3
Ag Ge,0,2
Ag Ge Ho,0,3
Ag Ge La,0,3
Ag Ge Li,0,3
Ag Ge Mn Nd,0,4
Ag Ge Nd,0,3
Ag Ge Pr,0,3
Ag Ge Sc,0,3
Ag Ge Sm,0,3
Ag Ge Sr,0,3
Ag Ge Tb,0,3
Ag Ge Tm,0,3
Ag Ge Yb,0,3
Ag Hf,0,2
Ag Hf Pd,0,3
Ag Hg,0,2
Ag Hg Ti,0,3
Ag Ho,0,2
Ag Ho In,0,3
Ag Ho Pb,0,3
Ag Ho Sn,0,3
Ag In,0,2
Ag In K,0,3
Ag In La,0,3
Ag In Li,0,3
Ag In Mg,0,3
Ag In Mn Pd,0,4
Ag In Na,0,3
Ag In Nd,0,3
Ag In Pr,0,3
Ag In Sc,0,3
Ag In Sm,0,3
Ag In Sr,0,3
Ag In Tb,0,3
Ag In Tm,0,3
Ag In Y,0,3
Ag In Yb,0,3
Ag In Zn,0,3
Ag In Zr,0,3
Ag K,0,2
Ag K Sb,0,3
Ag La,0,2
Ag La Mg,0,3
Ag La Pb,0,3
Ag La Sb,0,3
Ag La Sn,0,3
Ag Li,0,2
Ag Li Mg,0,3
Ag Li Pb,0,3
Ag Li Sb,0,3
Ag Li Sn,0,3
Ag Li Tl,0,3
Ag Li Zn,0,3
Ag Lu,0,2
Ag Lu Pb,0,3
Ag Lu Sn,0,3
Ag Mg,0,2
Ag Mg Nd,0,3
Ag Mg Pd,0,3
Ag Mg Pr,0,3
Ag Mg Sb,0,3
Ag Mg Sm,0,3
Ag Mg Sn,0,3
Ag Mg Sr,0,3
Ag Mg Tb,0,3
Ag Mg Tm,0,3
Ag Mg Y,0,3
Ag Mg Yb,0,3
Ag Mg Zn,0,3
Ag Mn,0,2
Ag Mn Sb Yb,0,4
Ag Mn Sn,0,3
Ag Mn Zn,0,3
Ag Na,0,2
Ag Na Sb,0,3
Ag Nd,0,2
Ag Nd Pb,0,3
Ag Nd Sn,0,3
Ag Ni,0,2
Ag Pb,0,2
Ag Pb Pd,0,3
Ag Pb Pr,0,3
Ag Pb Sm,0,3
Ag Pb Tb,0,3
Ag Pb Tm,0,3
Ag Pb Y,0,3
Ag Pb Yb,0,3
Ag Pb Zr,0,3
Ag Pd,0,2
Ag Pd Sn,0,3
Ag Pd Sr,0,3
Ag Pd Tb,0,3
Ag Pd Th,0,3
Ag Pd Yb,0,3
Ag Pd Zr,0,3
Ag Pr,0,2
Ag Pr Sb,0,3
Ag Pr Sn,0,3
Ag Pt,0,2
Ag Pu,0,2
Ag Rb Sb,0,3
Ag Rh,0,2
Ag Sb,0,2
Ag Sb Sn,0,3
Ag Sb Sr,0,3
Ag Sb Y,0,3
Ag Sb Yb,0,3
Ag Sb Zr,0,3
Ag Sc,0,2
Ag Sm,0,2
Ag Sm Sn,0,3
Ag Sn,0,2
Ag Sn Sr,0,3
Ag Sn Tb,0,3
Ag Sn Tm,0,3
Ag Sn Y,0,3
Ag Sn Yb,0,3
Ag Sr,0,2
Ag Sr Zn,0,3
Ag Tb,0,2
Ag Tb Zn,0,3
Ag Th,0,2
Ag Ti,0,2
Ag Tl,0,2
Ag Tm,0,2
Ag Y,0,2
Ag Yb,0,2
Ag Zn,0,2
Ag Zn Zr,0,3
Ag Zr,0,2
Al Am Pd,0,3
Al Au,0,2
Al Au Ba,0,3
Al Au Ca,0,3
Al Au Ca Cr,0,4
Al Au Ca Hf,0,4
Al Au Ca Mo,0,4
Al Au Ca Nb,0,4
Al Au Ca Ti,0,4
Al Au Ca V,0,4
Al Au Ca W,0,4
Al Au Ca Zr,0,4
Al Au Ce,0,3
Al Au Ce Cu,0,4
Al Au Ce Ge,0,4
Al Au Ce Pd,0,4
Al Au Cr Eu,0,4
Al Au Cu,0,3
Al Au Cu La,0,4
Al Au Dy,0,3
Al Au Er,0,3
Al Au Er Ge,0,4
Al Au Eu,0,3
Al Au Eu Ge,0,4
Al Au Eu Hf,0,4
Al Au Eu Mn,0,4
Al Au Eu Re,0,4
Al Au Eu Ti,0,4
Al Au Eu V,0,4
Al Au Eu Zr,0,4
Al Au Fe La,0,4
Al Au Ga,0,3
Al Au Gd,0,3
Al Au Gd Ge,0,4
Al Au Ge Nd,0,4
Al Au Hf,0,3
Al Au Hf Yb,0,4
Al Au Ho,0,3
Al Au In,0,3
Al Au Ir,0,3
Al Au La,0,3
Al Au Lu,0,3
Al Au Mn,0,3
Al Au Mn Sr,0,4
Al Au Na,0,3
Al Au Nb Sr,0,4
Al Au Nb Yb,0,4
Al Au Nd,0,3
Al Au Pd Sc,0,4
Al Au Pr,0,3
Al Au Sc,0,3
Al Au Sm,0,3
Al Au Sr,0,3
Al Au Sr Ti,0,4
Al Au Ta Yb,0,4
Al Au Tb,0,3
Al Au Th,0,3
Al Au Ti,0,3
Al Au Ti Yb,0,4
Al Au Tm,0,3
Al Au U,0,3
Al Au V,0,3
Al Au V Yb,0,4
Al Au Yb,0,3
Al Au Yb Zr,0,4
Al Au Zr,0,3
Al Ba,0,2
Al Ba Ca,0,3
Al Ba Ca Sb,0,4
Al Ba Co,0,3
Al Ba Cu,0,3
Al Ba Fe,0,3
Al Ba Ga,0,3
Al Ba Ga Ge,0,4
Al Ba Ge,0,3
Al Ba In,0,3
Al Ba K Sn,0,4
Al Ba Mg,0,3
Al Ba Ni,0,3
Al Ba Pb,0,3
Al Ba Pt,0,3
Al Ba Sb,0,3
Al Ba Sn,0,3
Al Ba Sr,0,3
Al Ba Zn,0,3
Al Be Ce,0,3
Al Be Cr,0,3
Al Be Cu,0,3
Al Be Fe,0,3
Al Be La,0,3
Al Be Mn,0,3
Al Be Ni,0,3
Al Be U,0,3
Al Bi,0,2
Al Bi Ca,0,3
Al Bi Ca La,0,4
Al Bi Ca Lu,0,4
Al Bi Ca Tm,0,4
Al Bi Fe La,0,4
Al Bi Gd,0,3
Al Bi Pd,0,3
Al Ca,0,2
Al Ca Cd,0,3
Al Ca Co,0,3
Al Ca Cr,0,3
Al Ca Cu,0,3
Al Ca Dy,0,3
Al Ca Er,0,3
Al Ca Fe,0,3
Al Ca Ga,0,3
Al Ca Gd,0,3
Al Ca Ge,0,3
Al Ca In,0,3
Al Ca Ir,0,3
Al Ca La,0,3
Al Ca Li,0,3
Al Ca Mg,0,3
Al Ca Mn,0,3
Al Ca Mn Sb,0,4
Al Ca Na Sb,0,4
Al Ca Ni,0,3
Al Ca Pb,0,3
Al Ca Pd,0,3
Al Ca Pt,0,3
Al Ca Rh,0,3
Al Ca Sb,0,3
Al Ca Sb Yb,0,4
Al Ca Sm,0,3
Al Ca Sn,0,3
Al Ca Sr,0,3
Al Ca Yb,0,3
Al Ca Zn,0,3
Al Cd Ti,0,3
Al Ce,0,2
Al Ce Co,0,3
Al Ce Co Fe,0,4
Al Ce Co Ge,0,4
Al Ce Co Mn,0,4
Al Ce Co Ni,0,4
Al Ce Cr,0,3
Al Ce Cu,0,3
Al Ce Cu Ga,0,4
Al Ce Cu Mn,0,4
Al Ce Cu Ni,0,4
Al Ce Eu,0,3
Al Ce Fe,0,3
Al Ce Fe Mg,0,4
Al Ce Ga,0,3
Al Ce Ga Ni,0,4
Al Ce Ga Pd,0,4
Al Ce Ge,0,3
Al Ce Ge Ir,0,4
Al Ce Ge Ni,0,4
Al Ce Ge Pd,0,4
Al Ce Ge Pt,0,4
Al Ce Ir,0,3
Al Ce Ir Os,0,4
Al Ce La,0,3
Al Ce La Ni,0,4
Al Ce Lu,0,3
Al Ce Mg,0,3
Al Ce Mn,0,3
Al Ce Mn Zn,0,4
Al Ce Mo,0,3
Al Ce Nd,0,3
Al Ce Ni,0,3
Al Ce Ni Ru,0,4
Al Ce Ni U,0,4
Al Ce Pd,0,3
Al Ce Pd Pt,0,4
Al Ce Pd Y,0,4
Al Ce Pr,0,3
Al Ce Pt,0,3
Al Ce Re,0,3
Al Ce Rh,0,3
Al Ce Ru,0,3
Al Ce Sc,0,3
Al Ce Sn,0,3
Al Ce Sr,0,3
Al Ce Th,0,3
Al Ce Ti,0,3
Al Ce U,0,3
Al Ce V,0,3
Al Ce Y,0,3
Al Ce Zn,0,3
Al Co,0,2
Al Co Cr,0,3
Al Co Cr Fe,0,4
Al Co Cr La,0,4
Al Co Cr Mn,0,4
Al Co Cr Os,0,4
Al Co Cr Ru,0,4
Al Co Cr Ti,0,4
Al Co Cr Y,0,4
Al Co Cu,0,3
Al Co Cu Y,0,4
Al Co Dy,0,3
Al Co Er,0,3
Al Co Er Ti,0,4
Al Co Eu,0,3
Al Co Fe,0,3
Al Co Fe La,0,4
Al Co Fe Mn,0,4
Al Co Fe Ni,0,4
Al Co Fe Pr,0,4
Al Co Fe Sm,0,4
Al Co Fe Ti,0,4
Al Co Fe V,0,4
Al Co Ga,0,3
Al Co Gd,0,3
Al Co Gd Ge,0,4
Al Co Ge Nd,0,4
Al Co Ge Pd,0,4
Al Co Ge Pr,0,4
Al Co Hf,0,3
Al Co Hf V,0,4
Al Co Ho,0,3
Al Co Ho Y,0,4
Al Co Ir,0,3
Al Co Ir Nb,0,4
Al Co Ir Ta,0,4
Al Co La,0,3
Al Co La Sb,0,4
Al Co Li Nb,0,4
Al Co Li Ta,0,4
Al Co Lu,0,3
Al Co Lu Y,0,4
Al Co Mn,0,3
Al Co Mn Ni,0,4
Al Co Mn Rh,0,4
Al Co Mn V,0,4
Al Co Mo,0,3
Al Co Nb,0,3
Al Co Nd,0,3
Al Co Ni,0,3
Al Co Ni Ti,0,4
Al Co Ni U,0,4
Al Co Os,0,3
Al Co Pd,0,3
Al Co Pr,0,3
Al Co Pt,0,3
Al Co Pt U,0,4
Al Co Pu,0,3
Al Co Re,0,3
Al Co Rh,0,3
Al Co Rh U,0,4
Al Co Ru,0,3
Al Co Ru U,0,4
Al Co Ru V,0,4
Al Co Sc,0,3
Al Co Sc Y,0,4
Al Co Sm,0,3
Al Co Sr,0,3
Al Co Ta,0,3
Al Co Tb,0,3
Al Co Tc,0,3
Al Co Th,0,3
Al Co Ti,0,3
Al Co Ti V,0,4
Al Co Ti Y,0,4
Al Co Ti Zr,0,4
Al Co Tm,0,3
Al Co U,0,3
Al Co V,0,3
Al Co V Zr,0,4
Al Co W,0,3
Al Co Y,0,3
Al Co Yb,0,3
Al Co Zn,0,3
Al Co Zr,0,3
Al Cr,0,2
Al Cr Cu,0,3
Al Cr Dy,0,3
Al Cr Er,0,3
Al Cr Eu,0,3
Al Cr Fe,0,3
Al Cr Fe Gd,0,4
Al Cr Fe Hf,0,4
Al Cr Fe Nb,0,4
Al Cr Fe Ru,0,4
Al Cr Fe Ti,0,4
Al Cr Fe Y,0,4
Al Cr Fe Yb,0,4
Al Cr Fe Zr,0,4
Al Cr Gd,0,3
Al Cr Ge,0,3
Al Cr Hf,0,3
Al Cr Hf Os,0,4
Al Cr Hf Ru,0,4
Al Cr Hf V,0,4
Al Cr Ho,0,3
Al Cr La,0,3
Al Cr La Ni,0,4
Al Cr Lu,0,3
Al Cr Mg,0,3
Al Cr Mn,0,3
Al Cr Mn Nb,0,4
Al Cr Mn Ni,0,4
Al Cr Mn Ta,0,4
Al Cr Mn Ti,0,4
Al Cr Mn V,0,4
Al Cr Mo,0,3
Al Cr Nb,0,3
Al Cr Nd,0,3
Al Cr Ni,0,3
Al Cr Ni Re,0,4
Al Cr Ni Sc,0,4
Al Cr Np,0,3
Al Cr Os Zr,0,4
Al Cr Pr,0,3
Al Cr Pt,0,3
Al Cr Rh,0,3
Al Cr Ru,0,3
Al Cr Ru Zr,0,4
Al Cr Sc,0,3
Al Cr Sm,0,3
Al Cr Ta,0,3
Al Cr Tb,0,3
Al Cr Th,0,3
Al Cr Ti,0,3
Al Cr Ti V,0,4
Al Cr Tm,0,3
Al Cr U,0,3
Al Cr V,0,3
Al Cr V Zr,0,4
Al Cr Y,0,3
Al Cr Yb,0,3
Al Cr Zn,0,3
Al Cr Zr,0,3
Al Cs K Sb,0,4
Al Cs Sb,0,3
Al Cs Tl,0,3
Al Cu,0,2
Al Cu Dy,0,3
Al Cu Er,0,3
Al Cu Er Ni,0,4
Al Cu Eu,0,3
Al Cu Eu Ga,0,4
Al Cu Fe,0,3
Al Cu Fe La,0,4
Al Cu Fe U,0,4
Al Cu Ga,0,3
Al Cu Ga La,0,4
Al Cu Ga Pr,0,4
Al Cu Gd,0,3
Al Cu Gd Th,0,4
Al Cu Ge,0,3
Al Cu Ge Tb,0,4
Al Cu Hf,0,3
Al Cu Ho,0,3
Al Cu In,0,3
Al Cu Ir,0,3
Al Cu La,0,3
Al Cu La Ni,0,4
Al Cu Li,0,3
Al Cu Li Mg,0,4
Al Cu Lu,0,3
Al Cu Mg,0,3
Al Cu Mn,0,3
Al Cu Mn Ni,0,4
Al Cu Mn Pd,0,4
Al Cu Mn Sn,0,4
Al Cu Mo,0,3
Al Cu Nb,0,3
Al Cu Nd,0,3
Al Cu Ni,0,3
Al Cu Ni Pr,0,4
Al Cu Ni Zr,0,4
Al Cu Np,0,3
Al Cu Pd,0,3
Al Cu Pr,0,3
Al Cu Pt,0,3
Al Cu Re,0,3
Al Cu Rh,0,3
Al Cu Ru,0,3
Al Cu Sc,0,3
Al Cu Sc Yb,0,4
Al Cu Sm,0,3
Al Cu Sn,0,3
Al Cu Sr,0,3
Al Cu Ta,0,3
Al Cu Tb,0,3
Al Cu Th,0,3
Al Cu Ti,0,3
Al Cu Tm,0,3
Al Cu U,0,3
Al Cu W,0,3
Al Cu Y,0,3
Al Cu Yb,0,3
Al Cu Zn,0,3
Al Cu Zr,0,3
Al Dy,0,2
Al Dy Er,0,3
Al Dy Fe,0,3
Al Dy Fe Tb,0,4
Al Dy Ga,0,3
Al Dy Gd,0,3
Al Dy Ge,0,3
Al Dy Hf,0,3
Al Dy Ho,0,3
Al Dy Mg,0,3
Al Dy Mn,0,3
Al Dy Mn Zn,0,4
Al Dy Mo,0,3
Al Dy Ni,0,3
Al Dy Pd,0,3
Al Dy Pr,0,3
Al Dy Pt,0,3
Al Dy Re,0,3
Al Dy Ru,0,3
Al Dy Tb,0,3
Al Dy Ti,0,3
Al Dy Tm,0,3
Al Dy U,0,3
Al Dy W,0,3
Al Dy Y,0,3
Al Dy Zn,0,3
Al Dy Zr,0,3
Al Er,0,2
Al Er Fe,0,3
Al Er Ga,0,3
Al Er Gd,0,3
Al Er Ge,0,3
Al Er Ge Ni,0,4
Al Er Ir,0,3
Al Er La,0,3
Al Er Mg,0,3
Al Er Mn,0,3
Al Er Mn Zn,0,4
Al Er Mo,0,3
Al Er Ni,0,3
Al Er Pd,0,3
Al Er Pt,0,3
Al Er V,0,3
Al Er W,0,3
Al Er Y,0,3
Al Er Zn,0,3
Al Eu,0,2
Al Eu Fe,0,3
Al Eu Ga,0,3
Al Eu Ge,0,3
Al Eu Mg,0,3
Al Eu Mn,0,3
Al Eu Mn Sb,0,4
Al Eu Na Sb,0,4
Al Eu Pd,0,3
Al Eu Pt,0,3
Al Eu Rh,0,3
Al Eu Sb,0,3
Al Eu Sn,0,3
Al Eu Ta,0,3
Al Eu Ti,0,3
Al Eu V,0,3
Al Eu Y,0,3
Al Eu Zn,0,3
Al Fe,0,2
Al Fe Ga,0,3
Al Fe Ga Ti,0,4
Al Fe Ga U,0,4
Al Fe Gd,0,3
Al Fe Gd Ge,0,4
Al Fe Gd W,0,4
Al Fe Ge,0,3
Al Fe Ge La,0,4
Al Fe Hf,0,3
Al Fe Hf V,0,4
Al Fe Ho,0,3
Al Fe La,0,3
Al Fe La Mg,0,4
Al Fe La Ni,0,4
Al Fe La Pb,0,4
Al Fe La Sb,0,4
Al Fe Lu,0,3
Al Fe Lu Mn,0,4
Al Fe Lu Ti,0,4
Al Fe Mg,0,3
Al Fe Mg Nd,0,4
Al Fe Mg Pr,0,4
Al Fe Mn,0,3
Al Fe Mn Ni,0,4
Al Fe Mn Ru,0,4
Al Fe Mn Sm,0,4
Al Fe Mn Y,0,4
Al Fe Mn Yb,0,4
Al Fe Mo,0,3
Al Fe Nb,0,3
Al Fe Nb V,0,4
Al Fe Nd,0,3
Al Fe Nd Sb,0,4
Al Fe Nd Tb,0,4
Al Fe Nd Ti,0,4
Al Fe Nd V,0,4
Al Fe Ni,0,3
Al Fe Ni Ti,0,4
Al Fe Ni Yb,0,4
Al Fe Np,0,3
Al Fe Pd,0,3
Al Fe Pr,0,3
Al Fe Pr Sc,0,4
Al Fe Pr Y,0,4
Al Fe Pt,0,3
Al Fe Pu,0,3
Al Fe Re,0,3
Al Fe Rh,0,3
Al Fe Ru,0,3
Al Fe Ru V,0,4
Al Fe Sc,0,3
Al Fe Sm,0,3
Al Fe Ta,0,3
Al Fe Ta V,0,4
Al Fe Tb,0,3
Al Fe Tc,0,3
Al Fe Th,0,3
Al Fe Ti,0,3
Al Fe Ti V,0,4
Al Fe Tm,0,3
Al Fe U,0,3
Al Fe V,0,3
Al Fe W,0,3
Al Fe W Yb,0,4
Al Fe Y,0,3
Al Fe Yb,0,3
Al Fe Zn,0,3
Al Fe Zr,0,3
Al Ga,0,2
Al Ga Gd,0,3
Al Ga Ge Nb,0,4
Al Ga Ho,0,3
Al Ga In Sb,0,4
Al Ga La,0,3
Al Ga La Pd,0,4
Al Ga Li,0,3
Al Ga Mn,0,3
Al Ga Na,0,3
Al Ga Nb,0,3
Al Ga Nd,0,3
Al Ga Ni,0,3
Al Ga Pr,0,3
Al Ga Pu,0,3
Al Ga Sb,0,3
Al Ga Sc,0,3
Al Ga Sm,0,3
Al Ga Sr,0,3
Al Ga Tb,0,3
Al Ga Ti,0,3
Al Ga Tm,0,3
Al Ga U,0,3
Al Ga V,0,3
Al Ga Y,0,3
Al Ga Yb,0,3
Al Ga Zr,0,3
Al Gd,0,2
Al Gd Ge,0,3
Al Gd Ge Ni,0,4
Al Gd Ge Zn,0,4
Al Gd Ho,0,3
Al Gd Ir,0,3
Al Gd La,0,3
Al Gd Lu,0,3
Al Gd Mg,0,3
Al Gd Mg Ni,0,4
Al Gd Mn,0,3
Al Gd Mn W,0,4
Al Gd Mn Zn,0,4
Al Gd Mo,0,3
Al Gd Nd,0,3
Al Gd Ni,0,3
Al Gd Os,0,3
Al Gd Pd,0,3
Al Gd Pr,0,3
Al Gd Pt,0,3
Al Gd Re,0,3
Al Gd Rh,0,3
Al Gd Ru,0,3
Al Gd Sc,0,3
Al Gd Ta,0,3
Al Gd Tb,0,3
Al Gd Ti,0,3
Al Gd U,0,3
Al Gd V,0,3
Al Gd W,0,3
Al Gd Y,0,3
Al Gd Zn,0,3
Al Gd Zr,0,3
Al Ge,0,2
Al Ge Hf,0,3
Al Ge Ho,0,3
Al Ge K,0,3
Al Ge La,0,3
Al Ge Li,0,3
Al Ge Lu,0,3
Al Ge Lu Ni,0,4
Al Ge Mg,0,3
Al Ge Mg Y,0,4
Al Ge Mn,0,3
Al Ge Mo,0,3
Al Ge Na,0,3
Al Ge Nb,0,3
Al Ge Nd,0,3
Al Ge Ni,0,3
Al Ge Ni Tb,0,4
Al Ge Ni Y,0,4
Al Ge Pd,0,3
Al Ge Pr,0,3
Al Ge Rb,0,3
Al Ge Re,0,3
Al Ge Sc,0,3
Al Ge Sm,0,3
Al Ge Sr,0,3
Al Ge Tb,0,3
Al Ge Th,0,3
Al Ge Ti,0,3
Al Ge Tm,0,3
Al Ge U,0,3
Al Ge V,0,3
Al Ge W,0,3
Al Ge Y,0,3
Al Ge Yb,0,3
Al Hf,0,2
Al Hf Ho,0,3
Al Hf Ir,0,3
Al Hf Ir V,0,4
Al Hf Mn,0,3
Al Hf Mo,0,3
Al Hf Ni,0,3
Al Hf Os,0,3
Al Hf Pd,0,3
Al Hf Pt,0,3
Al Hf Rh,0,3
Al Hf Rh V,0,4
Al Hf Rh Zr,0,4
Al Hf Ru,0,3
Al Hf Sb,0,3
Al Hf Tb,0,3
Al Hf Ti,0,3
Al Hf W,0,3
Al Hf Zn,0,3
Al Ho,0,2
Al Ho Ir,0,3
Al Ho Mg,0,3
Al Ho Mn,0,3
Al Ho Mo,0,3
Al Ho Nd,0,3
Al Ho Ni,0,3
Al Ho Pd,0,3
Al Ho Pr,0,3
Al Ho Pt,0,3
Al Ho Re,0,3
Al Ho Rh,0,3
Al Ho Ru,0,3
Al Ho Tb,0,3
Al Ho W,0,3
Al Ho Zn,0,3
Al Ho Zr,0,3
Al In Li,0,3
Al In Ni,0,3
Al In Sb,0,3
Al In Sr,0,3
Al In Ti,0,3
Al Ir,0,2
Al Ir Li,0,3
Al Ir Lu,0,3
Al Ir Mn,0,3
Al Ir Nb,0,3
Al Ir Sc,0,3
Al Ir Th,0,3
Al Ir Ti,0,3
Al Ir U,0,3
Al Ir Y,0,3
Al Ir Zr,0,3
Al K Na Sb,0,4
Al K Sb,0,3
Al K Sn,0,3
Al La,0,2
Al La Lu,0,3
Al La Mg,0,3
Al La Mg Ni,0,4
Al La Mn,0,3
Al La Mn Ni,0,4
Al La Mn Sb,0,4
Al La Mn Sn,0,4
Al La Mo,0,3
Al La Mo Ni,0,4
Al La Nd,0,3
Al La Ni,0,3
Al La Ni Ru,0,4
Al La Ni U,0,4
Al La Pd,0,3
Al La Pr,0,3
Al La Pt,0,3
Al La Rh,0,3
Al La Ru,0,3
Al La Sc,0,3
Al La Sn,0,3
Al La Ti,0,3
Al La U,0,3
Al La V,0,3
Al La Y,0,3
Al La Yb,0,3
Al La Zn,0,3
Al Li,0,2
Al Li Mg,0,3
Al Li Mg Zn,0,4
Al Li Ni Zr,0,4
Al Li Pd,0,3
Al Li Pt,0,3
Al Li Rh,0,3
Al Li Sb Sr,0,4
Al Li Sn,0,3
Al Li Zn,0,3
Al Lu,0,2
Al Lu Mn,0,3
Al Lu Mo,0,3
Al Lu Ni,0,3
Al Lu Os,0,3
Al Lu Pd,0,3
Al Lu Pt,0,3
Al Lu Re,0,3
Al Lu Rh,0,3
Al Lu Rh U,0,4
Al Lu Ru,0,3
Al Lu V,0,3
Al Lu W,0,3
Al Lu Yb,0,3
Al Lu Zn,0,3
Al Mg,0,2
Al Mg Mn,0,3
Al Mg Mo,0,3
Al Mg Na Zn,0,4
Al Mg Nd,0,3
Al Mg Nd Ni,0,4
Al Mg Ni Y,0,4
Al Mg Pr,0,3
Al Mg Pt,0,3
Al Mg Sc,0,3
Al Mg Sr,0,3
Al Mg Ta,0,3
Al Mg Tb,0,3
Al Mg Ti,0,3
Al Mg Tm,0,3
Al Mg V,0,3
Al Mg W,0,3
Al Mg Y,0,3
Al Mg Yb,0,3
Al Mg Zn,0,3
Al Mn,0,2
Al Mn Mo,0,3
Al Mn Nb,0,3
Al Mn Nb V,0,4
Al Mn Nd,0,3
Al Mn Nd Zn,0,4
Al Mn Ni,0,3
Al Mn Os,0,3
Al Mn Pd,0,3
Al Mn Pr,0,3
Al Mn Pt,0,3
Al Mn Pu,0,3
Al Mn Rh,0,3
Al Mn Ru,0,3
Al Mn Ru Yb,0,4
Al Mn Sb Yb,0,4
Al Mn Sc,0,3
Al Mn Sm,0,3
Al Mn Sm Zn,0,4
Al Mn Ta,0,3
Al Mn Tb,0,3
Al Mn Tc,0,3
Al Mn Th,0,3
Al Mn Ti,0,3
Al Mn Ti V,0,4
Al Mn Tm,0,3
Al Mn U,0,3
Al Mn V,0,3
Al Mn W Yb,0,4
Al Mn Y,0,3
Al Mn Y Zn,0,4
Al Mn Yb,0,3
Al Mn Yb Zn,0,4
Al Mn Zn,0,3
Al Mn Zr,0,3
Al Mo,0,2
Al Mo Nb,0,3
Al Mo Nb Sn,0,4
Al Mo Nb Ta,0,4
Al Mo Nb V,0,4
Al Mo Nb W,0,4
Al Mo Nd,0,3
Al Mo Ni,0,3
Al Mo Ni Re,0,4
Al Mo Ni W,0,4
Al Mo Pd,0,3
Al Mo Sm,0,3
Al Mo Ta,0,3
Al Mo Ta V,0,4
Al Mo Ta W,0,4
Al Mo Tb,0,3
Al Mo Th,0,3
Al Mo Ti,0,3
Al Mo Tm,0,3
Al Mo U,0,3
Al Mo V,0,3
Al Mo V W,0,4
Al Mo Y,0,3
Al Mo Yb,0,3
Al Mo Zr,0,3
Al Na Sb,0,3
Al Na Sb Sr,0,4
Al Na Sn,0,3
Al Nb,0,2
Al Nb Ni,0,3
Al Nb Pd,0,3
Al Nb Rh,0,3
Al Nb Ru,0,3
Al Nb Sb,0,3
Al Nb Sn,0,3
Al Nb Sn V,0,4
Al Nb Ta,0,3
Al Nb Ta V,0,4
Al Nb Ta W,0,4
Al Nb Ti,0,3
Al Nb U,0,3
Al Nb V,0,3
Al Nb V W,0,4
Al Nb W,0,3
Al Nb Zn,0,3
Al Nb Zr,0,3
Al Nd,0,2
Al Nd Ni,0,3
Al Nd Os,0,3
Al Nd Pd,0,3
Al Nd Pr,0,3
Al Nd Pt,0,3
Al Nd Re,0,3
Al Nd Ru,0,3
Al Nd Sn,0,3
Al Nd W,0,3
Al Nd Zn,0,3
Al Ni,0,2
Al Ni Pd,0,3
Al Ni Pd Tb,0,4
Al Ni Pr,0,3
Al Ni Pr U,0,4
Al Ni Pt,0,3
Al Ni Pu,0,3
Al Ni Re,0,3
Al Ni Re Ru,0,4
Al Ni Re Ta,0,4
Al Ni Re W,0,4
Al Ni Ru,0,3
Al Ni Ru U,0,4
Al Ni Ru W,0,4
Al Ni Sb,0,3
Al Ni Sc,0,3
Al Ni Sm,0,3
Al Ni Sn,0,3
Al Ni Sr,0,3
Al Ni Ta,0,3
Al Ni Ta W,0,4
Al Ni Ta Y,0,4
Al Ni Tb,0,3
Al Ni Th,0,3
Al Ni Th U,0,4
Al Ni Ti,0,3
Al Ni Ti Zr,0,4
Al Ni Tm,0,3
Al Ni U,0,3
Al Ni U Y,0,4
Al Ni V,0,3
Al Ni W,0,3
Al Ni Y,0,3
Al Ni Yb,0,3
Al Ni Zn,0,3
Al Ni Zr,0,3
Al Np,0,2
Al Np Pd,0,3
Al Np V,0,3
Al Os,0,2
Al Os Sc,0,3
Al Os Sm,0,3
Al Os Th,0,3
Al Os Ti,0,3
Al Os U,0,3
Al Os Y,0,3
Al Os Yb,0,3
Al Os Zr,0,3
Al Pb Sr,0,3
Al Pb Ti,0,3
Al Pb Zr,0,3
Al Pd,0,2
Al Pd Pr,0,3
Al Pd Pt U,0,4
Al Pd Pu,0,3
Al Pd Ru,0,3
Al Pd Sc,0,3
Al Pd Sm,0,3
Al Pd Sr,0,3
Al Pd Tb,0,3
Al Pd Th,0,3
Al Pd Ti,0,3
Al Pd Ti Zr,0,4
Al Pd Tm,0,3
Al Pd U,0,3
Al Pd Y,0,3
Al Pd Yb,0,3
Al Pd Zn,0,3
Al Pd Zr,0,3
Al Pr,0,2
Al Pr Pt,0,3
Al Pr Rh,0,3
Al Pr Ru,0,3
Al Pr Sr,0,3
Al Pr Tb,0,3
Al Pr Ti,0,3
Al Pr U,0,3
Al Pr V,0,3
Al Pr Y,0,3
Al Pr Zn,0,3
Al Pt,0,2
Al Pt Sc,0,3
Al Pt Sc V,0,4
Al Pt Sm,0,3
Al Pt Sr,0,3
Al Pt Tb,0,3
Al Pt Th,0,3
Al Pt Ti,0,3
Al Pt Tm,0,3
Al Pt U,0,3
Al Pt V Y,0,4
Al Pt Y,0,3
Al Pt Yb,0,3
Al Pt Zn,0,3
Al Pt Zr,0,3
Al Pu,0,2
Al Pu V,0,3
Al Pu W,0,3
Al Rb Sb,0,3
Al Rb Sn,0,3
Al Re,0,2
Al Re Sm,0,3
Al Re Tb,0,3
Al Re Ti,0,3
Al Re Y,0,3
Al Re Yb,0,3
Al Rh,0,2
Al Rh Sc,0,3
Al Rh Th,0,3
Al Rh Th U,0,4
Al Rh Ti,0,3
Al Rh Tm,0,3
Al Rh U,0,3
Al Rh Y,0,3
Al Rh Yb,0,3
Al Rh Zr,0,3
Al Ru,0,2
Al Ru Sc,0,3
Al Ru Tb,0,3
Al Ru Th,0,3
Al Ru Ti,0,3
Al Ru Ti Zr,0,4
Al Ru U,0,3
Al Ru V,0,3
Al Ru Y,0,3
Al Ru Yb,0,3
Al Ru Zr,0,3
Al Sb,0,2
Al Sb Sr,0,3
Al Sb Sr Yb,0,4
Al Sb Ti,0,3
Al Sb V,0,3
Al Sb Yb,0,3
Al Sb Zr,0,3
Al Sc,0,2
Al Sc V,0,3
Al Sc Yb,0,3
Al Sc Zr,0,3
Al Sm,0,2
Al Sm Ti,0,3
Al Sm U,0,3
Al Sm V,0,3
Al Sm W,0,3
Al Sm Zn,0,3
Al Sn,0,2
Al Sn Sr,0,3
Al Sn Ti,0,3
Al Sn U,0,3
Al Sn V,0,3
Al Sn Yb,0,3
Al Sn Zr,0,3
Al Sr,0,2
Al Ta,0,2
Al Ta Ti,0,3
Al Ta V,0,3
Al Ta V W,0,4
Al Ta W,0,3
Al Ta Zn,0,3
Al Tb,0,2
Al Tb W,0,3
Al Tb Zn,0,3
Al Tb Zr,0,3
Al Tc,0,2
Al Th,0,2
Al Th U,0,3
Al Th V,0,3
Al Ti,0,2
Al Ti Tl,0,3
Al Ti V,0,3
Al Ti V Zr,0,4
Al Ti Yb,0,3
Al Ti Zn,0,3
Al Ti Zr,0,3
Al Tm,0,2
Al Tm W,0,3
Al Tm Zn,0,3
Al U,0,2
Al U V,0,3
Al U W,0,3
Al U Y,0,3
Al U Zr,0,3
Al V,0,2
Al V W,0,3
Al V Y,0,3
Al V Zr,0,3
Al W,0,2
Al W Y,0,3
Al W Yb,0,3
Al W Zr,0,3
Al Y,0,2
Al Y Yb,0,3
Al Y Zn,0,3
Al Yb,0,2
Al Yb Zn,0,3
Al Zn,0,2
Al Zn Zr,0,3
Al Zr,0,2
Am Be,0,2
Am Bi,0,2
Am Ir,0,2
Am La,0,2
Am Ni,0,2
Am Ni Sn,0,3
Am Os,0,2
Am Pd,0,2
Am Pd Sn,0,3
Am Pt,0,2
Am Pu,0,2
Am Rh,0,2
Am Sb,0,2
Au Ba,0,2
Au Ba Bi,0,3
Au Ba Cd,0,3
Au Ba Ga,0,3
Au Ba Ga Ge,0,4
Au Ba Ge,0,3
Au Ba In,0,3
Au Ba Pt,0,3
Au Ba Sb,0,3
Au Ba Sn,0,3
Au Ba Tl,0,3
Au Ba Zn,0,3
Au Be,0,2
Au Bi,0,2
Au Bi Ca,0,3
Au Bi Ce,0,3
Au Bi Dy,0,3
Au Bi Er,0,3
Au Bi Gd,0,3
Au Bi Ho,0,3
Au Bi K,0,3
Au Bi La,0,3
Au Bi Li,0,3
Au Bi Na,0,3
Au Bi Nd,0,3
Au Bi Pr,0,3
Au Bi Sm,0,3
Au Bi Sr,0,3
Au Bi Tb,0,3
Au Bi Yb,0,3
Au Ca,0,2
Au Ca Cd,0,3
Au Ca Ga,0,3
Au Ca Ge,0,3
Au Ca Hg,0,3
Au Ca In,0,3
Au Ca Pb,0,3
Au Ca Pt,0,3
Au Ca Sb,0,3
Au Ca Sn,0,3
Au Ca Zn,0,3
Au Cd,0,2
Au Cd Ce,0,3
Au Cd Eu,0,3
Au Cd Eu Mg,0,4
Au Cd Eu Sb,0,4
Au Cd Gd,0,3
Au Cd In,0,3
Au Cd In Sn,0,4
Au Cd La,0,3
Au Cd Mg,0,3
Au Cd Na,0,3
Au Cd Pr,0,3
Au Cd Sb,0,3
Au Cd Sn,0,3
Au Cd Sr,0,3
Au Cd Tb,0,3
Au Cd Yb,0,3
Au Cd Zn,0,3
Au Ce,0,2
Au Ce Cu,0,3
Au Ce Ga,0,3
Au Ce Ge,0,3
Au Ce In,0,3
Au Ce In Mg,0,4
Au Ce In Y,0,4
Au Ce Mg,0,3
Au Ce Pb,0,3
Au Ce Pt,0,3
Au Ce Pt U,0,4
Au Ce Sb,0,3
Au Ce Sn,0,3
Au Ce Zn,0,3
Au Co,0,2
Au Co Fe,0,3
Au Co Sn,0,3
Au Cr,0,2
Au Cr Nb,0,3
Au Cr Pd,0,3
Au Cr Sn,0,3
Au Cr Zn,0,3
Au Cs,0,2
Au Cs Ga,0,3
Au Cs Ge,0,3
Au Cs In,0,3
Au Cs Pb,0,3
Au Cs Rb,0,3
Au Cs Sn,0,3
Au Cu,0,2
Au Cu Dy,0,3
Au Cu Er,0,3
Au Cu Fe,0,3
Au Cu Ga,0,3
Au Cu Gd,0,3
Au Cu Ge,0,3
Au Cu Ho,0,3
Au Cu In,0,3
Au Cu La,0,3
Au Cu Lu,0,3
Au Cu Mg,0,3
Au Cu Mn,0,3
Au Cu Nd,0,3
Au Cu Ni,0,3
Au Cu Pd,0,3
Au Cu Pr,0,3
Au Cu Pt,0,3
Au Cu Sc,0,3
Au Cu Sn,0,3
Au Cu Tb,0,3
Au Cu U,0,3
Au Cu Yb,0,3
Au Cu Zn,0,3
Au Dy,0,2
Au Dy Ga,0,3
Au Dy Ge,0,3
Au Dy In,0,3
Au Dy Ni,0,3
Au Dy Pb,0,3
Au Dy Sb,0,3
Au Dy Sn,0,3
Au Dy Zn,0,3
Au Er,0,2
Au Er Ga,0,3
Au Er Ge,0,3
Au Er In,0,3
Au Er Ni,0,3
Au Er Pb,0,3
Au Er Pt,0,3
Au Er Sb,0,3
Au Er Sn,0,3
Au Er Zn,0,3
Au Eu,0,2
Au Eu Ga,0,3
Au Eu Ge,0,3
Au Eu In,0,3
Au Eu In Sr,0,4
Au Eu Mg,0,3
Au Eu Sb,0,3
Au Eu Sn,0,3
Au Eu Zn,0,3
Au Fe,0,2
Au Fe Nb,0,3
Au Fe Nd,0,3
Au Fe Pd,0,3
Au Fe Pr,0,3
Au Fe Sn,0,3
Au Ga,0,2
Au Ga Gd,0,3
Au Ga Hf,0,3
Au Ga Ho,0,3
Au Ga In,0,3
Au Ga K,0,3
Au Ga La,0,3
Au Ga Li,0,3
Au Ga Lu,0,3
Au Ga Mg,0,3
Au Ga Na,0,3
Au Ga Nb,0,3
Au Ga Nd,0,3
Au Ga Pd,0,3
Au Ga Pr,0,3
Au Ga Rb,0,3
Au Ga Sc,0,3
Au Ga Sm,0,3
Au Ga Sr,0,3
Au Ga Ta,0,3
Au Ga Tb,0,3
Au Ga Ti,0,3
Au Ga Tm,0,3
Au Ga U,0,3
Au Ga V,0,3
Au Ga Y,0,3
Au Ga Yb,0,3
Au Ga Zr,0,3
Au Gd,0,2
Au Gd Ge,0,3
Au Gd In,0,3
Au Gd Mg,0,3
Au Gd Mg Y,0,4
Au Gd Mn,0,3
Au Gd Ni,0,3
Au Gd Pb,0,3
Au Gd Pb Y,0,4
Au Gd Sb,0,3
Au Gd Sn,0,3
Au Gd Tb,0,3
Au Gd Zn,0,3
Au Ge,0,2
Au Ge Ho,0,3
Au Ge In Yb,0,4
Au Ge K,0,3
Au Ge K Rb,0,4
Au Ge La,0,3
Au Ge Li,0,3
Au Ge Lu,0,3
Au Ge Mn Nd,0,4
Au Ge Na,0,3
Au Ge Nb,0,3
Au Ge Nd,0,3
Au Ge Pr,0,3
Au Ge Rb,0,3
Au Ge Sc,0,3
Au Ge Sm,0,3
Au Ge Sr,0,3
Au Ge Tb,0,3
Au Ge Th,0,3
Au Ge Tm,0,3
Au Ge U,0,3
Au Ge Y,0,3
Au Ge Yb,0,3
Au Hf,0,2
Au Hf In,0,3
Au Hg,0,2
Au Hg Mg,0,3
Au Hg Mn,0,3
Au Ho,0,2
Au Ho In,0,3
Au Ho Mg,0,3
Au Ho Ni,0,3
Au Ho Pb,0,3
Au Ho Sb,0,3
Au Ho Sn,0,3
Au In,0,2
Au In K,0,3
Au In K Rb,0,4
Au In La,0,3
Au In Li,0,3
Au In Lu,0,3
Au In Na,0,3
Au In Nd,0,3
Au In Pd,0,3
Au In Pd Y,0,4
Au In Pr,0,3
Au In Pt,0,3
Au In Rb,0,3
Au In Sb,0,3
Au In Sc,0,3
Au In Sm,0,3
Au In Sn,0,3
Au In Sr,0,3
Au In Tb,0,3
Au In Th,0,3
Au In Ti,0,3
Au In Tm,0,3
Au In U,0,3
Au In Y,0,3
Au In Yb,0,3
Au In Zn,0,3
Au In Zr,0,3
Au Ir Nb,0,3
Au Ir Os,0,3
Au K,0,2
Au K Na Tl,0,4
Au K Pb,0,3
Au K Rb Sb,0,4
Au K Sb,0,3
Au K Sn,0,3
Au K Sn Tl,0,4
Au K Tl,0,3
Au La,0,2
Au La Mg,0,3
Au La Pb,0,3
Au La Sb,0,3
Au La Sn,0,3
Au La Zn,0,3
Au Li,0,2
Au Li Mg,0,3
Au Li Mg Sn,0,4
Au Li Na,0,3
Au Li Pb,0,3
Au Li Sb,0,3
Au Li Sn,0,3
Au Li Tl,0,3
Au Lu,0,2
Au Lu Ni,0,3
Au Lu Pb,0,3
Au Lu Sb,0,3
Au Lu Sn,0,3
Au Mg,0,2
Au Mg Pr,0,3
Au Mg Sn,0,3
Au Mg Yb,0,3
Au Mn,0,2
Au Mn Pd,0,3
Au Mn Pt,0,3
Au Mn Pt Sb,0,4
Au Mn Sb,0,3
Au Mn Sn,0,3
Au Mn Y,0,3
Au Mo,0,2
Au Mo Zn,0,3
Au Na,0,2
Au Na Rb Sb,0,4
Au Na Sb,0,3
Au Na Sn,0,3
Au Na Tl,0,3
Au Na Zn,0,3
Au Nb,0,2
Au Nb Os,0,3
Au Nb Pt,0,3
Au Nb Zn,0,3
Au Nd,0,2
Au Nd Pb,0,3
Au Nd Sb,0,3
Au Nd Sn,0,3
Au Nd Zn,0,3
Au Ni,0,2
Au Ni Sc,0,3
Au Ni Sn,0,3
Au Ni Tb,0,3
Au Ni Tm,0,3
Au Ni Y,0,3
Au Ni Yb,0,3
Au Ni Zn,0,3
Au Os Zr,0,3
Au Pb,0,2
Au Pb Pd,0,3
Au Pb Pr,0,3
Au Pb Rb,0,3
Au Pb Sm,0,3
Au Pb Tb,0,3
Au Pb Y,0,3
Au Pb Yb,0,3
Au Pd,0,2
Au Pd Pt,0,3
Au Pd Sb,0,3
Au Pd Sn,0,3
Au Pd U,0,3
Au Pd Zn,0,3
Au Pr,0,2
Au Pr Sb,0,3
Au Pr Sn,0,3
Au Pt,0,2
Au Pt Sr,0,3
Au Pt Ti,0,3
Au Pt U,0,3
Au Pt Yb,0,3
Au Pu,0,2
Au Rb,0,2
Au Rb Sb,0,3
Au Rb Sn,0,3
Au Rb Tl,0,3
Au Sb,0,2
Au Sb Sm,0,3
Au Sb Sn,0,3
Au Sb Sr,0,3
Au Sb Tb,0,3
Au Sb Tl,0,3
Au Sb Tm,0,3
Au Sb U,0,3
Au Sb Y,0,3
Au Sb Yb,0,3
Au Sc,0,2
Au Sc Sn,0,3
Au Sm,0,2
Au Sm Sn,0,3
Au Sm Zn,0,3
Au Sn,0,2
Au Sn Sr,0,3
Au Sn Tb,0,3
Au Sn Tm,0,3
Au Sn U,0,3
Au Sn Y,0,3
Au Sn Yb,0,3
Au Sr,0,2
Au Sr Zn,0,3
Au Ta,0,2
Au Tb,0,2
Au Tb Zn,0,3
Au Th,0,2
Au Th U,0,3
Au Ti,0,2
Au Ti Tl,0,3
Au Tl,0,2
Au Tm,0,2
Au U,0,2
Au V,0,2
Au Y,0,2
Au Y Zn,0,3
Au Yb,0,2
Au Yb Zn,0,3
Au Zn,0,2
Au Zr,0,2
Ba Be,0,2
Ba Bi,0,2
Ba Bi Cd,0,3
Ba Bi Cu,0,3
Ba Bi In,0,3
Ba Bi K,0,3
Ba Bi K Sn,0,4
Ba Bi Li,0,3
Ba Bi Mg,0,3
Ba Bi Mn,0,3
Ba Bi Na,0,3
Ba Bi Pb,0,3
Ba Bi Pd,0,3
Ba Bi Pt,0,3
Ba Bi Sb,0,3
Ba Bi Sn,0,3
Ba Bi Sr,0,3
Ba Bi Ti,0,3
Ba Bi Zn,0,3
Ba Ca,0,2
Ba Ca Cd Sb,0,4
Ba Ca Ga Sb,0,4
Ba Ca Ge,0,3
Ba Ca Li,0,3
Ba Ca Pb,0,3
Ba Ca Sn,0,3
Ba Cd,0,2
Ba Cd Eu Sb,0,4
Ba Cd Ga,0,3
Ba Cd Ge,0,3
Ba Cd Ge Li,0,4
Ba Cd Hg,0,3
Ba Cd K Sb,0,4
Ba Cd Li Sb,0,4
Ba Cd Pb,0,3
Ba Cd Pt,0,3
Ba Cd Sb,0,3
Ba Cd Sb Sr,0,4
Ba Cd Sb Yb,0,4
Ba Cd Sn,0,3
Ba Co Fe Sb,0,4
Ba Co Ge,0,3
Ba Co Sn,0,3
Ba Cu,0,2
Ba Cu Ga,0,3
Ba Cu Ge,0,3
Ba Cu Ge Sn,0,4
Ba Cu Ge Sr,0,4
Ba Cu Ge Zn,0,4
Ba Cu Sb,0,3
Ba Cu Sn,0,3
Ba Cu Zn,0,3
Ba Eu Ge,0,3
Ba Eu Ge Pt,0,4
Ba Eu Li Sn,0,4
Ba Eu Mn Sb,0,4
Ba Fe Sb,0,3
Ba Ga,0,2
Ba Ga Ge,0,3
Ba Ga Ge Mg,0,4
Ba Ga Ge Sb,0,4
Ba Ga Hg,0,3
Ba Ga In,0,3
Ba Ga K Sn,0,4
Ba Ga Li,0,3
Ba Ga Li Sb,0,4
Ba Ga Na Sb,0,4
Ba Ga Pb,0,3
Ba Ga Pt,0,3
Ba Ga Sb,0,3
Ba Ga Sn,0,3
Ba Ga Sr,0,3
Ba Ge,0,2
Ba Ge In,0,3
Ba Ge In Li,0,4
Ba Ge In Sb,0,4
Ba Ge Ir,0,3
Ba Ge Ir Mg,0,4
Ba Ge K Zn,0,4
Ba Ge Li,0,3
Ba Ge Li Mg,0,4
Ba Ge Mg,0,3
Ba Ge Mg Sr,0,4
Ba Ge Mn,0,3
Ba Ge Na,0,3
Ba Ge Ni,0,3
Ba Ge Pd,0,3
Ba Ge Pd Zn,0,4
Ba Ge Pt,0,3
Ba Ge Rh,0,3
Ba Ge Ru,0,3
Ba Ge Sn,0,3
Ba Ge Sr,0,3
Ba Ge Sr Zn,0,4
Ba Ge Tl,0,3
Ba Ge Zn,0,3
Ba Hg,0,2
Ba Hg In,0,3
Ba Hg Pb,0,3
Ba Hg Sn,0,3
Ba Hg Tl,0,3
Ba Hg Zn,0,3
Ba In,0,2
Ba In Ir,0,3
Ba In Li,0,3
Ba In Mg,0,3
Ba In Pb,0,3
Ba In Pt,0,3
Ba In Rh,0,3
Ba In Sb,0,3
Ba In Tl,0,3
Ba In Zn,0,3
Ba K Sb,0,3
Ba K Sb Sn,0,4
Ba Li,0,2
Ba Li Na,0,3
Ba Li Pb,0,3
Ba Li Sb,0,3
Ba Li Sn,0,3
Ba Li Sn Sr,0,4
Ba Li Sr,0,3
Ba Mg,0,2
Ba Mg Pb,0,3
Ba Mg Sb,0,3
Ba Mg Sn,0,3
Ba Mn,0,2
Ba Mn Sb,0,3
Ba Mn Sn,0,3
Ba Na,0,2
Ba Na Pb,0,3
Ba Na Sb,0,3
Ba Na Sn,0,3
Ba Ni,0,2
Ba Ni Sn,0,3
Ba Os Sb,0,3
Ba Pb,0,2
Ba Pb Rh,0,3
Ba Pb Sn,0,3
Ba Pb Sr,0,3
Ba Pb Tl,0,3
Ba Pb Zn,0,3
Ba Pd,0,2
Ba Pd Sb,0,3
Ba Pd Sb Sn,0,4
Ba Pd Sn,0,3
Ba Pd Zn,0,3
Ba Pt,0,2
Ba Pt Sb,0,3
Ba Pt Sn,0,3
Ba Rh,0,2
Ba Rh Sn,0,3
Ba Ru Sb,0,3
Ba Ru Sn,0,3
Ba Sb,0,2
Ba Sb Sn,0,3
Ba Sb Sr,0,3
Ba Sb Ti,0,3
Ba Sb V,0,3
Ba Sb Zn,0,3
Ba Sn,0,2
Ba Sn Sr,0,3
Ba Sn Yb,0,3
Ba Sn Zn,0,3
Ba Sr,0,2
Ba Sr Zn,0,3
Ba Tl,0,2
Ba Zn,0,2
Be Bi,0,2
Be Bi Li,0,3
Be Ca,0,2
Be Ca Ge,0,3
Be Ce,0,2
Be Ce La,0,3
Be Cm,0,2
Be Co,0,2
Be Co Ge,0,3
Be Co Mn,0,3
Be Cr,0,2
Be Cr Mo,0,3
Be Cr Nb,0,3
Be Cr Ni,0,3
Be Cu,0,2
Be Cu Dy,0,3
Be Cu Gd,0,3
Be Cu Ge,0,3
Be Cu Hf,0,3
Be Cu Ho,0,3
Be Cu In,0,3
Be Cu Mg,0,3
Be Cu Nb,0,3
Be Cu Nd,0,3
Be Cu Sm,0,3
Be Cu Ta,0,3
Be Cu Tb,0,3
Be Cu Ti,0,3
Be Cu Tm,0,3
Be Cu U,0,3
Be Cu Y,0,3
Be Cu Zn,0,3
Be Cu Zr,0,3
Be Dy,0,2
Be Er,0,2
Be Eu,0,2
Be Fe,0,2
Be Fe Ge,0,3
Be Ga Ti,0,3
Be Ga U,0,3
Be Gd,0,2
Be Ge,0,2
Be Ge Ni,0,3
Be Ge Sr,0,3
Be Hf,0,2
Be Hf Pd,0,3
Be Ho,0,2
Be Ir,0,2
Be La,0,2
Be La U,0,3
Be Li,0,2
Be Li Sb,0,3
Be Lu,0,2
Be Lu U,0,3
Be Mg,0,2
Be Mn,0,2
Be Mo,0,2
Be Mo Nb,0,3
Be Mo Ta,0,3
Be Na Sb,0,3
Be Nb,0,2
Be Nb Ti,0,3
Be Nd,0,2
Be Ni,0,2
Be Ni Zn,0,3
Be Np,0,2
Be Os,0,2
Be Pa,0,2
Be Pd,0,2
Be Pd Zr,0,3
Be Pr,0,2
Be Pt,0,2
Be Pt Th,0,3
Be Pt Y,0,3
Be Pu,0,2
Be Re,0,2
Be Re Tc,0,3
Be Rh,0,2
Be Ru,0,2
Be Sb,0,2
Be Sc,0,2
Be Sc U,0,3
Be Sm,0,2
Be Sr,0,2
Be Ta,0,2
Be Ta Ti,0,3
Be Tb,0,2
Be Tc,0,2
Be Th,0,2
Be Th U,0,3
Be Ti,0,2
Be Ti Zr,0,3
Be Tm,0,2
Be U,0,2
Be U Y,0,3
Be U Zr,0,3
Be V,0,2
Be W,0,2
Be Y,0,2
Be Yb,0,2
Be Zn,0,2
Be Zr,0,2
Bi Ca,0,2
Bi Ca Cd,0,3
Bi Ca Ce,0,3
Bi Ca Ce Mn,0,4
Bi Ca Cu,0,3
Bi Ca Dy,0,3
Bi Ca Dy Mn,0,4
Bi Ca Er,0,3
Bi Ca Er Mn,0,4
Bi Ca Gd,0,3
Bi Ca Gd Mn,0,4
Bi Ca Ho,0,3
Bi Ca Ho Mn,0,4
Bi Ca Ho Sb,0,4
Bi Ca In,0,3
Bi Ca K,0,3
Bi Ca La,0,3
Bi Ca La Mn,0,4
Bi Ca Li,0,3
Bi Ca Lu,0,3
Bi Ca Mg,0,3
Bi Ca Mn,0,3
Bi Ca Mn Nd,0,4
Bi Ca Mn Pr,0,4
Bi Ca Mn Sm,0,4
Bi Ca Mn Tb,0,4
Bi Ca Na,0,3
Bi Ca Nd,0,3
Bi Ca Pd,0,3
Bi Ca Pr,0,3
Bi Ca Sb,0,3
Bi Ca Sm,0,3
Bi Ca Tb,0,3
Bi Ca Ti,0,3
Bi Ca Tm,0,3
Bi Ca Y,0,3
Bi Ca Zn,0,3
Bi Cd Ce,0,3
Bi Cd Eu,0,3
Bi Cd Li,0,3
Bi Cd Sr,0,3
Bi Cd Yb,0,3
Bi Ce,0,2
Bi Ce Cu,0,3
Bi Ce Ge,0,3
Bi Ce Li,0,3
Bi Ce Mn,0,3
Bi Ce Ni,0,3
Bi Ce Ni Sb,0,4
Bi Ce Pd,0,3
Bi Ce Pt,0,3
Bi Ce Rh,0,3
Bi Ce Sb,0,3
Bi Ce Zn,0,3
Bi Cm,0,2
Bi Co,0,2
Bi Co Cr,0,3
Bi Co Cr Sc,0,4
Bi Co Cr Ti,0,4
Bi Co Fe Tb,0,4
Bi Co Gd,0,3
Bi Co Hf,0,3
Bi Co Ho,0,3
Bi Co Pt,0,3
Bi Co Ti,0,3
Bi Co Tm,0,3
Bi Co Y,0,3
Bi Co Zr,0,3
Bi Cr,0,2
Bi Cr Fe Mn,0,4
Bi Cr Li,0,3
Bi Cr Zr,0,3
Bi Cs,0,2
Bi Cs In,0,3
Bi Cs Mn,0,3
Bi Cs Ni,0,3
Bi Cs Pd,0,3
Bi Cs Pt,0,3
Bi Cu,0,2
Bi Cu Eu,0,3
Bi Cu Gd,0,3
Bi Cu Ho,0,3
Bi Cu Ir,0,3
Bi Cu La,0,3
Bi Cu Mg,0,3
Bi Cu Mn,0,3
Bi Cu Nd,0,3
Bi Cu Pr,0,3
Bi Cu Sr,0,3
Bi Cu Tb,0,3
Bi Cu Yb,0,3
Bi Cu Zr,0,3
Bi Dy,0,2
Bi Dy Fe Mn,0,4
Bi Dy Gd,0,3
Bi Dy Ge,0,3
Bi Dy Ni,0,3
Bi Dy Pd,0,3
Bi Dy Pt,0,3
Bi Dy Rh,0,3
Bi Er,0,2
Bi Er Ho Mn,0,4
Bi Er Mn,0,3
Bi Er Pt,0,3
Bi Eu,0,2
Bi Eu K Sn,0,4
Bi Eu Li,0,3
Bi Eu Mg,0,3
Bi Eu Mn,0,3
Bi Eu Pd,0,3
Bi Eu Sn,0,3
Bi Eu Sr Ti,0,4
Bi Eu Ti,0,3
Bi Eu Zn,0,3
Bi Fe,0,2
Bi Fe Gd,0,3
Bi Fe Hf,0,3
Bi Fe Ho,0,3
Bi Fe La Sb,0,4
Bi Fe Nd,0,3
Bi Fe Pr,0,3
Bi Fe Pt,0,3
Bi Fe Tb,0,3
Bi Fe Ti,0,3
Bi Ga,0,2
Bi Ga K,0,3
Bi Ga La,0,3
Bi Ga Pd,0,3
Bi Gd,0,2
Bi Gd Ge,0,3
Bi Gd Ir,0,3
Bi Gd Li,0,3
Bi Gd Ni,0,3
Bi Gd Pd,0,3
Bi Gd Pt,0,3
Bi Gd Pt Y,0,4
Bi Gd Sb,0,3
Bi Ge,0,2
Bi Ge Ho,0,3
Bi Ge Lu,0,3
Bi Ge Nd,0,3
Bi Ge Pd,0,3
Bi Ge Pr,0,3
Bi Ge Sm,0,3
Bi Ge Sn,0,3
Bi Ge Tb,0,3
Bi Ge Tm,0,3
Bi Ge Y,0,3
Bi Hf,0,2
Bi Hf Ir Zr,0,4
Bi Hf La,0,3
Bi Hf Li,0,3
Bi Ho,0,2
Bi Ho Mn,0,3
Bi Ho Ni,0,3
Bi Ho Pd,0,3
Bi Ho Pt,0,3
Bi Ho Rh,0,3
Bi In,0,2
Bi In K,0,3
Bi In Li,0,3
Bi In Na,0,3
Bi In Pb,0,3
Bi In Pd,0,3
Bi In Sb,0,3
Bi In Sr,0,3
Bi Ir,0,2
Bi Ir Zr,0,3
Bi K,0,2
Bi K Mg,0,3
Bi K Mn,0,3
Bi K Na Sn,0,4
Bi K Pb,0,3
Bi K Sn,0,3
Bi K Zn,0,3
Bi La,0,2
Bi La Li,0,3
Bi La Mg,0,3
Bi La Mn,0,3
Bi La Ni,0,3
Bi La Pb,0,3
Bi La Pd,0,3
Bi La Pt,0,3
Bi La Sb,0,3
Bi La Sc,0,3
Bi La Sn,0,3
Bi La Ti,0,3
Bi La Y,0,3
Bi La Zn,0,3
Bi La Zr,0,3
Bi Li,0,2
Bi Li Mg,0,3
Bi Li Mg Pb,0,4
Bi Li Nd,0,3
Bi Li Pr,0,3
Bi Li Sm,0,3
Bi Li Sr,0,3
Bi Li Tb,0,3
Bi Li Ti,0,3
Bi Li Tl,0,3
Bi Li Y,0,3
Bi Li Yb,0,3
Bi Li Zn,0,3
Bi Li Zr,0,3
Bi Lu,0,2
Bi Lu Ni,0,3
Bi Lu Pt,0,3
Bi Mg,0,2
Bi Mg Na,0,3
Bi Mg Ni,0,3
Bi Mg Sm,0,3
Bi Mg Sr,0,3
Bi Mg Yb,0,3
Bi Mn,0,2
Bi Mn Na,0,3
Bi Mn Nd,0,3
Bi Mn Ni,0,3
Bi Mn Pd,0,3
Bi Mn Pr,0,3
Bi Mn Pt,0,3
Bi Mn Rb,0,3
Bi Mn Rh,0,3
Bi Mn Sb,0,3
Bi Mn Sb Yb,0,4
Bi Mn Sm,0,3
Bi Mn Sr,0,3
Bi Mn Ti,0,3
Bi Mn Yb,0,3
Bi Mn Zn,0,3
Bi Na,0,2
Bi Na Zn,0,3
Bi Nb,0,2
Bi Nd,0,2
Bi Nd Ni,0,3
Bi Nd Pd,0,3
Bi Nd Pt,0,3
Bi Ni,0,2
Bi Ni Pr,0,3
Bi Ni Pt,0,3
Bi Ni Rh,0,3
Bi Ni Sb,0,3
Bi Ni Sc,0,3
Bi Ni Sm,0,3
Bi Ni Sn Zr,0,4
Bi Ni Sr,0,3
Bi Ni Tb,0,3
Bi Ni Ti,0,3
Bi Ni Tm,0,3
Bi Ni Y,0,3
Bi Ni Zr,0,3
Bi Np,0,2
Bi Pb,0,2
Bi Pb Pd,0,3
Bi Pb Pd Pt,0,4
Bi Pb Pt,0,3
Bi Pd,0,2
Bi Pd Pt,0,3
Bi Pd Sb,0,3
Bi Pd Sr,0,3
Bi Pd Tl,0,3
Bi Pd Y,0,3
Bi Pd Yb,0,3
Bi Pr,0,2
Bi Pr Zn,0,3
Bi Pt,0,2
Bi Pt Sb,0,3
Bi Pt Sr,0,3
Bi Pt Tl,0,3
Bi Pt Y,0,3
Bi Pt Yb,0,3
Bi Pu,0,2
Bi Rb,0,2
Bi Rb Sb,0,3
Bi Rh,0,2
Bi Rh Sm,0,3
Bi Ru Ta,0,3
Bi Sb,0,2
Bi Sb Sr,0,3
Bi Sc,0,2
Bi Sm,0,2
Bi Sn,0,2
Bi Sn Sr,0,3
Bi Sn Yb,0,3
Bi Sr,0,2
Bi Sr Ti,0,3
Bi Sr Zn,0,3
Bi Tb,0,2
Bi Th,0,2
Bi Ti,0,2
Bi Ti V,0,3
Bi Ti Zn,0,3
Bi Tl,0,2
Bi Tm,0,2
Bi U,0,2
Bi V,0,2
Bi Y,0,2
Bi Yb,0,2
Bi Yb Zn,0,3
Bi Zr,0,2
Bk Ir,0,2
Bk Pt,0,2
Bk Rh,0,2
Bk Sb,0,2
Ca Cd,0,2
Ca Cd Cu,0,3
Ca Cd Eu Sb,0,4
Ca Cd Ga,0,3
Ca Cd Ge,0,3
Ca Cd Hg,0,3
Ca Cd K Sb,0,4
Ca Cd La Sb,0,4
Ca Cd Mg,0,3
Ca Cd Pb,0,3
Ca Cd Pd,0,3
Ca Cd Pt,0,3
Ca Cd Sb,0,3
Ca Cd Sb Sr,0,4
Ca Cd Sb Yb,0,4
Ca Cd Sn,0,3
Ca Cd Tl,0,3
Ca Cd Zn,0,3
Ca Ce Fe Sb,0,4
Ca Ce Ge,0,3
Ca Ce Mn Sb,0,4
Ca Ce Sb,0,3
Ca Ce Sb Zn,0,4
Ca Co Ga,0,3
Ca Co Ge,0,3
Ca Co Ni Sb,0,4
Ca Co Sb,0,3
Ca Co Sn,0,3
Ca Cu,0,2
Ca Cu Ga,0,3
Ca Cu Ge,0,3
Ca Cu Hg,0,3
Ca Cu In,0,3
Ca Cu Mg,0,3
Ca Cu Ni,0,3
Ca Cu Pb,0,3
Ca Cu Sb,0,3
Ca Cu Sb Zn,0,4
Ca Cu Sn,0,3
Ca Cu Zn,0,3
Ca Dy Ge,0,3
Ca Dy Mn Sb,0,4
Ca Dy Sb,0,3
Ca Er Ge,0,3
Ca Er Pt Sn,0,4
Ca Er Sb,0,3
Ca Eu Ga,0,3
Ca Eu Ge,0,3
Ca Eu Ge In,0,4
Ca Eu Ge Pb,0,4
Ca Eu In,0,3
Ca Eu Li Sn,0,4
Ca Eu Mn Sb,0,4
Ca Eu Ni,0,3
Ca Eu Ni Zn,0,4
Ca Fe Ge,0,3
Ca Fe Ge Mn,0,4
Ca Fe Pb,0,3
Ca Fe Sb,0,3
Ca Ga,0,2
Ca Ga Ge,0,3
Ca Ga In,0,3
Ca Ga Ir,0,3
Ca Ga Na Sb,0,4
Ca Ga Ni,0,3
Ca Ga Pb,0,3
Ca Ga Pd,0,3
Ca Ga Pt,0,3
Ca Ga Rh,0,3
Ca Ga Sb,0,3
Ca Ga Sn,0,3
Ca Ga Zn,0,3
Ca Gd Ge,0,3
Ca Gd Mn Sb,0,4
Ca Gd Sb,0,3
Ca Gd Sb Zn,0,4
Ca Ge,0,2
Ca Ge Ho,0,3
Ca Ge In Li,0,4
Ca Ge In Sr,0,4
Ca Ge In Yb,0,4
Ca Ge Ir,0,3
Ca Ge La,0,3
Ca Ge Li,0,3
Ca Ge Li Mg,0,4
Ca Ge Li Sb,0,4
Ca Ge Lu Rh,0,4
Ca Ge Mg,0,3
Ca Ge Mn,0,3
Ca Ge Na Sb,0,4
Ca Ge Nd,0,3
Ca Ge Ni,0,3
Ca Ge Pb Sr,0,4
Ca Ge Pd,0,3
Ca Ge Pr,0,3
Ca Ge Pt,0,3
Ca Ge Rh,0,3
Ca Ge Ru,0,3
Ca Ge Sb,0,3
Ca Ge Sb Yb,0,4
Ca Ge Sm,0,3
Ca Ge Sn,0,3
Ca Ge Sn Sr,0,4
Ca Ge Sr,0,3
Ca Ge Tb,0,3
Ca Ge Zn,0,3
Ca Hg,0,2
Ca Hg In,0,3
Ca Hg Li,0,3
Ca Hg Pb,0,3
Ca Hg Sn,0,3
Ca Hg Zn,0,3
Ca Ho Sb,0,3
Ca In,0,2
Ca In Ir,0,3
Ca In Li,0,3
Ca In Na Sb,0,4
Ca In Ni,0,3
Ca In Pd,0,3
Ca In Pt,0,3
Ca In Rh,0,3
Ca In Sb,0,3
Ca In Sb Yb,0,4
Ca In Sb Zn,0,4
Ca In Tl,0,3
Ca Ir,0,2
Ca Ir Sn,0,3
Ca La Mn Sb,0,4
Ca La Sb,0,3
Ca La Sb Zn,0,4
Ca Li,0,2
Ca Li Mg Sb,0,4
Ca Li Mg Zn,0,4
Ca Li Pb,0,3
Ca Li Sb,0,3
Ca Li Sn,0,3
Ca Li Sn Sr,0,4
Ca Li Zn,0,3
Ca Lu Pt Sn,0,4
Ca Lu Sb,0,3
Ca Mg,0,2
Ca Mg Ni,0,3
Ca Mg Pb,0,3
Ca Mg Pd,0,3
Ca Mg Pt,0,3
Ca Mg Rh,0,3
Ca Mg Sb,0,3
Ca Mg Sn,0,3
Ca Mg Zn,0,3
Ca Mn,0,2
Ca Mn Nd Sb,0,4
Ca Mn Pb,0,3
Ca Mn Pr Sb,0,4
Ca Mn Sb,0,3
Ca Mn Sb Sm,0,4
Ca Mn Sb Tb,0,4
Ca Mn Sb Yb,0,4
Ca Mn Sn,0,3
Ca Na Sb,0,3
Ca Na Sn,0,3
Ca Nd Sb,0,3
Ca Nd Sb Zn,0,4
Ca Ni,0,2
Ca Ni Sn,0,3
Ca Ni Sn Sr,0,4
Ca Ni Y,0,3
Ca Ni Yb Zn,0,4
Ca Ni Zn,0,3
Ca Pb,0,2
Ca Pb Pd,0,3
Ca Pb Pt,0,3
Ca Pb Rh,0,3
Ca Pb Sr,0,3
Ca Pb Tl,0,3
Ca Pb Zn,0,3
Ca Pd,0,2
Ca Pd Sb,0,3
Ca Pd Sn,0,3
Ca Pd Zn,0,3
Ca Pr Sb,0,3
Ca Pr Sb Zn,0,4
Ca Pt,0,2
Ca Pt Sb,0,3
Ca Pt Sn,0,3
Ca Pt Sn Tm,0,4
Ca Pt Sn Yb,0,4
Ca Pt Zn,0,3
Ca Rb Sb,0,3
Ca Rh,0,2
Ca Rh Sn,0,3
Ca Sb,0,2
Ca Sb Sm,0,3
Ca Sb Sm Zn,0,4
Ca Sb Sr,0,3
Ca Sb Tb,0,3
Ca Sb Tm,0,3
Ca Sb V,0,3
Ca Sb Yb,0,3
Ca Sb Zn,0,3
Ca Sn,0,2
Ca Sn Sr,0,3
Ca Sn Zn,0,3
Ca Sr,0,2
Ca Sr Zn,0,3
Ca Tl,0,2
Ca Zn,0,2
Cd Ce,0,2
Cd Ce Cu,0,3
Cd Ce In,0,3
Cd Ce Ni,0,3
Cd Ce Pb,0,3
Cd Ce Pd,0,3
Cd Ce Pt,0,3
Cd Ce Rh,0,3
Cd Ce Ru,0,3
Cd Ce Sb,0,3
Cd Ce Sn,0,3
Cd Ce Tl,0,3
Cd Co Dy,0,3
Cd Co Gd,0,3
Cd Co Ho,0,3
Cd Co La,0,3
Cd Co Tb,0,3
Cd Co Y,0,3
Cd Cr Nb,0,3
Cd Cs,0,2
Cd Cs Sb,0,3
Cd Cs Tl,0,3
Cd Cu,0,2
Cd Cu Dy,0,3
Cd Cu Er,0,3
Cd Cu Eu,0,3
Cd Cu Eu Sb,0,4
Cd Cu Ga Na,0,4
Cd Cu Gd,0,3
Cd Cu Ho,0,3
Cd Cu In,0,3
Cd Cu Ir,0,3
Cd Cu Nd,0,3
Cd Cu Pr,0,3
Cd Cu Sb,0,3
Cd Cu Sm,0,3
Cd Cu Sr,0,3
Cd Cu Tm,0,3
Cd Cu Yb,0,3
Cd Cu Zr,0,3
Cd Dy,0,2
Cd Dy Ga,0,3
Cd Dy Ge,0,3
Cd Dy In,0,3
Cd Dy Ir,0,3
Cd Dy Ni,0,3
Cd Dy Pd,0,3
Cd Dy Rh,0,3
Cd Er,0,2
Cd Er Fe,0,3
Cd Er Ga,0,3
Cd Er Ge,0,3
Cd Er In,0,3
Cd Er Ni,0,3
Cd Er Rh,0,3
Cd Eu,0,2
Cd Eu Ge,0,3
Cd Eu K Sb,0,4
Cd Eu Pb,0,3
Cd Eu Pd,0,3
Cd Eu Pt,0,3
Cd Eu Sb,0,3
Cd Eu Sb Yb,0,4
Cd Eu Sb Zn,0,4
Cd Eu Sn,0,3
Cd Fe Nd,0,3
Cd Fe Pr,0,3
Cd Ga Gd,0,3
Cd Ga Li,0,3
Cd Ga Na,0,3
Cd Ga Nd,0,3
Cd Ga Pr,0,3
Cd Ga Sm,0,3
Cd Ga Sr,0,3
Cd Gd,0,2
Cd Gd Ge,0,3
Cd Gd In,0,3
Cd Gd Ir,0,3
Cd Gd Ni,0,3
Cd Gd Pb,0,3
Cd Gd Pd,0,3
Cd Gd Pt,0,3
Cd Gd Rh,0,3
Cd Gd Ru,0,3
Cd Gd Zn,0,3
Cd Ge,0,2
Cd Ge Ho,0,3
Cd Ge Li,0,3
Cd Ge Mn Nd,0,4
Cd Ge Nd,0,3
Cd Ge Pr,0,3
Cd Ge Sm,0,3
Cd Ge Sr,0,3
Cd Ge Tb,0,3
Cd Ge Tm,0,3
Cd Ge Y,0,3
Cd Ge Yb,0,3
Cd Hf,0,2
Cd Hg,0,2
Cd Hg Sr,0,3
Cd Hg Ti,0,3
Cd Ho,0,2
Cd Ho In,0,3
Cd Ho Ni,0,3
Cd Ho Rh,0,3
Cd In,0,2
Cd In K Na,0,4
Cd In La,0,3
Cd In Li,0,3
Cd In Mg,0,3
Cd In Nd,0,3
Cd In Pr,0,3
Cd In Sm,0,3
Cd In Yb,0,3
Cd Ir,0,2
Cd Ir Y,0,3
Cd K,0,2
Cd K Na,0,3
Cd K Na Tl,0,4
Cd K Pb,0,3
Cd K Sb,0,3
Cd K Sb Sr,0,4
Cd K Sb Yb,0,4
Cd K Sn,0,3
Cd K Tl,0,3
Cd La,0,2
Cd La Mg Pb,0,4
Cd La Ni,0,3
Cd La Pb,0,3
Cd La Pd,0,3
Cd La Pt,0,3
Cd La Rh,0,3
Cd La Ru,0,3
Cd La Sb,0,3
Cd La Sb Yb,0,4
Cd La Tl,0,3
Cd Li,0,2
Cd Li Mg,0,3
Cd Li Pb,0,3
Cd Li Sb,0,3
Cd Li Sn,0,3
Cd Li Tl,0,3
Cd Li Zn,0,3
Cd Lu,0,2
Cd Lu Ni,0,3
Cd Lu Pd,0,3
Cd Mg,0,2
Cd Mg Y,0,3
Cd Mg Yb,0,3
Cd Mn,0,2
Cd Mn Rb Sb,0,4
Cd Na,0,2
Cd Na Pb,0,3
Cd Na Sb,0,3
Cd Na Sb Yb,0,4
Cd Na Sn,0,3
Cd Na Tl,0,3
Cd Nb,0,2
Cd Nd,0,2
Cd Nd Ni,0,3
Cd Nd Pb,0,3
Cd Nd Pd,0,3
Cd Nd Pt,0,3
Cd Nd Rh,0,3
Cd Nd Sb,0,3
Cd Nd Sn,0,3
Cd Nd Tl,0,3
Cd Ni,0,2
Cd Ni Pr,0,3
Cd Ni Sc,0,3
Cd Ni Sm,0,3
Cd Ni Tb,0,3
Cd Ni Tm,0,3
Cd Ni Y,0,3
Cd Ni Yb,0,3
Cd Np,0,2
Cd Pb,0,2
Cd Pb Pr,0,3
Cd Pb Sm,0,3
Cd Pb Sr,0,3
Cd Pb Yb,0,3
Cd Pb Zr,0,3
Cd Pd,0,2
Cd Pd Pr,0,3
Cd Pd Sm,0,3
Cd Pd Sr,0,3
Cd Pd U,0,3
Cd Pd Y,0,3
Cd Pd Yb,0,3
Cd Pr,0,2
Cd Pr Pt,0,3
Cd Pr Ru,0,3
Cd Pr Sb,0,3
Cd Pr Sn,0,3
Cd Pr Tl,0,3
Cd Pt,0,2
Cd Pt Sm,0,3
Cd Pt Sr,0,3
Cd Pt Ti,0,3
Cd Pt Zn,0,3
Cd Pu,0,2
Cd Rb,0,2
Cd Rb Sb,0,3
Cd Rb Tl,0,3
Cd Rh,0,2
Cd Rh Tb,0,3
Cd Ru Y,0,3
Cd Sb,0,2
Cd Sb Sm,0,3
Cd Sb Sn,0,3
Cd Sb Sr,0,3
Cd Sb Sr Yb,0,4
Cd Sb Tl,0,3
Cd Sb Yb,0,3
Cd Sb Zn,0,3
Cd Sc,0,2
Cd Sm,0,2
Cd Sm Tl,0,3
Cd Sn,0,2
Cd Sn Sr,0,3
Cd Sn Yb,0,3
Cd Sr,0,2
Cd Sr Zn,0,3
Cd Tb,0,2
Cd Th,0,2
Cd Ti,0,2
Cd Tl,0,2
Cd Tl Yb,0,3
Cd Tm,0,2
Cd U,0,2
Cd V,0,2
Cd Y,0,2
Cd Yb,0,2
Cd Zn,0,2
Cd Zr,0,2
Ce Co,0,2
Ce Co Cr,0,3
Ce Co Cu,0,3
Ce Co Fe,0,3
Ce Co Fe Sb,0,4
Ce Co Ga,0,3
Ce Co Ga Ge,0,4
Ce Co Ge,0,3
Ce Co Ge In,0,4
Ce Co Ge Ru,0,4
Ce Co Ge Sn,0,4
Ce Co Hf,0,3
Ce Co In,0,3
Ce Co In Sb,0,4
Ce Co La,0,3
Ce Co La Ni,0,4
Ce Co Mg,0,3
Ce Co Mn,0,3
Ce Co Mo,0,3
Ce Co Ni,0,3
Ce Co Pu,0,3
Ce Co Rh,0,3
Ce Co Ru,0,3
Ce Co Sb,0,3
Ce Co Sb Sn,0,4
Ce Co Sm Zr,0,4
Ce Co Sn,0,3
Ce Co Ti,0,3
Ce Co V,0,3
Ce Co Y,0,3
Ce Co Zr,0,3
Ce Cr,0,2
Ce Cr Ge,0,3
Ce Cr Ni,0,3
Ce Cr Sb,0,3
Ce Cu,0,2
Ce Cu Fe,0,3
Ce Cu Ga,0,3
Ce Cu Ge,0,3
Ce Cu In,0,3
Ce Cu La,0,3
Ce Cu Mg,0,3
Ce Cu Mn,0,3
Ce Cu Nd Ni,0,4
Ce Cu Ni,0,3
Ce Cu Pb,0,3
Ce Cu Pd,0,3
Ce Cu Pt,0,3
Ce Cu Sb,0,3
Ce Cu Sn,0,3
Ce Cu Y,0,3
Ce Cu Zn,0,3
Ce Dy,0,2
Ce Dy Fe,0,3
Ce Er,0,2
Ce Er Th,0,3
Ce Eu,0,2
Ce Eu Ge,0,3
Ce Fe,0,2
Ce Fe Ga,0,3
Ce Fe Gd,0,3
Ce Fe Gd Ho,0,4
Ce Fe Ge,0,3
Ce Fe Ge In,0,4
Ce Fe Ge Ni,0,4
Ce Fe Ho,0,3
Ce Fe Lu,0,3
Ce Fe Mg,0,3
Ce Fe Mn,0,3
Ce Fe Mo,0,3
Ce Fe Nd,0,3
Ce Fe Ni,0,3
Ce Fe Ni Sb,0,4
Ce Fe Ni Sm,0,4
Ce Fe Ni Tb,0,4
Ce Fe Pr,0,3
Ce Fe Pu,0,3
Ce Fe Re,0,3
Ce Fe Rh,0,3
Ce Fe Ru,0,3
Ce Fe Sb,0,3
Ce Fe Sb Yb,0,4
Ce Fe Sm,0,3
Ce Fe Sn,0,3
Ce Fe Th,0,3
Ce Fe Ti,0,3
Ce Fe U,0,3
Ce Fe V,0,3
Ce Fe Y,0,3
Ce Fe Zn,0,3
Ce Fe Zr,0,3
Ce Ga,0,2
Ce Ga Ge,0,3
Ce Ga Ir,0,3
Ce Ga Li,0,3
Ce Ga Mg,0,3
Ce Ga Mn,0,3
Ce Ga Ni,0,3
Ce Ga Os,0,3
Ce Ga Pd,0,3
Ce Ga Pd Y,0,4
Ce Ga Pt,0,3
Ce Ga Rh,0,3
Ce Ga Ru,0,3
Ce Ga Sn,0,3
Ce Ga Zn,0,3
Ce Gd,0,2
Ce Gd Ge,0,3
Ce Gd Mn,0,3
Ce Gd Ni,0,3
Ce Gd Os,0,3
Ce Gd Th,0,3
Ce Ge,0,2
Ce Ge In,0,3
Ce Ge In Mn,0,4
Ce Ge In Ni,0,4
Ce Ge In Rh,0,4
Ce Ge In Ru,0,4
Ce Ge Ir,0,3
Ce Ge Ir Rh,0,4
Ce Ge La,0,3
Ce Ge La Pt,0,4
Ce Ge Li,0,3
Ce Ge Mg,0,3
Ce Ge Mn,0,3
Ce Ge Nb Rh,0,4
Ce Ge Ni,0,3
Ce Ge Os,0,3
Ce Ge Pd,0,3
Ce Ge Pt,0,3
Ce Ge Pt Y,0,4
Ce Ge Rh,0,3
Ce Ge Rh Ta,0,4
Ce Ge Ru,0,3
Ce Ge Sb,0,3
Ce Ge Sc,0,3
Ce Ge Ti,0,3
Ce Ge V,0,3
Ce Ge Y,0,3
Ce Ge Zn,0,3
Ce Hg,0,2
Ce Ho,0,2
Ce In,0,2
Ce In Ir,0,3
Ce In Ir Mg,0,4
Ce In La,0,3
Ce In Mg Rh,0,4
Ce In Mn,0,3
Ce In Mn Zn,0,4
Ce In Ni,0,3
Ce In Pd,0,3
Ce In Pd Rh,0,4
Ce In Pt,0,3
Ce In Rh,0,3
Ce In Ru,0,3
Ce In Sn,0,3
Ce In Y,0,3
Ce In Zn,0,3
Ce Ir,0,2
Ce Ir Os,0,3
Ce Ir Pt,0,3
Ce Ir Sb,0,3
Ce Ir Sn,0,3
Ce Ir Zn,0,3
Ce La,0,2
Ce La Mg,0,3
Ce La Ni,0,3
Ce La Ni Pt,0,4
Ce La Ni Sn,0,4
Ce La Ni Y,0,4
Ce La Os,0,3
Ce La Pd,0,3
Ce La Pt,0,3
Ce La Rh,0,3
Ce La Rh Sb,0,4
Ce La Ru,0,3
Ce La Ru Sn,0,4
Ce La Sn,0,3
Ce La Th,0,3
Ce La Zn,0,3
Ce Li Sb,0,3
Ce Li Sn,0,3
Ce Lu,0,2
Ce Mg,0,2
Ce Mg Ni,0,3
Ce Mg Ni Y,0,4
Ce Mg Os,0,3
Ce Mg Pb,0,3
Ce Mg Pd,0,3
Ce Mg Pt,0,3
Ce Mg Rh,0,3
Ce Mg Ru,0,3
Ce Mg Sb,0,3
Ce Mg Sn,0,3
Ce Mg Tl,0,3
Ce Mg Y,0,3
Ce Mg Zn,0,3
Ce Mn Ni,0,3
Ce Mn Sb,0,3
Ce Mn Sb Zn,0,4
Ce Mn Sn,0,3
Ce Mn Zr,0,3
Ce Nd,0,2
Ce Ni,0,2
Ce Ni Pb,0,3
Ce Ni Pd Sn,0,4
Ce Ni Pt,0,3
Ce Ni Pt Sn,0,4
Ce Ni Pt Y,0,4
Ce Ni Ru,0,3
Ce Ni Ru Sn,0,4
Ce Ni Sb,0,3
Ce Ni Sn,0,3
Ce Ni Sn Y,0,4
Ce Ni Y,0,3
Ce Ni Zn,0,3
Ce Os,0,2
Ce Os Ru,0,3
Ce Os Sb,0,3
Ce Pb,0,2
Ce Pb Pd,0,3
Ce Pb Rh,0,3
Ce Pb Zn,0,3
Ce Pd,0,2
Ce Pd Pt,0,3
Ce Pd Rh,0,3
Ce Pd Rh Sb,0,4
Ce Pd Rh Sn,0,4
Ce Pd Ru Sn,0,4
Ce Pd Sb,0,3
Ce Pd Sc,0,3
Ce Pd Sn,0,3
Ce Pd Tl,0,3
Ce Pd Y,0,3
Ce Pd Zn,0,3
Ce Pr,0,2
Ce Pt,0,2
Ce Pt Rh,0,3
Ce Pt Sb,0,3
Ce Pt Sn,0,3
Ce Pt Zn,0,3
Ce Pu,0,2
Ce Rh,0,2
Ce Rh Ru,0,3
Ce Rh Sb,0,3
Ce Rh Sn,0,3
Ce Rh Y,0,3
Ce Rh Zn,0,3
Ce Ru,0,2
Ce Ru Sb,0,3
Ce Ru Sn,0,3
Ce Ru Sn Zn,0,4
Ce Ru Zn,0,3
Ce Sb,0,2
Ce Sb Sc,0,3
Ce Sb Sn,0,3
Ce Sb Ti,0,3
Ce Sb V,0,3
Ce Sb Zn,0,3
Ce Sc,0,2
Ce Sm,0,2
Ce Sn,0,2
Ce Sn Tl,0,3
Ce Sn Zn,0,3
Ce Tb,0,2
Ce Th,0,2
Ce Th Y,0,3
Ce Th Zr,0,3
Ce Tl,0,2
Ce Tl Zn,0,3
Ce Tm,0,2
Ce U Zn,0,3
Ce Y,0,2
Ce Y Zn,0,3
Ce Zn,0,2
Ce Zr,0,2
Cf Pt,0,2
Cf Sb,0,2
Cm Ir,0,2
Cm Ni,0,2
Cm Pd,0,2
Cm Pt,0,2
Cm Rh,0,2
Cm Ru,0,2
Cm Sb,0,2
Co Cr,0,2
Co Cr Er,0,3
Co Cr Fe,0,3
Co Cr Fe Ga,0,4
Co Cr Fe Mn,0,4
Co Cr Fe Ni,0,4
Co Cr Fe Sb,0,4
Co Cr Fe Zr,0,4
Co Cr Ga,0,3
Co Cr Ga Ge,0,4
Co Cr Ga La,0,4
Co Cr Ga Mn,0,4
Co Cr Ga Y,0,4
Co Cr Ge,0,3
Co Cr Ge Lu,0,4
Co Cr Ge Mn,0,4
Co Cr Ge Y,0,4
Co Cr Ho,0,3
Co Cr In,0,3
Co Cr Mn Ni,0,4
Co Cr Mn Sb,0,4
Co Cr Mn Sn,0,4
Co Cr Mo,0,3
Co Cr Nb,0,3
Co Cr Ni,0,3
Co Cr Pr,0,3
Co Cr Pt,0,3
Co Cr Re,0,3
Co Cr Sb,0,3
Co Cr Sb Ti,0,4
Co Cr Sn,0,3
Co Cr Ta,0,3
Co Cr Ti,0,3
Co Cr U,0,3
Co Cr W,0,3
Co Cr Y,0,3
Co Cr Zr,0,3
Co Cu Dy,0,3
Co Cu Er,0,3
Co Cu Fe Ge,0,4
Co Cu Ga,0,3
Co Cu Gd,0,3
Co Cu Ge,0,3
Co Cu Ge U,0,4
Co Cu Hf Sn,0,4
Co Cu Ho,0,3
Co Cu In Mn,0,4
Co Cu La,0,3
Co Cu Mn Sb,0,4
Co Cu Mn Sm,0,4
Co Cu Mn Sn,0,4
Co Cu Nb Sm,0,4
Co Cu Nd,0,3
Co Cu Pr,0,3
Co Cu Pr Y,0,4
Co Cu Sb,0,3
Co Cu Sm,0,3
Co Cu Sn,0,3
Co Cu Sn Zr,0,4
Co Cu Ti,0,3
Co Cu Y,0,3
Co Cu Zr,0,3
Co Dy,0,2
Co Dy Fe,0,3
Co Dy Fe Ga,0,4
Co Dy Fe Tb,0,4
Co Dy Fe Ti,0,4
Co Dy Fe V,0,4
Co Dy Ga,0,3
Co Dy Ge,0,3
Co Dy Ge In,0,4
Co Dy Ho,0,3
Co Dy Ho Tb,0,4
Co Dy In,0,3
Co Dy Mg,0,3
Co Dy Mo,0,3
Co Dy Ni,0,3
Co Dy Pb,0,3
Co Dy Re,0,3
Co Dy Sb,0,3
Co Dy Sn,0,3
Co Dy Tb,0,3
Co Dy Ti,0,3
Co Dy V,0,3
Co Er,0,2
Co Er Fe,0,3
Co Er Fe Mn,0,4
Co Er Fe Pr,0,4
Co Er Fe Ti,0,4
Co Er Ga,0,3
Co Er Gd,0,3
Co Er Ge,0,3
Co Er In,0,3
Co Er Mg,0,3
Co Er Mn,0,3
Co Er Mn Pr,0,4
Co Er Mo,0,3
Co Er Ni,0,3
Co Er Ni Sm,0,4
Co Er Pb,0,3
Co Er Pr,0,3
Co Er Ru,0,3
Co Er Sb,0,3
Co Er Sn,0,3
Co Er Ti,0,3
Co Er V,0,3
Co Er Zr,0,3
Co Eu,0,2
Co Eu Fe Sb,0,4
Co Eu Ga,0,3
Co Eu Ge,0,3
Co Eu In,0,3
Co Eu Sb,0,3
Co Fe,0,2
Co Fe Ga,0,3
Co Fe Ga Mn,0,4
Co Fe Ga Nd,0,4
Co Fe Ga Pr,0,4
Co Fe Ga Sc,0,4
Co Fe Ga Ti,0,4
Co Fe Ga V,0,4
Co Fe Ga Y,0,4
Co Fe Ga Zr,0,4
Co Fe Gd,0,3
Co Fe Gd Ti,0,4
Co Fe Ge,0,3
Co Fe Ge Mn,0,4
Co Fe Ge Nb,0,4
Co Fe Ge Ru,0,4
Co Fe Ge Ta,0,4
Co Fe Ge Ti,0,4
Co Fe Ge V,0,4
Co Fe Ge Zr,0,4
Co Fe Hf Sb,0,4
Co Fe Hf Ta,0,4
Co Fe Ho,0,3
Co Fe Ho Ti,0,4
Co Fe Ho Y,0,4
Co Fe In,0,3
Co Fe La Sb,0,4
Co Fe La Ti,0,4
Co Fe La Y,0,4
Co Fe Mn Ni,0,4
Co Fe Mn Sb,0,4
Co Fe Mn Tm,0,4
Co Fe Mn U,0,4
Co Fe Mn Yb,0,4
Co Fe Mn Zr,0,4
Co Fe Mo Nd,0,4
Co Fe Mo Sm,0,4
Co Fe Mo Y,0,4
Co Fe Nb,0,3
Co Fe Nd,0,3
Co Fe Nd Sm,0,4
Co Fe Nd V,0,4
Co Fe Ni,0,3
Co Fe Ni V,0,4
Co Fe Pr,0,3
Co Fe Re Y,0,4
Co Fe Rh,0,3
Co Fe Ru Sn,0,4
Co Fe Sb,0,3
Co Fe Sb Ti,0,4
Co Fe Sb Tl,0,4
Co Fe Sb V,0,4
Co Fe Sb Yb,0,4
Co Fe Sb Zr,0,4
Co Fe Sm,0,3
Co Fe Sm Ti,0,4
Co Fe Sm V,0,4
Co Fe Sn,0,3
Co Fe Sn Ta,0,4
Co Fe Tb,0,3
Co Fe Tb W,0,4
Co Fe Th,0,3
Co Fe Th Y,0,4
Co Fe Ti,0,3
Co Fe Ti Y,0,4
Co Fe Tm,0,3
Co Fe U,0,3
Co Fe V,0,3
Co Fe V Y,0,4
Co Fe W Y,0,4
Co Fe Y,0,3
Co Fe Yb,0,3
Co Fe Zr,0,3
Co Ga,0,2
Co Ga Gd,0,3
Co Ga Ge,0,3
Co Ga Ge Mn,0,4
Co Ga Ge Y,0,4
Co Ga Hf,0,3
Co Ga Hf V,0,4
Co Ga Ho,0,3
Co Ga In Sb,0,4
Co Ga Ir,0,3
Co Ga Ir Nb,0,4
Co Ga Ir Ta,0,4
Co Ga La,0,3
Co Ga Li Nb,0,4
Co Ga Lu,0,3
Co Ga Mg,0,3
Co Ga Mn,0,3
Co Ga Mn Ni,0,4
Co Ga Mn Rh,0,4
Co Ga Mn V,0,4
Co Ga Nb,0,3
Co Ga Nd,0,3
Co Ga Ni,0,3
Co Ga Ni U,0,4
Co Ga Pd,0,3
Co Ga Pr,0,3
Co Ga Pt,0,3
Co Ga Pu,0,3
Co Ga Rh,0,3
Co Ga Ru,0,3
Co Ga Ru V,0,4
Co Ga Sb V,0,4
Co Ga Sc,0,3
Co Ga Sm,0,3
Co Ga Ta,0,3
Co Ga Tb,0,3
Co Ga Th,0,3
Co Ga Ti,0,3
Co Ga Ti Y,0,4
Co Ga Tm,0,3
Co Ga U,0,3
Co Ga V,0,3
Co Ga V Zr,0,4
Co Ga Y,0,3
Co Ga Yb,0,3
Co Ga Zn,0,3
Co Ga Zr,0,3
Co Gd,0,2
Co Gd Ge,0,3
Co Gd Ge In,0,4
Co Gd In,0,3
Co Gd Ir,0,3
Co Gd La,0,3
Co Gd Mg,0,3
Co Gd Mn,0,3
Co Gd Mo,0,3
Co Gd Nd,0,3
Co Gd Ni,0,3
Co Gd Ni Sm,0,4
Co Gd Pb,0,3
Co Gd Sb,0,3
Co Gd Sm,0,3
Co Gd Sn,0,3
Co Gd Tb,0,3
Co Gd Ti,0,3
Co Gd Y,0,3
Co Gd Zn,0,3
Co Ge,0,2
Co Ge Hf,0,3
Co Ge Hf Li,0,4
Co Ge Ho,0,3
Co Ge Ho In,0,4
Co Ge In Nd,0,4
Co Ge In Pr,0,4
Co Ge In Sm,0,4
Co Ge In Yb,0,4
Co Ge Ir,0,3
Co Ge La,0,3
Co Ge La Ti,0,4
Co Ge Li,0,3
Co Ge Lu,0,3
Co Ge Lu Ti,0,4
Co Ge Mg,0,3
Co Ge Mn,0,3
Co Ge Mn Ni,0,4
Co Ge Mn Pr,0,4
Co Ge Mn Rh,0,4
Co Ge Mn Ru,0,4
Co Ge Mn V,0,4
Co Ge Mo,0,3
Co Ge Nb,0,3
Co Ge Nd,0,3
Co Ge Ni,0,3
Co Ge Ni U,0,4
Co Ge Np,0,3
Co Ge Os Ta,0,4
Co Ge Pd,0,3
Co Ge Pd U,0,4
Co Ge Pr,0,3
Co Ge Pt,0,3
Co Ge Rh,0,3
Co Ge Ru,0,3
Co Ge Ru Ti,0,4
Co Ge Sb,0,3
Co Ge Sc,0,3
Co Ge Sc Ti,0,4
Co Ge Sc V,0,4
Co Ge Sm,0,3
Co Ge Sn,0,3
Co Ge Sr,0,3
Co Ge Ta,0,3
Co Ge Tb,0,3
Co Ge Tb U,0,4
Co Ge Th,0,3
Co Ge Ti,0,3
Co Ge Ti Y,0,4
Co Ge Tm,0,3
Co Ge U,0,3
Co Ge V,0,3
Co Ge V Y,0,4
Co Ge Y,0,3
Co Ge Yb,0,3
Co Ge Zn,0,3
Co Ge Zr,0,3
Co Hf,0,2
Co Hf In,0,3
Co Hf Li Sn,0,4
Co Hf Mo,0,3
Co Hf Nd,0,3
Co Hf Ni,0,3
Co Hf Pr,0,3
Co Hf Re,0,3
Co Hf Sb,0,3
Co Hf Sm,0,3
Co Hf Sn,0,3
Co Hf Ta,0,3
Co Hf V,0,3
Co Hf W,0,3
Co Hf Zr,0,3
Co Ho,0,2
Co Ho In,0,3
Co Ho Mn,0,3
Co Ho Ni,0,3
Co Ho Pb,0,3
Co Ho Ru,0,3
Co Ho Sb,0,3
Co Ho Sn,0,3
Co Ho Tb,0,3
Co Ho Ti,0,3
Co Ho V,0,3
Co Ho Y,0,3
Co Ho Zr,0,3
Co In,0,2
Co In Ir,0,3
Co In Ir Nb,0,4
Co In Ir Ta,0,4
Co In K,0,3
Co In La,0,3
Co In Lu,0,3
Co In Mn,0,3
Co In Mn Ni,0,4
Co In Mn V,0,4
Co In Mo,0,3
Co In Nb,0,3
Co In Nd,0,3
Co In Ni,0,3
Co In Ni Ti,0,4
Co In Pd,0,3
Co In Pr,0,3
Co In Pt,0,3
Co In Rh,0,3
Co In Ru,0,3
Co In Sb,0,3
Co In Sc,0,3
Co In Sc Ta,0,4
Co In Sm,0,3
Co In Sn,0,3
Co In Tb,0,3
Co In Ti,0,3
Co In Ti Zr,0,4
Co In Tm,0,3
Co In U,0,3
Co In V,0,3
Co In V Zr,0,4
Co In W,0,3
Co In Y,0,3
Co In Yb,0,3
Co In Zn,0,3
Co In Zr,0,3
Co Ir,0,2
Co Ir Mn Sb,0,4
Co Ir Pb Ti,0,4
Co Ir Sb,0,3
Co Ir Sn,0,3
Co Ir Sn Ti,0,4
Co Ir Ta,0,3
Co Ir V,0,3
Co K Sn,0,3
Co La,0,2
Co La Mg,0,3
Co La Mg Ni,0,4
Co La Nd,0,3
Co La Ni,0,3
Co La Pb,0,3
Co La Sb,0,3
Co La Sm Zr,0,4
Co La Sn,0,3
Co La Sn Ti,0,4
Co La Ta,0,3
Co La Ti,0,3
Co La V,0,3
Co La Y,0,3
Co La Zn,0,3
Co Li Sn Tm,0,4
Co Li Sn Zr,0,4
Co Lu,0,2
Co Lu Pb,0,3
Co Lu Sn,0,3
Co Lu Sn Ti,0,4
Co Mg,0,2
Co Mg Nd,0,3
Co Mg Nd Ni,0,4
Co Mg Ni,0,3
Co Mg Ni Tb,0,4
Co Mg Ni Y,0,4
Co Mg Pr,0,3
Co Mg Sm,0,3
Co Mg Sn,0,3
Co Mg Tb,0,3
Co Mg Tm,0,3
Co Mg Y,0,3
Co Mg Zn,0,3
Co Mn,0,2
Co Mn Mo,0,3
Co Mn Nd,0,3
Co Mn Ni,0,3
Co Mn Ni Sb,0,4
Co Mn Ni Sn,0,4
Co Mn Pd Sn,0,4
Co Mn Pr,0,3
Co Mn Pt,0,3
Co Mn Rh Sn,0,4
Co Mn Sb,0,3
Co Mn Sb Ti,0,4
Co Mn Sc Sn,0,4
Co Mn Sm,0,3
Co Mn Sn,0,3
Co Mn Sn Ti,0,4
Co Mn Th,0,3
Co Mn Ti,0,3
Co Mn U,0,3
Co Mn Y,0,3
Co Mn Yb,0,3
Co Mn Zn,0,3
Co Mn Zr,0,3
Co Mo,0,2
Co Mo Nd,0,3
Co Mo Pr,0,3
Co Mo Sm,0,3
Co Mo Ta,0,3
Co Mo V,0,3
Co Mo Y,0,3
Co Mo Zr,0,3
Co Nb,0,2
Co Nb Os Sn,0,4
Co Nb Pd Sb,0,4
Co Nb Pt,0,3
Co Nb Re,0,3
Co Nb Sb,0,3
Co Nb Sn,0,3
Co Nb Ta,0,3
Co Nb V,0,3
Co Nb Zr,0,3
Co Nd,0,2
Co Nd Ni,0,3
Co Nd Pr,0,3
Co Nd Pr Sm,0,4
Co Nd Ru,0,3
Co Nd Sb,0,3
Co Nd Sm,0,3
Co Nd Sm Y,0,4
Co Nd Sn,0,3
Co Nd Tb,0,3
Co Nd Ti,0,3
Co Nd Tm,0,3
Co Nd U,0,3
Co Nd V,0,3
Co Nd Y,0,3
Co Ni,0,2
Co Ni Pd V,0,4
Co Ni Pr,0,3
Co Ni Pr Sm,0,4
Co Ni Pr Y,0,4
Co Ni Sb,0,3
Co Ni Sc Sn,0,4
Co Ni Sm,0,3
Co Ni Sm Y,0,4
Co Ni Sn,0,3
Co Ni Sn Ti,0,4
Co Ni Ta,0,3
Co Ni Tb,0,3
Co Ni Th,0,3
Co Ni Ti,0,3
Co Ni Tm,0,3
Co Ni U,0,3
Co Ni V,0,3
Co Ni Y,0,3
Co Ni Zr,0,3
Co Np,0,2
Co Os,0,2
Co Os Sb Ti,0,4
Co Os Sb Zr,0,4
Co Os Sn Ta,0,4
Co Pb Sb,0,3
Co Pb Tb,0,3
Co Pb Tm,0,3
Co Pb Y,0,3
Co Pb Zr,0,3
Co Pd,0,2
Co Pd Rh,0,3
Co Pd Sb,0,3
Co Pd Sn,0,3
Co Pd Ta,0,3
Co Pd V,0,3
Co Pd Zn,0,3
Co Pr,0,2
Co Pr Sb,0,3
Co Pr Sm,0,3
Co Pr Sm Y,0,4
Co Pr Sm Zr,0,4
Co Pr Sn,0,3
Co Pr Ti,0,3
Co Pr Tm,0,3
Co Pr Y,0,3
Co Pr Yb,0,3
Co Pr Zr,0,3
Co Pt,0,2
Co Pt Sb,0,3
Co Pt Sn,0,3
Co Pt Ta,0,3
Co Pt V,0,3
Co Pu,0,2
Co Re,0,2
Co Re Ta,0,3
Co Re Y,0,3
Co Re Zr,0,3
Co Rh,0,2
Co Rh Sb,0,3
Co Rh Sn,0,3
Co Rh Ta,0,3
Co Rh V,0,3
Co Ru,0,2
Co Ru Sb,0,3
Co Ru Sb Ti,0,4
Co Ru Sm,0,3
Co Ru Sn,0,3
Co Ru Sn Ta,0,4
Co Ru Sn Ti,0,4
Co Ru Sn Yb,0,4
Co Ru Ta,0,3
Co Ru Y,0,3
Co Sb,0,2
Co Sb Sc,0,3
Co Sb Sm,0,3
Co Sb Sn,0,3
Co Sb Sn Ti,0,4
Co Sb Sn Tl,0,4
Co Sb Ta,0,3
Co Sb Tb,0,3
Co Sb Th,0,3
Co Sb Ti,0,3
Co Sb Tl,0,3
Co Sb U,0,3
Co Sb V,0,3
Co Sb Y,0,3
Co Sb Yb,0,3
Co Sb Zr,0,3
Co Sc,0,2
Co Sc Sn,0,3
Co Sc Sn V,0,4
Co Sc Ta,0,3
Co Sc Ti Y,0,4
Co Sc V,0,3
Co Sm,0,2
Co Sm Sn,0,3
Co Sm Ti,0,3
Co Sm V,0,3
Co Sm Y,0,3
Co Sm Y Zr,0,4
Co Sm Zr,0,3
Co Sn,0,2
Co Sn Ta,0,3
Co Sn Tb,0,3
Co Sn Th,0,3
Co Sn Ti,0,3
Co Sn Ti Zr,0,4
Co Sn Tm,0,3
Co Sn U,0,3
Co Sn V,0,3
Co Sn V Y,0,4
Co Sn Y,0,3
Co Sn Yb,0,3
Co Sn Zn,0,3
Co Sn Zr,0,3
Co Ta,0,2
Co Ta Ti,0,3
Co Ta V,0,3
Co Ta W,0,3
Co Ta Zr,0,3
Co Tb,0,2
Co Tb Y,0,3
Co Tc,0,2
Co Th,0,2
Co Th Y,0,3
Co Ti,0,2
Co Ti V,0,3
Co Ti Y,0,3
Co Ti Zr,0,3
Co Tm,0,2
Co U,0,2
Co U Y,0,3
Co U Zn,0,3
Co V,0,2
Co V W,0,3
Co V Y,0,3
Co V Zr,0,3
Co W,0,2
Co Y,0,2
Co Y Zn,0,3
Co Y Zr,0,3
Co Yb,0,2
Co Yb Zr,0,3
Co Zn,0,2
Co Zn Zr,0,3
Co Zr,0,2
Cr Cu Dy,0,3
Cr Cu Fe Zr,0,4
Cr Cu In,0,3
Cr Cu La Ni,0,4
Cr Cu Mn Sb,0,4
Cr Cu Nb,0,3
Cr Cu Ni Sn,0,4
Cr Cu Ni Zr,0,4
Cr Cu Pd,0,3
Cr Cu Pt,0,3
Cr Cu Ta,0,3
Cr Cu Zr,0,3
Cr Dy Fe,0,3
Cr Dy Ga,0,3
Cr Dy Ge,0,3
Cr Dy Ge Mn,0,4
Cr Er Fe,0,3
Cr Er Ge,0,3
Cr Er Mn,0,3
Cr Fe,0,2
Cr Fe Ga,0,3
Cr Fe Ga Hf,0,4
Cr Fe Ga Ru,0,4
Cr Fe Ga Y,0,4
Cr Fe Ga Zr,0,4
Cr Fe Gd,0,3
Cr Fe Ge,0,3
Cr Fe Ge Ru,0,4
Cr Fe Ge Sb,0,4
Cr Fe Ge Sc,0,4
Cr Fe Ge Y,0,4
Cr Fe Ho,0,3
Cr Fe In Y,0,4
Cr Fe In Zr,0,4
Cr Fe Lu,0,3
Cr Fe Mn Sb,0,4
Cr Fe Mn Zr,0,4
Cr Fe Mo,0,3
Cr Fe Mo Ni,0,4
Cr Fe Mo Ti,0,4
Cr Fe Nb,0,3
Cr Fe Nd,0,3
Cr Fe Ni,0,3
Cr Fe Ni Sn,0,4
Cr Fe Ni Ti,0,4
Cr Fe Ni U,0,4
Cr Fe Ni Zr,0,4
Cr Fe Re,0,3
Cr Fe Ru Sn,0,4
Cr Fe Sb,0,3
Cr Fe Sb Y,0,4
Cr Fe Sc Sn,0,4
Cr Fe Sm,0,3
Cr Fe Sn,0,3
Cr Fe Sn Y,0,4
Cr Fe Tb,0,3
Cr Fe Ti,0,3
Cr Fe Ti Zr,0,4
Cr Fe Tm,0,3
Cr Fe U,0,3
Cr Fe V,0,3
Cr Fe W,0,3
Cr Fe Y,0,3
Cr Fe Zr,0,3
Cr Ga,0,2
Cr Ga Hf,0,3
Cr Ga Hf V,0,4
Cr Ga Mn,0,3
Cr Ga Mn Ni,0,4
Cr Ga Nb,0,3
Cr Ga Ni,0,3
Cr Ga Ni Sc,0,4
Cr Ga Pt,0,3
Cr Ga Rh,0,3
Cr Ga Ru,0,3
Cr Ga Sb,0,3
Cr Ga Sc,0,3
Cr Ga Ti,0,3
Cr Ga Ti V,0,4
Cr Ga V,0,3
Cr Ga V Zr,0,4
Cr Ga Y,0,3
Cr Ga Zn,0,3
Cr Ga Zr,0,3
Cr Gd Ge,0,3
Cr Gd Ge Sn,0,4
Cr Gd Sn,0,3
Cr Ge,0,2
Cr Ge Hf,0,3
Cr Ge Ho,0,3
Cr Ge Ho Mn,0,4
Cr Ge Ir,0,3
Cr Ge La,0,3
Cr Ge Mn,0,3
Cr Ge Mn Ni,0,4
Cr Ge Mn Zr,0,4
Cr Ge Mo,0,3
Cr Ge Mo Ti,0,4
Cr Ge Nb,0,3
Cr Ge Nd,0,3
Cr Ge Ni,0,3
Cr Ge Np,0,3
Cr Ge Pd,0,3
Cr Ge Pr,0,3
Cr Ge Pt,0,3
Cr Ge Rh,0,3
Cr Ge Ru,0,3
Cr Ge Sc,0,3
Cr Ge Sc V,0,4
Cr Ge Sm,0,3
Cr Ge Tb,0,3
Cr Ge Th,0,3
Cr Ge Ti,0,3
Cr Ge V,0,3
Cr Ge V Y,0,4
Cr Ge Y,0,3
Cr Ge Zn,0,3
Cr Ge Zr,0,3
Cr Hf,0,2
Cr Hf In,0,3
Cr Hf In V,0,4
Cr Hf Nb,0,3
Cr In,0,2
Cr In Mn Ni,0,4
Cr In Ni,0,3
Cr In Pt,0,3
Cr In Rh,0,3
Cr In Sc,0,3
Cr In Ti,0,3
Cr In Ti V,0,4
Cr In V Zr,0,4
Cr In Y,0,3
Cr In Zr,0,3
Cr Ir,0,2
Cr Ir Nb,0,3
Cr Ir Sb,0,3
Cr Ir Sn,0,3
Cr La Ni,0,3
Cr La Pb,0,3
Cr La Sb,0,3
Cr Li Sb,0,3
Cr Lu Mn,0,3
Cr Mg,0,2
Cr Mn,0,2
Cr Mn Nb,0,3
Cr Mn Ni,0,3
Cr Mn Ni Sb,0,4
Cr Mn Ni Sn,0,4
Cr Mn Ni Zr,0,4
Cr Mn Pt,0,3
Cr Mn Sb,0,3
Cr Mn Sc,0,3
Cr Mn Sn Zr,0,4
Cr Mn Ti,0,3
Cr Mn Ti Zr,0,4
Cr Mn Tm,0,3
Cr Mn Zr,0,3
Cr Mo,0,2
Cr Mo Nb,0,3
Cr Mo Ni,0,3
Cr Mo Ni Re,0,4
Cr Mo Re,0,3
Cr Mo Sn Ti,0,4
Cr Mo Ta,0,3
Cr Mo V,0,3
Cr Mo W,0,3
Cr Mo Zr,0,3
Cr Nb,0,2
Cr Nb Ni,0,3
Cr Nb Os,0,3
Cr Nb Pd,0,3
Cr Nb Pt,0,3
Cr Nb Re,0,3
Cr Nb Rh,0,3
Cr Nb Ru,0,3
Cr Nb Sc,0,3
Cr Nb Ta,0,3
Cr Nb Tc,0,3
Cr Nb Ti,0,3
Cr Nb V,0,3
Cr Nb V Zn,0,4
Cr Nb W,0,3
Cr Nb Y,0,3
Cr Nb Zn,0,3
Cr Nb Zr,0,3
Cr Ni,0,2
Cr Ni Re,0,3
Cr Ni Sb,0,3
Cr Ni Sn,0,3
Cr Ni Ta,0,3
Cr Ni Ti,0,3
Cr Ni U,0,3
Cr Ni V,0,3
Cr Ni W,0,3
Cr Ni Y,0,3
Cr Ni Zr,0,3
Cr Os,0,2
Cr Pb Ti,0,3
Cr Pd,0,2
Cr Pt,0,2
Cr Pt Sb,0,3
Cr Pt Sn,0,3
Cr Re,0,2
Cr Rh,0,2
Cr Rh Sn,0,3
Cr Ru,0,2
Cr Ru Sb,0,3
Cr Ru Sn,0,3
Cr Sb,0,2
Cr Sb Sc,0,3
Cr Sb Ti,0,3
Cr Sb U,0,3
Cr Sb Y,0,3
Cr Sb Yb,0,3
Cr Sb Zr,0,3
Cr Sc Sn,0,3
Cr Sc Sn V,0,4
Cr Sc Zn,0,3
Cr Sn,0,2
Cr Sn Ti,0,3
Cr Sn V Y,0,4
Cr Sn Y,0,3
Cr Sn Zn,0,3
Cr Sn Zr,0,3
Cr Ta,0,2
Cr Ta V Zn,0,4
Cr Ta Zr,0,3
Cr Tc,0,2
Cr Ti,0,2
Cr Ti V,0,3
Cr Ti Zr,0,3
Cr V,0,2
Cr V Zn,0,3
Cr V Zr,0,3
Cr W,0,2
Cr W Zr,0,3
Cr Zn,0,2
Cr Zn Zr,0,3
Cr Zr,0,2
Cs Cu Ge Na,0,4
Cs Cu Sn,0,3
Cs Fe Sb,0,3
Cs Ga,0,2
Cs Ga Ge,0,3
Cs Ga Ge Na,0,4
Cs Ga In,0,3
Cs Ga K Sb,0,4
Cs Ga Sb,0,3
Cs Ga Sn,0,3
Cs Ge,0,2
Cs Ge In,0,3
Cs Ge Li Na,0,4
Cs Ge Na,0,3
Cs Ge Na Tl,0,4
Cs Ge Na Zn,0,4
Cs Ge Zn,0,3
Cs Hg,0,2
Cs Hg Sn,0,3
Cs In,0,2
Cs In Sb,0,3
Cs K,0,2
Cs K Pb,0,3
Cs K Rb,0,3
Cs K Sb,0,3
Cs K Sn,0,3
Cs Mg,0,2
Cs Mn Sb,0,3
Cs Na,0,2
Cs Na Pb,0,3
Cs Na Rb Sn,0,4
Cs Na Sn,0,3
Cs Pb,0,2
Cs Pd Sb,0,3
Cs Pd Tl,0,3
Cs Pt,0,2
Cs Pt Sb,0,3
Cs Rb,0,2
Cs Rb Sn,0,3
Cs Rb Tl,0,3
Cs Sb,0,2
Cs Sb V,0,3
Cs Sb Zn,0,3
Cs Sn,0,2
Cs Sn Zn,0,3
Cs Tl,0,2
Cs Zn,0,2
Cu Dy,0,2
Cu Dy Fe,0,3
Cu Dy Ga,0,3
Cu Dy Ge,0,3
Cu Dy Hf,0,3
Cu Dy In,0,3
Cu Dy Ir,0,3
Cu Dy La,0,3
Cu Dy Mg,0,3
Cu Dy Mo,0,3
Cu Dy Nb,0,3
Cu Dy Ni,0,3
Cu Dy Os,0,3
Cu Dy Pb,0,3
Cu Dy Pd,0,3
Cu Dy Pt,0,3
Cu Dy Re,0,3
Cu Dy Rh,0,3
Cu Dy Ru,0,3
Cu Dy Sb,0,3
Cu Dy Sc,0,3
Cu Dy Sn,0,3
Cu Dy Ta,0,3
Cu Dy Tc,0,3
Cu Dy Ti,0,3
Cu Dy Tl,0,3
Cu Dy V,0,3
Cu Dy W,0,3
Cu Dy Y,0,3
Cu Dy Zn,0,3
Cu Dy Zr,0,3
Cu Er,0,2
Cu Er Fe,0,3
Cu Er Ga,0,3
Cu Er Ge,0,3
Cu Er In,0,3
Cu Er Ni,0,3
Cu Er Pb,0,3
Cu Er Pd,0,3
Cu Er Sb,0,3
Cu Er Sn,0,3
Cu Er Tl,0,3
Cu Eu,0,2
Cu Eu Ga,0,3
Cu Eu Ge,0,3
Cu Eu In,0,3
Cu Eu In Yb,0,4
Cu Eu Mg,0,3
Cu Eu Ni,0,3
Cu Eu Pd,0,3
Cu Eu Sb,0,3
Cu Eu Sb Zn,0,4
Cu Eu Sn,0,3
Cu Fe,0,2
Cu Fe Ga,0,3
Cu Fe Gd,0,3
Cu Fe Ge,0,3
Cu Fe Ho,0,3
Cu Fe La Ni,0,4
Cu Fe Lu,0,3
Cu Fe Nd,0,3
Cu Fe Ni,0,3
Cu Fe Ni Pt,0,4
Cu Fe Pr,0,3
Cu Fe Pt,0,3
Cu Fe Sb,0,3
Cu Fe Sb V,0,4
Cu Fe Sm,0,3
Cu Fe Sn,0,3
Cu Fe Tb,0,3
Cu Fe Ti,0,3
Cu Fe Tm,0,3
Cu Fe Y,0,3
Cu Fe Yb,0,3
Cu Ga,0,2
Cu Ga Gd,0,3
Cu Ga Ge,0,3
Cu Ga Hf,0,3
Cu Ga Ho,0,3
Cu Ga In Li,0,4
Cu Ga In Yb,0,4
Cu Ga La,0,3
Cu Ga Li,0,3
Cu Ga Li Mg,0,4
Cu Ga Lu,0,3
Cu Ga Mg,0,3
Cu Ga Mg Sc,0,4
Cu Ga Mn,0,3
Cu Ga Mo,0,3
Cu Ga Na,0,3
Cu Ga Nb,0,3
Cu Ga Nd,0,3
Cu Ga Ni,0,3
Cu Ga Pr,0,3
Cu Ga Pt,0,3
Cu Ga Sc,0,3
Cu Ga Sm,0,3
Cu Ga Sn,0,3
Cu Ga Sr,0,3
Cu Ga Ta,0,3
Cu Ga Tb,0,3
Cu Ga Ti,0,3
Cu Ga Tm,0,3
Cu Ga U,0,3
Cu Ga V,0,3
Cu Ga W,0,3
Cu Ga Y,0,3
Cu Ga Yb,0,3
Cu Ga Zn,0,3
Cu Ga Zr,0,3
Cu Gd,0,2
Cu Gd Ge,0,3
Cu Gd In,0,3
Cu Gd La Sn,0,4
Cu Gd Mg,0,3
Cu Gd Mn,0,3
Cu Gd Ni,0,3
Cu Gd Pb,0,3
Cu Gd Pd,0,3
Cu Gd Sb,0,3
Cu Gd Sn,0,3
Cu Gd Sn Y,0,4
Cu Gd Tl,0,3
Cu Gd Y,0,3
Cu Ge,0,2
Cu Ge Hf,0,3
Cu Ge Hf Sb,0,4
Cu Ge Ho,0,3
Cu Ge In,0,3
Cu Ge La,0,3
Cu Ge La Mn,0,4
Cu Ge Li,0,3
Cu Ge Lu,0,3
Cu Ge Mg,0,3
Cu Ge Mn,0,3
Cu Ge Mn Nd,0,4
Cu Ge Mn Pr,0,4
Cu Ge Mn U,0,4
Cu Ge Nd,0,3
Cu Ge Ni,0,3
Cu Ge Ni U,0,4
Cu Ge Np,0,3
Cu Ge Pr,0,3
Cu Ge Sb,0,3
Cu Ge Sc,0,3
Cu Ge Sm,0,3
Cu Ge Sn,0,3
Cu Ge Sr,0,3
Cu Ge Tb,0,3
Cu Ge Th,0,3
Cu Ge Ti,0,3
Cu Ge Tm,0,3
Cu Ge U,0,3
Cu Ge Y,0,3
Cu Ge Yb,0,3
Cu Ge Zn,0,3
Cu Ge Zr,0,3
Cu Hf,0,2
Cu Hf Hg,0,3
Cu Hf In,0,3
Cu Hf Pb,0,3
Cu Hf Pd,0,3
Cu Hf Sb,0,3
Cu Hf Sn,0,3
Cu Hf Zn,0,3
Cu Hg,0,2
Cu Hg Pd,0,3
Cu Hg Ti,0,3
Cu Hg Zr,0,3
Cu Ho,0,2
Cu Ho In,0,3
Cu Ho In Ni,0,4
Cu Ho Mg,0,3
Cu Ho Ni,0,3
Cu Ho Pb,0,3
Cu Ho Sb,0,3
Cu Ho Sn,0,3
Cu Ho Tl,0,3
Cu In,0,2
Cu In La,0,3
Cu In La Yb,0,4
Cu In Lu,0,3
Cu In Lu Yb,0,4
Cu In Mg,0,3
Cu In Mn,0,3
Cu In Mn Pd,0,4
Cu In Mn Sn,0,4
Cu In Nd,0,3
Cu In Ni,0,3
Cu In Pd,0,3
Cu In Pr,0,3
Cu In Pt,0,3
Cu In Rh Yb,0,4
Cu In Sb,0,3
Cu In Sc,0,3
Cu In Sm,0,3
Cu In Sn,0,3
Cu In Sn Yb,0,4
Cu In Sr,0,3
Cu In Tb,0,3
Cu In Th,0,3
Cu In Ti,0,3
Cu In Tm,0,3
Cu In Y,0,3
Cu In Y Yb,0,4
Cu In Yb,0,3
Cu In Zn,0,3
Cu In Zr,0,3
Cu Ir,0,2
Cu Ir Rh Sb,0,4
Cu Ir Sc,0,3
Cu Ir Zn,0,3
Cu K Sb,0,3
Cu K Sn,0,3
Cu La,0,2
Cu La Mg,0,3
Cu La Ni,0,3
Cu La Pb,0,3
Cu La Pd U,0,4
Cu La Sb,0,3
Cu La Sn,0,3
Cu La Zn,0,3
Cu Li,0,2
Cu Li Mg,0,3
Cu Li Sb,0,3
Cu Li Sn,0,3
Cu Li Zn,0,3
Cu Lu,0,2
Cu Lu Pb,0,3
Cu Lu Sb,0,3
Cu Lu Sn,0,3
Cu Mg,0,2
Cu Mg Nd,0,3
Cu Mg Ni,0,3
Cu Mg Pr,0,3
Cu Mg Sb,0,3
Cu Mg Sm,0,3
Cu Mg Sn,0,3
Cu Mg Sr,0,3
Cu Mg Tb,0,3
Cu Mg Y,0,3
Cu Mg Yb,0,3
Cu Mg Zn,0,3
Cu Mn,0,2
Cu Mn Nd,0,3
Cu Mn Ni Sb,0,4
Cu Mn Ni Sn,0,4
Cu Mn Pd,0,3
Cu Mn Pd Sb,0,4
Cu Mn Pr,0,3
Cu Mn Pt,0,3
Cu Mn Pt Sb,0,4
Cu Mn Rh,0,3
Cu Mn Sb,0,3
Cu Mn Sm,0,3
Cu Mn Sn,0,3
Cu Mn Zn,0,3
Cu Mn Zr,0,3
Cu Na Sb,0,3
Cu Na Sn,0,3
Cu Nb Ni,0,3
Cu Nb Pd,0,3
Cu Nb Sn,0,3
Cu Nd,0,2
Cu Nd Ni,0,3
Cu Nd Pd,0,3
Cu Nd Sb,0,3
Cu Nd Sn,0,3
Cu Ni,0,2
Cu Ni Pd,0,3
Cu Ni Pt,0,3
Cu Ni Sb,0,3
Cu Ni Sb U,0,4
Cu Ni Sn,0,3
Cu Ni Sn Ti,0,4
Cu Ni Sn Zn,0,4
Cu Ni Ta,0,3
Cu Ni Tb,0,3
Cu Ni Ti,0,3
Cu Ni U,0,3
Cu Ni V,0,3
Cu Ni Y,0,3
Cu Ni Yb,0,3
Cu Ni Zn,0,3
Cu Ni Zr,0,3
Cu Pb,0,2
Cu Pb Pr,0,3
Cu Pb Sc,0,3
Cu Pb Sm,0,3
Cu Pb Tb,0,3
Cu Pb Tm,0,3
Cu Pb Y,0,3
Cu Pb Yb,0,3
Cu Pb Zr,0,3
Cu Pd,0,2
Cu Pd Pr,0,3
Cu Pd Sm,0,3
Cu Pd Sn,0,3
Cu Pd Th U,0,4
Cu Pd Ti,0,3
Cu Pd U,0,3
Cu Pd U Y,0,4
Cu Pd V,0,3
Cu Pd Yb,0,3
Cu Pd Zn,0,3
Cu Pd Zr,0,3
Cu Pr,0,2
Cu Pr Sb,0,3
Cu Pr Sn,0,3
Cu Pt,0,2
Cu Pt Sc,0,3
Cu Pt Sn,0,3
Cu Pt Tb,0,3
Cu Pt V,0,3
Cu Pt Zn,0,3
Cu Pu,0,2
Cu Rb Sn,0,3
Cu Rh,0,2
Cu Rh Sn,0,3
Cu Rh Zn,0,3
Cu Ru,0,2
Cu Ru Sb,0,3
Cu Ru Zr,0,3
Cu Sb,0,2
Cu Sb Sm,0,3
Cu Sb Sn,0,3
Cu Sb Sr,0,3
Cu Sb Sr Zn,0,4
Cu Sb Tb,0,3
Cu Sb Ti,0,3
Cu Sb Tm,0,3
Cu Sb U,0,3
Cu Sb V,0,3
Cu Sb Y,0,3
Cu Sb Yb,0,3
Cu Sb Yb Zn,0,4
Cu Sb Zn,0,3
Cu Sb Zr,0,3
Cu Sc,0,2
Cu Sc Sn,0,3
Cu Sc Zn,0,3
Cu Sm,0,2
Cu Sm Sn,0,3
Cu Sm Y,0,3
Cu Sn,0,2
Cu Sn Sr,0,3
Cu Sn Tb,0,3
Cu Sn Th,0,3
Cu Sn Ti,0,3
Cu Sn Tm,0,3
Cu Sn U,0,3
Cu Sn Y,0,3
Cu Sn Yb,0,3
Cu Sn Zn,0,3
Cu Sn Zr,0,3
Cu Sr,0,2
Cu Ta,0,2
Cu Ta V,0,3
Cu Tb,0,2
Cu Tb Tl,0,3
Cu Tb Zn,0,3
Cu Th,0,2
Cu Ti,0,2
Cu Ti Zn,0,3
Cu Ti Zr,0,3
Cu Tl,0,2
Cu Tm,0,2
Cu U,0,2
Cu W,0,2
Cu Y,0,2
Cu Yb,0,2
Cu Zn,0,2
Cu Zn Zr,0,3
Cu Zr,0,2
Dy Er,0,2
Dy Er Fe,0,3
Dy Er Mn,0,3
Dy Eu Sb,0,3
Dy Fe,0,2
Dy Fe Ga,0,3
Dy Fe Ge,0,3
Dy Fe Ge Sn,0,4
Dy Fe In,0,3
Dy Fe Mn,0,3
Dy Fe Mo,0,3
Dy Fe Mo Nd,0,4
Dy Fe Nd Ti,0,4
Dy Fe Ni,0,3
Dy Fe Pr,0,3
Dy Fe Pr Tb,0,4
Dy Fe Re,0,3
Dy Fe Sb,0,3
Dy Fe Sm,0,3
Dy Fe Sn,0,3
Dy Fe Tb,0,3
Dy Fe Th,0,3
Dy Fe Ti,0,3
Dy Fe V,0,3
Dy Fe Y,0,3
Dy Ga,0,2
Dy Ga Ge Mn,0,4
Dy Ga Ge Ni,0,4
Dy Ga In Pt,0,4
Dy Ga Ir,0,3
Dy Ga Mn,0,3
Dy Ga Ni,0,3
Dy Ga Pd,0,3
Dy Ga Pt,0,3
Dy Ga Rh,0,3
Dy Ga Ru,0,3
Dy Ga Ti,0,3
Dy Ga Zn,0,3
Dy Gd,0,2
Dy Gd Ni,0,3
Dy Gd Y,0,3
Dy Ge,0,2
Dy Ge In,0,3
Dy Ge In Ni,0,4
Dy Ge In Ru,0,4
Dy Ge Ir,0,3
Dy Ge Li,0,3
Dy Ge Mg,0,3
Dy Ge Mn,0,3
Dy Ge Mo Ti,0,4
Dy Ge Nb,0,3
Dy Ge Ni,0,3
Dy Ge Os,0,3
Dy Ge Pd,0,3
Dy Ge Pt,0,3
Dy Ge Rh,0,3
Dy Ge Ru,0,3
Dy Ge Sc,0,3
Dy Ge Sn,0,3
Dy Ge Ti,0,3
Dy Ge Zn,0,3
Dy Hg,0,2
Dy Ho,0,2
Dy Ho Mn,0,3
Dy Ho Tb,0,3
Dy Ho Y,0,3
Dy In,0,2
Dy In Ir,0,3
Dy In Mg,0,3
Dy In Mn,0,3
Dy In Mn Zn,0,4
Dy In Ni,0,3
Dy In Pd,0,3
Dy In Pt,0,3
Dy In Rh,0,3
Dy In Ru,0,3
Dy In Sn,0,3
Dy In Zn,0,3
Dy Ir,0,2
Dy La,0,2
Dy Li Sb,0,3
Dy Li Sn,0,3
Dy Mg,0,2
Dy Mg Os,0,3
Dy Mg Pt,0,3
Dy Mg Rh,0,3
Dy Mg Ru,0,3
Dy Mg Sn,0,3
Dy Mn,0,2
Dy Mn Sb Yb,0,4
Dy Mn Sn,0,3
Dy Mn Tm,0,3
Dy Nd,0,2
Dy Ni,0,2
Dy Ni Pb,0,3
Dy Ni Pd,0,3
Dy Ni Re,0,3
Dy Ni Sb,0,3
Dy Ni Sm,0,3
Dy Ni Sn,0,3
Dy Ni Zn,0,3
Dy Ni Zr,0,3
Dy Os,0,2
Dy Os Sn,0,3
Dy Pb,0,2
Dy Pb Pd,0,3
Dy Pd,0,2
Dy Pd Pt,0,3
Dy Pd Sb,0,3
Dy Pd Sn,0,3
Dy Pd Sn Y,0,4
Dy Pd Tl,0,3
Dy Pd Zn,0,3
Dy Pt,0,2
Dy Pt Sb,0,3
Dy Pt Sn,0,3
Dy Re,0,2
Dy Re Th,0,3
Dy Rh,0,2
Dy Rh Sn,0,3
Dy Rh Zn,0,3
Dy Ru,0,2
Dy Ru Sn,0,3
Dy Ru Zn,0,3
Dy Sb,0,2
Dy Sb Sc,0,3
Dy Sb V,0,3
Dy Sb Yb,0,3
Dy Sb Zn,0,3
Dy Sb Zr,0,3
Dy Sn,0,2
Dy Sn V,0,3
Dy Tc,0,2
Dy Th,0,2
Dy Tl,0,2
Dy Tl Zn,0,3
Dy Y,0,2
Dy Zn,0,2
Dy Zr,0,2
Er Fe,0,2
Er Fe Ga,0,3
Er Fe Ga Ho,0,4
Er Fe Ge,0,3
Er Fe Ge Sn,0,4
Er Fe Ho,0,3
Er Fe In,0,3
Er Fe Mn,0,3
Er Fe Mn Sn,0,4
Er Fe Mo,0,3
Er Fe Nb,0,3
Er Fe Nd,0,3
Er Fe Ni,0,3
Er Fe Re,0,3
Er Fe Ru,0,3
Er Fe Sm,0,3
Er Fe Sm Ti,0,4
Er Fe Sn,0,3
Er Fe Tb Ti,0,4
Er Fe Ti,0,3
Er Fe V,0,3
Er Fe Y,0,3
Er Ga,0,2
Er Ga Ge,0,3
Er Ga Ge Mn,0,4
Er Ga In Pt,0,4
Er Ga Ir,0,3
Er Ga Mn,0,3
Er Ga Mn Sn,0,4
Er Ga Ni,0,3
Er Ga Os,0,3
Er Ga Pd,0,3
Er Ga Pt,0,3
Er Ga Rh,0,3
Er Ga Ru,0,3
Er Ga Ti,0,3
Er Ga V,0,3
Er Ga Zn,0,3
Er Gd,0,2
Er Gd Mn,0,3
Er Gd Ni,0,3
Er Ge,0,2
Er Ge In,0,3
Er Ge In Ni,0,4
Er Ge In Ru,0,4
Er Ge Ir,0,3
Er Ge La,0,3
Er Ge Li,0,3
Er Ge Mg,0,3
Er Ge Mn,0,3
Er Ge Mo Ti,0,4
Er Ge Nb,0,3
Er Ge Nd,0,3
Er Ge Ni,0,3
Er Ge Os,0,3
Er Ge Pd,0,3
Er Ge Pt,0,3
Er Ge Re,0,3
Er Ge Rh,0,3
Er Ge Ru,0,3
Er Ge Sc,0,3
Er Ge Sn,0,3
Er Ge Ti,0,3
Er Ge Zn,0,3
Er Hg,0,2
Er Ho,0,2
Er Ho Mn,0,3
Er In,0,2
Er In Ir,0,3
Er In Mn,0,3
Er In Mn Zn,0,4
Er In Ni,0,3
Er In Pd,0,3
Er In Pt,0,3
Er In Rh,0,3
Er In Ru,0,3
Er In Sn,0,3
Er In Zn,0,3
Er Ir,0,2
Er Ir Mg,0,3
Er Ir Sn,0,3
Er Li Sn,0,3
Er Mg,0,2
Er Mg Ni,0,3
Er Mg Rh,0,3
Er Mg Ru,0,3
Er Mg Sn,0,3
Er Mg Zn,0,3
Er Mn,0,2
Er Mn Ni,0,3
Er Mn Pr,0,3
Er Mn Re,0,3
Er Mn Sm,0,3
Er Mn Sn,0,3
Er Ni,0,2
Er Ni Pb,0,3
Er Ni Ru,0,3
Er Ni Sb,0,3
Er Ni Sm,0,3
Er Ni Sn,0,3
Er Ni Sn Zr,0,4
Er Ni Tb,0,3
Er Ni Y,0,3
Er Ni Zn,0,3
Er Ni Zr,0,3
Er Os,0,2
Er Pb,0,2
Er Pb Pd,0,3
Er Pb Rh,0,3
Er Pd,0,2
Er Pd Sb,0,3
Er Pd Sn,0,3
Er Pd Sn Y,0,4
Er Pd Tl,0,3
Er Pd Zn,0,3
Er Pt,0,2
Er Pt Sb,0,3
Er Pt Sn,0,3
Er Pt Zn,0,3
Er Re,0,2
Er Re Th,0,3
Er Rh,0,2
Er Rh Sb,0,3
Er Rh Sn,0,3
Er Ru,0,2
Er Ru Sb,0,3
Er Sb,0,2
Er Sb Zr,0,3
Er Sn,0,2
Er Sn V,0,3
Er Sn Zn,0,3
Er Tb,0,2
Er Tc,0,2
Er Th,0,2
Er Tl,0,2
Er Tl Zn,0,3
Er V,0,2
Er Y,0,2
Er Zn,0,2
Er Zr,0,2
Eu Fe,0,2
Eu Fe Sb,0,3
Eu Ga,0,2
Eu Ga Ge,0,3
Eu Ga Ge Sr,0,4
Eu Ga Ir,0,3
Eu Ga La,0,3
Eu Ga Li,0,3
Eu Ga Mg,0,3
Eu Ga Mn,0,3
Eu Ga Na Sb,0,4
Eu Ga Ni,0,3
Eu Ga Pd,0,3
Eu Ga Pt,0,3
Eu Ga Rh,0,3
Eu Ga Sb,0,3
Eu Ga Sn,0,3
Eu Ga Sr,0,3
Eu Ga Zn,0,3
Eu Gd Ge,0,3
Eu Gd Sb,0,3
Eu Ge,0,2
Eu Ge In,0,3
Eu Ge In Ir,0,4
Eu Ge In Li,0,4
Eu Ge In Rb,0,4
Eu Ge In Yb,0,4
Eu Ge Ir,0,3
Eu Ge Li,0,3
Eu Ge Li Mg,0,4
Eu Ge Li Sr,0,4
Eu Ge Mg,0,3
Eu Ge Ni,0,3
Eu Ge Os,0,3
Eu Ge Pb Sr,0,4
Eu Ge Pd,0,3
Eu Ge Pr,0,3
Eu Ge Pt,0,3
Eu Ge Rh,0,3
Eu Ge Ru,0,3
Eu Ge Sc,0,3
Eu Ge Sr,0,3
Eu Ge Y,0,3
Eu Ge Zn,0,3
Eu Hg,0,2
Eu Hg Pb,0,3
Eu Hg Sn,0,3
Eu In,0,2
Eu In Ir,0,3
Eu In Mn,0,3
Eu In Ni,0,3
Eu In Pd,0,3
Eu In Pt,0,3
Eu In Pt Sr,0,4
Eu In Rh,0,3
Eu In Sb,0,3
Eu In Zn,0,3
Eu Ir,0,2
Eu Ir Mg,0,3
Eu Ir Sn,0,3
Eu La Pd,0,3
Eu Li Mg Sn,0,4
Eu Li Sb,0,3
Eu Li Sn,0,3
Eu Mg,0,2
Eu Mg Pb,0,3
Eu Mg Pd,0,3
Eu Mg Pt,0,3
Eu Mg Rh,0,3
Eu Mg Sb,0,3
Eu Mg Sn,0,3
Eu Mg Sr,0,3
Eu Mg Tl,0,3
Eu Mg Y,0,3
Eu Mn,0,2
Eu Mn Sb,0,3
Eu Mn Sb Sr,0,4
Eu Mn Sb Yb,0,4
Eu Na Sn,0,3
Eu Ni,0,2
Eu Ni Sb,0,3
Eu Ni Sb Sn,0,4
Eu Ni Sn,0,3
Eu Ni Zn,0,3
Eu Os Sb,0,3
Eu Pb,0,2
Eu Pb Pd,0,3
Eu Pb Zn,0,3
Eu Pd,0,2
Eu Pd Sb,0,3
Eu Pd Sn,0,3
Eu Pd Tl,0,3
Eu Pd Zn,0,3
Eu Pt,0,2
Eu Pt Sb,0,3
Eu Pt Sn,0,3
Eu Pt Sr Zn,0,4
Eu Pt Zn,0,3
Eu Re,0,2
Eu Rh,0,2
Eu Rh Sb,0,3
Eu Rh Sn,0,3
Eu Rh Zn,0,3
Eu Ru Sb,0,3
Eu Ru Sn,0,3
Eu Ru Sn Y,0,4
Eu Sb,0,2
Eu Sb Sn,0,3
Eu Sb Zn,0,3
Eu Sn,0,2
Eu Sn Zn,0,3
Eu Tl,0,2
Eu Yb,0,2
Eu Zn,0,2
Fe Ga,0,2
Fe Ga Gd,0,3
Fe Ga Gd Ti,0,4
Fe Ga Ge,0,3
Fe Ga Ge Sc,0,4
Fe Ga Ge Sm,0,4
Fe Ga Ge Tb,0,4
Fe Ga Ge Y,0,4
Fe Ga Hf,0,3
Fe Ga Ho,0,3
Fe Ga Ir,0,3
Fe Ga La,0,3
Fe Ga Lu,0,3
Fe Ga Lu Mn,0,4
Fe Ga Mn,0,3
Fe Ga Mn Ni,0,4
Fe Ga Mn Ru,0,4
Fe Ga Mn Sm,0,4
Fe Ga Mn Y,0,4
Fe Ga Nb,0,3
Fe Ga Nd,0,3
Fe Ga Nd Ti,0,4
Fe Ga Nd Y,0,4
Fe Ga Ni,0,3
Fe Ga Os,0,3
Fe Ga Pd,0,3
Fe Ga Pr,0,3
Fe Ga Pt,0,3
Fe Ga Re,0,3
Fe Ga Rh,0,3
Fe Ga Ru,0,3
Fe Ga Ru V,0,4
Fe Ga Sb,0,3
Fe Ga Sc,0,3
Fe Ga Sm,0,3
Fe Ga Ta,0,3
Fe Ga Tb,0,3
Fe Ga Ti,0,3
Fe Ga Tm,0,3
Fe Ga U,0,3
Fe Ga V,0,3
Fe Ga Y,0,3
Fe Ga Yb,0,3
Fe Ga Zr,0,3
Fe Gd,0,2
Fe Gd Ge,0,3
Fe Gd Ge In,0,4
Fe Gd Ho,0,3
Fe Gd Mn,0,3
Fe Gd Mo,0,3
Fe Gd Mo Nd,0,4
Fe Gd Nb,0,3
Fe Gd Ni,0,3
Fe Gd Ni Tm,0,4
Fe Gd Re,0,3
Fe Gd Sb,0,3
Fe Gd Sn,0,3
Fe Gd Th,0,3
Fe Gd Ti,0,3
Fe Gd V,0,3
Fe Gd W,0,3
Fe Gd Y,0,3
Fe Ge,0,2
Fe Ge Hf,0,3
Fe Ge Hf V,0,4
Fe Ge Ho,0,3
Fe Ge Ho Sn,0,4
Fe Ge In Nd,0,4
Fe Ge In Pr,0,4
Fe Ge In Sm,0,4
Fe Ge Ir,0,3
Fe Ge La,0,3
Fe Ge La Mn,0,4
Fe Ge La Ni,0,4
Fe Ge Li,0,3
Fe Ge Li Nb,0,4
Fe Ge Lu,0,3
Fe Ge Mg,0,3
Fe Ge Mn,0,3
Fe Ge Mn Nd,0,4
Fe Ge Mn Ni,0,4
Fe Ge Mn Sb,0,4
Fe Ge Mo,0,3
Fe Ge Nb,0,3
Fe Ge Nb V,0,4
Fe Ge Nd,0,3
Fe Ge Ni,0,3
Fe Ge Ni Ti,0,4
Fe Ge Np,0,3
Fe Ge Os,0,3
Fe Ge Pd,0,3
Fe Ge Pr,0,3
Fe Ge Pt,0,3
Fe Ge Rh,0,3
Fe Ge Ru,0,3
Fe Ge Ru Ti,0,4
Fe Ge Ru V,0,4
Fe Ge Sb,0,3
Fe Ge Sb Ti,0,4
Fe Ge Sc,0,3
Fe Ge Sm,0,3
Fe Ge Sn Tb,0,4
Fe Ge Ta,0,3
Fe Ge Tb,0,3
Fe Ge Th,0,3
Fe Ge Ti,0,3
Fe Ge Tm,0,3
Fe Ge U,0,3
Fe Ge V,0,3
Fe Ge V Zr,0,4
Fe Ge Y,0,3
Fe Ge Yb,0,3
Fe Ge Zr,0,3
Fe Hf,0,2
Fe Hf Mo,0,3
Fe Hf Nb Sb,0,4
Fe Hf Ni Sb,0,4
Fe Hf Re,0,3
Fe Hf Sb,0,3
Fe Hf Sn,0,3
Fe Hf Sn V,0,4
Fe Hf Ta,0,3
Fe Hf Ti,0,3
Fe Hf V,0,3
Fe Hf W,0,3
Fe Hf Zr,0,3
Fe Hg Nd,0,3
Fe Hg Pr,0,3
Fe Ho,0,2
Fe Ho Mn,0,3
Fe Ho Mo,0,3
Fe Ho Ni,0,3
Fe Ho Pr,0,3
Fe Ho Re,0,3
Fe Ho Ru,0,3
Fe Ho Sb,0,3
Fe Ho Sn,0,3
Fe Ho Tb,0,3
Fe Ho Ti,0,3
Fe Ho V,0,3
Fe Ho Y,0,3
Fe In,0,2
Fe In Ir,0,3
Fe In Mn,0,3
Fe In Ni,0,3
Fe In Os,0,3
Fe In Pd,0,3
Fe In Pr,0,3
Fe In Pt,0,3
Fe In Rh,0,3
Fe In Ru,0,3
Fe In Ru V,0,4
Fe In Sc,0,3
Fe In Ta,0,3
Fe In Ti,0,3
Fe Ir,0,2
Fe Ir Os Ru,0,4
Fe Ir Rh,0,3
Fe Ir Rh Ru,0,4
Fe Ir Sb,0,3
Fe Ir Sb Ti,0,4
Fe Ir Sn,0,3
Fe Ir Sn Ta,0,4
Fe La Ni,0,3
Fe La Pb,0,3
Fe La Sb,0,3
Fe La Sn,0,3
Fe La Th,0,3
Fe Lu,0,2
Fe Lu Mo,0,3
Fe Lu Pb,0,3
Fe Lu Re,0,3
Fe Lu Ru,0,3
Fe Lu Sb,0,3
Fe Lu Sn,0,3
Fe Lu Th,0,3
Fe Lu Ti,0,3
Fe Lu V,0,3
Fe Mg,0,2
Fe Mn,0,2
Fe Mn Nb,0,3
Fe Mn Nd,0,3
Fe Mn Nd Sn,0,4
Fe Mn Ni,0,3
Fe Mn Ni Sn,0,4
Fe Mn Ni Zr,0,4
Fe Mn Pd,0,3
Fe Mn Pt,0,3
Fe Mn Rh,0,3
Fe Mn Sb,0,3
Fe Mn Sm,0,3
Fe Mn Sn,0,3
Fe Mn Ta,0,3
Fe Mn Tb,0,3
Fe Mn Tb Y,0,4
Fe Mn Ti,0,3
Fe Mn Ti V,0,4
Fe Mn Ti Zr,0,4
Fe Mn Tm,0,3
Fe Mn U,0,3
Fe Mn Y,0,3
Fe Mn Zr,0,3
Fe Mo,0,2
Fe Mo Nd,0,3
Fe Mo Nd Y,0,4
Fe Mo Nd Zr,0,4
Fe Mo Pr,0,3
Fe Mo Sb,0,3
Fe Mo Sm,0,3
Fe Mo Tb,0,3
Fe Mo Tm,0,3
Fe Mo U,0,3
Fe Mo Y,0,3
Fe Mo Zr,0,3
Fe Na,0,2
Fe Na Sb,0,3
Fe Nb,0,2
Fe Nb Pd Sb,0,4
Fe Nb Pt,0,3
Fe Nb Sb,0,3
Fe Nb Sb Ti,0,4
Fe Nb Sb Zr,0,4
Fe Nb Sn,0,3
Fe Nb Zn,0,3
Fe Nb Zr,0,3
Fe Nd,0,2
Fe Nd Ni,0,3
Fe Nd Pd,0,3
Fe Nd Re,0,3
Fe Nd Ru,0,3
Fe Nd Sb,0,3
Fe Nd Sm,0,3
Fe Nd Sn,0,3
Fe Nd Tb,0,3
Fe Nd Ti,0,3
Fe Nd V,0,3
Fe Nd W,0,3
Fe Nd Zn,0,3
Fe Ni,0,2
Fe Ni Pr,0,3
Fe Ni Pt,0,3
Fe Ni Rh,0,3
Fe Ni Sb,0,3
Fe Ni Sb Sm,0,4
Fe Ni Sb Ti,0,4
Fe Ni Sb Yb,0,4
Fe Ni Sm,0,3
Fe Ni Sn,0,3
Fe Ni Ta,0,3
Fe Ni Tb,0,3
Fe Ni Th,0,3
Fe Ni Ti,0,3
Fe Ni Ti Y,0,4
Fe Ni U,0,3
Fe Ni V,0,3
Fe Ni Y,0,3
Fe Ni Zn,0,3
Fe Ni Zr,0,3
Fe Np,0,2
Fe Os,0,2
Fe Os Sb,0,3
Fe Os Sn,0,3
Fe Os V,0,3
Fe Pb Pr,0,3
Fe Pb Tm,0,3
Fe Pb Zr,0,3
Fe Pd,0,2
Fe Pd Sb,0,3
Fe Pd Sn,0,3
Fe Pd Zn,0,3
Fe Pr,0,2
Fe Pr Re,0,3
Fe Pr Sb,0,3
Fe Pr Sm,0,3
Fe Pr Sn,0,3
Fe Pr Tb,0,3
Fe Pr Th,0,3
Fe Pr Ti,0,3
Fe Pr Tl,0,3
Fe Pr V,0,3
Fe Pr Y,0,3
Fe Pr Zn,0,3
Fe Pt,0,2
Fe Pt Rh,0,3
Fe Pt Sb,0,3
Fe Pt Sn,0,3
Fe Pt Zn,0,3
Fe Pu,0,2
Fe Re,0,2
Fe Re Sm,0,3
Fe Re Tb,0,3
Fe Re Tm,0,3
Fe Re U,0,3
Fe Re V,0,3
Fe Re Y,0,3
Fe Re Zr,0,3
Fe Rh,0,2
Fe Rh Sb,0,3
Fe Rh Sb Ti,0,4
Fe Rh Sn,0,3
Fe Rh Y,0,3
Fe Ru,0,2
Fe Ru Sb,0,3
Fe Ru Sc,0,3
Fe Ru Sm,0,3
Fe Ru Sn,0,3
Fe Ru Sn Ti,0,4
Fe Ru Sn V,0,4
Fe Ru V,0,3
Fe Ru Y,0,3
Fe Sb,0,2
Fe Sb Sc,0,3
Fe Sb Sm,0,3
Fe Sb Sn,0,3
Fe Sb Sr,0,3
Fe Sb Tb,0,3
Fe Sb Ti,0,3
Fe Sb Tm,0,3
Fe Sb U,0,3
Fe Sb V,0,3
Fe Sb Y,0,3
Fe Sb Yb,0,3
Fe Sb Zn,0,3
Fe Sb Zr,0,3
Fe Sc,0,2
Fe Sc Sn,0,3
Fe Sc Ta,0,3
Fe Sc Th,0,3
Fe Sc Ti,0,3
Fe Sc Y,0,3
Fe Sc Zr,0,3
Fe Sm,0,2
Fe Sm Sn,0,3
Fe Sm Tb,0,3
Fe Sm Ti,0,3
Fe Sm Ti V,0,4
Fe Sm V,0,3
Fe Sm W,0,3
Fe Sm Y,0,3
Fe Sm Zn,0,3
Fe Sm Zr,0,3
Fe Sn,0,2
Fe Sn Ta,0,3
Fe Sn Tb,0,3
Fe Sn Th,0,3
Fe Sn Ti,0,3
Fe Sn Tm,0,3
Fe Sn U,0,3
Fe Sn V,0,3
Fe Sn Y,0,3
Fe Sn Yb,0,3
Fe Sn Zr,0,3
Fe Ta,0,2
Fe Ta Ti,0,3
Fe Ta W,0,3
Fe Ta Zr,0,3
Fe Tb,0,2
Fe Tb Ti,0,3
Fe Tb V,0,3
Fe Tb W,0,3
Fe Tb Y,0,3
Fe Tb Zn,0,3
Fe Tc,0,2
Fe Th,0,2
Fe Th Y,0,3
Fe Ti,0,2
Fe Ti Tm,0,3
Fe Ti U,0,3
Fe Ti V,0,3
Fe Ti Y,0,3
Fe Ti Zr,0,3
Fe Tm,0,2
Fe Tm V,0,3
Fe U,0,2
Fe U Zn,0,3
Fe V,0,2
Fe V Y,0,3
Fe V Zr,0,3
Fe W,0,2
Fe W Y,0,3
Fe Y,0,2
Fe Y Zr,0,3
Fe Yb,0,2
Fe Zn,0,2
Fe Zn Zr,0,3
Fe Zr,0,2
Ga Gd,0,2
Ga Gd Ge,0,3
Ga Gd Ge Mn,0,4
Ga Gd Ge Ni,0,4
Ga Gd In Ni,0,4
Ga Gd In Pt,0,4
Ga Gd Mg,0,3
Ga Gd Mn,0,3
Ga Gd Ni,0,3
Ga Gd Pd,0,3
Ga Gd Pt,0,3
Ga Gd Rh,0,3
Ga Gd Ru,0,3
Ga Gd U,0,3
Ga Gd Zn,0,3
Ga Ge,0,2
Ga Ge Ho Mn,0,4
Ga Ge Ho Ni,0,4
Ga Ge Ir,0,3
Ga Ge K,0,3
Ga Ge La,0,3
Ga Ge Li,0,3
Ga Ge Lu Mn,0,4
Ga Ge Mn,0,3
Ga Ge Mn Sc,0,4
Ga Ge Mn Tb,0,4
Ga Ge Mn Tm,0,4
Ga Ge Mn Y,0,4
Ga Ge Mn Yb,0,4
Ga Ge Mo,0,3
Ga Ge Na,0,3
Ga Ge Nb,0,3
Ga Ge Ni,0,3
Ga Ge Ni Sm,0,4
Ga Ge Ni Y,0,4
Ga Ge Pd,0,3
Ga Ge Pt,0,3
Ga Ge Rb,0,3
Ga Ge Re,0,3
Ga Ge Rh,0,3
Ga Ge Sb,0,3
Ga Ge Sm,0,3
Ga Ge Sr,0,3
Ga Ge Tb,0,3
Ga Ge Th,0,3
Ga Ge Ti,0,3
Ga Ge Tm,0,3
Ga Ge U,0,3
Ga Ge V,0,3
Ga Ge Y,0,3
Ga Ge Yb,0,3
Ga Ge Zr,0,3
Ga Hf,0,2
Ga Hf Mn,0,3
Ga Hf Nb,0,3
Ga Hf Ni,0,3
Ga Hf Pd,0,3
Ga Hf Pd Pt,0,4
Ga Hf Pt,0,3
Ga Hf Rh,0,3
Ga Hf Rh Zr,0,4
Ga Hf Ru,0,3
Ga Hf Sb,0,3
Ga Hf Sc,0,3
Ga Hf Sn,0,3
Ga Hf Ti,0,3
Ga Hf V,0,3
Ga Hf Zn,0,3
Ga Hf Zr,0,3
Ga Hg K,0,3
Ga Hg Mg,0,3
Ga Hg Rb,0,3
Ga Ho,0,2
Ga Ho Ir,0,3
Ga Ho Mn,0,3
Ga Ho Ni,0,3
Ga Ho Pd,0,3
Ga Ho Pt,0,3
Ga Ho Rh,0,3
Ga Ho Ru,0,3
Ga Ho Sb,0,3
Ga Ho Ti,0,3
Ga Ho Zn,0,3
Ga In,0,2
Ga In K,0,3
Ga In Na,0,3
Ga In Pt Tb,0,4
Ga In Pt Tm,0,4
Ga In Rb,0,3
Ga In Sb,0,3
Ga In Sr,0,3
Ga In Ti,0,3
Ga Ir,0,2
Ga Ir Li,0,3
Ga Ir Lu,0,3
Ga Ir Mn,0,3
Ga Ir Nb,0,3
Ga Ir Sc,0,3
Ga Ir Sm,0,3
Ga Ir Sn,0,3
Ga Ir Sr,0,3
Ga Ir Ta,0,3
Ga Ir Tb,0,3
Ga Ir Th,0,3
Ga Ir Ti,0,3
Ga Ir Tm,0,3
Ga Ir U,0,3
Ga Ir Y,0,3
Ga Ir Yb,0,3
Ga Ir Zr,0,3
Ga K,0,2
Ga K Li,0,3
Ga K Na,0,3
Ga K Na Sb,0,4
Ga K Sb,0,3
Ga K Sn,0,3
Ga La,0,2
Ga La Li,0,3
Ga La Mg,0,3
Ga La Mn Sb,0,4
Ga La Mo,0,3
Ga La Ni,0,3
Ga La Pd,0,3
Ga La Pt,0,3
Ga La Rh,0,3
Ga La Ru,0,3
Ga La Sb,0,3
Ga La Sb Sn,0,4
Ga La Zn,0,3
Ga Li,0,2
Ga Li Mg,0,3
Ga Li Na,0,3
Ga Li Nd,0,3
Ga Li Ni Zr,0,4
Ga Li Pd,0,3
Ga Li Pr,0,3
Ga Li Pt,0,3
Ga Li Rh,0,3
Ga Li Ru,0,3
Ga Li Sn,0,3
Ga Li Sr,0,3
Ga Li Y,0,3
Ga Li Zn,0,3
Ga Lu,0,2
Ga Lu Mn,0,3
Ga Lu Ni,0,3
Ga Lu Pd,0,3
Ga Lu Pt,0,3
Ga Lu Rh,0,3
Ga Lu Ti,0,3
Ga Lu Y,0,3
Ga Mg,0,2
Ga Mg Na,0,3
Ga Mg Nd,0,3
Ga Mg Ni,0,3
Ga Mg Pd,0,3
Ga Mg Pr,0,3
Ga Mg Sc,0,3
Ga Mg Sm,0,3
Ga Mg Ti,0,3
Ga Mg Tm,0,3
Ga Mg V,0,3
Ga Mg Y,0,3
Ga Mg Yb,0,3
Ga Mn,0,2
Ga Mn Nb,0,3
Ga Mn Nd,0,3
Ga Mn Ni,0,3
Ga Mn Ni Pt,0,4
Ga Mn Ni Zn,0,4
Ga Mn Os,0,3
Ga Mn Pd,0,3
Ga Mn Pr,0,3
Ga Mn Pt,0,3
Ga Mn Rh,0,3
Ga Mn Ru,0,3
Ga Mn Sb,0,3
Ga Mn Sc,0,3
Ga Mn Sm,0,3
Ga Mn Sn Tm,0,4
Ga Mn Sn Zr,0,4
Ga Mn Tb,0,3
Ga Mn Ti,0,3
Ga Mn Tm,0,3
Ga Mn V,0,3
Ga Mn Y,0,3
Ga Mn Yb,0,3
Ga Mn Zn,0,3
Ga Mn Zr,0,3
Ga Mo,0,2
Ga Mo Ni,0,3
Ga Mo Pr,0,3
Ga Mo Sb,0,3
Ga Mo Sc,0,3
Ga Mo Sn,0,3
Ga Mo Ta,0,3
Ga Mo W,0,3
Ga Mo Y,0,3
Ga Mo Zn,0,3
Ga Na,0,2
Ga Na Ni,0,3
Ga Na Rb,0,3
Ga Na Sb,0,3
Ga Na Sn,0,3
Ga Na Zn,0,3
Ga Nb,0,2
Ga Nb Ni,0,3
Ga Nb Pt,0,3
Ga Nb Rh,0,3
Ga Nb Sb,0,3
Ga Nb Sn,0,3
Ga Nb Ti,0,3
Ga Nb V,0,3
Ga Nb Zn,0,3
Ga Nb Zr,0,3
Ga Nd,0,2
Ga Nd Ni,0,3
Ga Nd Pd,0,3
Ga Nd Pt,0,3
Ga Nd Rh,0,3
Ga Nd Sb,0,3
Ga Nd Zn,0,3
Ga Ni,0,2
Ga Ni Pd,0,3
Ga Ni Pr,0,3
Ga Ni Pt,0,3
Ga Ni Pu,0,3
Ga Ni Sb,0,3
Ga Ni Sc,0,3
Ga Ni Sm,0,3
Ga Ni Sn,0,3
Ga Ni Sr,0,3
Ga Ni Ta,0,3
Ga Ni Tb,0,3
Ga Ni Th,0,3
Ga Ni Ti,0,3
Ga Ni Tm,0,3
Ga Ni U,0,3
Ga Ni V,0,3
Ga Ni Y,0,3
Ga Ni Yb,0,3
Ga Ni Zn,0,3
Ga Ni Zr,0,3
Ga Np,0,2
Ga Os,0,2
Ga Os Sc,0,3
Ga Os Tb,0,3
Ga Os Ti,0,3
Ga Os Tm,0,3
Ga Os U,0,3
Ga Os Zr,0,3
Ga Pb Sr,0,3
Ga Pb Zr,0,3
Ga Pd,0,2
Ga Pd Pr,0,3
Ga Pd Sb,0,3
Ga Pd Sc,0,3
Ga Pd Sm,0,3
Ga Pd Sr,0,3
Ga Pd Tb,0,3
Ga Pd Ti,0,3
Ga Pd Tm,0,3
Ga Pd U,0,3
Ga Pd Y,0,3
Ga Pd Yb,0,3
Ga Pd Zn,0,3
Ga Pd Zr,0,3
Ga Pr,0,2
Ga Pr Pt,0,3
Ga Pr Sb,0,3
Ga Pr Zn,0,3
Ga Pt,0,2
Ga Pt Sc,0,3
Ga Pt Sm,0,3
Ga Pt Tb,0,3
Ga Pt Th,0,3
Ga Pt Ti,0,3
Ga Pt Tm,0,3
Ga Pt U,0,3
Ga Pt V,0,3
Ga Pt V Y,0,4
Ga Pt Y,0,3
Ga Pt Yb,0,3
Ga Pt Zr,0,3
Ga Pu,0,2
Ga Pu Rh,0,3
Ga Rb,0,2
Ga Rb Sb,0,3
Ga Rb Sn,0,3
Ga Re,0,2
Ga Re Zn,0,3
Ga Rh,0,2
Ga Rh Sc,0,3
Ga Rh Sr,0,3
Ga Rh Tb,0,3
Ga Rh Th,0,3
Ga Rh Ti,0,3
Ga Rh Ti Zr,0,4
Ga Rh Tm,0,3
Ga Rh U,0,3
Ga Rh Y,0,3
Ga Rh Yb,0,3
Ga Rh Zr,0,3
Ga Ru,0,2
Ga Ru Sc,0,3
Ga Ru Sm,0,3
Ga Ru Tb,0,3
Ga Ru Ti,0,3
Ga Ru Tm,0,3
Ga Ru U,0,3
Ga Ru V,0,3
Ga Ru Y,0,3
Ga Ru Yb,0,3
Ga Ru Zr,0,3
Ga Sb,0,2
Ga Sb Sm,0,3
Ga Sb Sr,0,3
Ga Sb Ti,0,3
Ga Sb V,0,3
Ga Sb Y,0,3
Ga Sb Yb,0,3
Ga Sb Zr,0,3
Ga Sc,0,2
Ga Sc Ti,0,3
Ga Sc V,0,3
Ga Sc Zr,0,3
Ga Sm,0,2
Ga Sm Sn,0,3
Ga Sm Zn,0,3
Ga Sn,0,2
Ga Sn Sr,0,3
Ga Sn Ta,0,3
Ga Sn Tb,0,3
Ga Sn V,0,3
Ga Sn Zr,0,3
Ga Sr,0,2
Ga Ta,0,2
Ga Ta Zn,0,3
Ga Tb,0,2
Ga Tb Ti,0,3
Ga Tc,0,2
Ga Th,0,2
Ga Ti,0,2
Ga Ti Tm,0,3
Ga Ti V,0,3
Ga Ti V Zr,0,4
Ga Ti Y,0,3
Ga Ti Zn,0,3
Ga Ti Zr,0,3
Ga Tm,0,2
Ga Tm Zn,0,3
Ga U,0,2
Ga U Y,0,3
Ga U Zr,0,3
Ga V,0,2
Ga V Zn,0,3
Ga V Zr,0,3
Ga W,0,2
Ga Y,0,2
Ga Y Zn,0,3
Ga Yb,0,2
Ga Yb Zn,0,3
Ga Zn,0,2
Ga Zn Zr,0,3
Ga Zr,0,2
Gd Ge,0,2
Gd Ge Hf Ti,0,4
Gd Ge In,0,3
Gd Ge In Mn,0,4
Gd Ge In Ru,0,4
Gd Ge Ir,0,3
Gd Ge La,0,3
Gd Ge Li,0,3
Gd Ge Mg,0,3
Gd Ge Mn,0,3
Gd Ge Mn Sm,0,4
Gd Ge Mn Sn,0,4
Gd Ge Mn Ti,0,4
Gd Ge Mo Ti,0,4
Gd Ge Nb,0,3
Gd Ge Nb Ti,0,4
Gd Ge Ni,0,3
Gd Ge Os,0,3
Gd Ge Pb Ti,0,4
Gd Ge Pd,0,3
Gd Ge Pt,0,3
Gd Ge Re,0,3
Gd Ge Rh,0,3
Gd Ge Ru,0,3
Gd Ge Sb,0,3
Gd Ge Sc,0,3
Gd Ge Sc Ti,0,4
Gd Ge Sm Ti,0,4
Gd Ge Sn,0,3
Gd Ge Ti,0,3
Gd Ge Ti V,0,4
Gd Ge Ti Y,0,4
Gd Ge Ti Zr,0,4
Gd Ge Y,0,3
Gd Ge Zn,0,3
Gd Ge Zr,0,3
Gd Hg,0,2
Gd Ho Ni,0,3
Gd Ho Y,0,3
Gd In,0,2
Gd In Ir,0,3
Gd In Ir Mg,0,4
Gd In Mg,0,3
Gd In Mn,0,3
Gd In Mn Zn,0,4
Gd In Ni,0,3
Gd In Pd,0,3
Gd In Pd Th,0,4
Gd In Pt,0,3
Gd In Rh,0,3
Gd In Ru,0,3
Gd In Sm,0,3
Gd In Sn,0,3
Gd In Tl,0,3
Gd In Zn,0,3
Gd Ir,0,2
Gd Ir Mg,0,3
Gd Ir Sn,0,3
Gd La,0,2
Gd La Ni,0,3
Gd La Os,0,3
Gd La Sb Sn,0,4
Gd La Tl,0,3
Gd Li Sn,0,3
Gd Lu,0,2
Gd Lu Ni,0,3
Gd Mg,0,2
Gd Mg Ni,0,3
Gd Mg Ni Y,0,4
Gd Mg Os,0,3
Gd Mg Pb,0,3
Gd Mg Pd,0,3
Gd Mg Pt,0,3
Gd Mg Rh,0,3
Gd Mg Ru,0,3
Gd Mg Sn,0,3
Gd Mg Y,0,3
Gd Mg Zn,0,3
Gd Mn,0,2
Gd Mn Ni,0,3
Gd Mn Ni Sm,0,4
Gd Mn Pr,0,3
Gd Mn Sn,0,3
Gd Mn Sn Tm,0,4
Gd Mn Y,0,3
Gd Nd,0,2
Gd Nd Zn,0,3
Gd Ni,0,2
Gd Ni Pd,0,3
Gd Ni Pt,0,3
Gd Ni Sb,0,3
Gd Ni Sb Sn,0,4
Gd Ni Sn,0,3
Gd Ni Tb,0,3
Gd Ni Tm,0,3
Gd Ni Y,0,3
Gd Ni Zn,0,3
Gd Ni Zr,0,3
Gd Os,0,2
Gd Pb,0,2
Gd Pb Pd,0,3
Gd Pb Pt,0,3
Gd Pd,0,2
Gd Pd Pt,0,3
Gd Pd Sb,0,3
Gd Pd Sn,0,3
Gd Pd Sn Y,0,4
Gd Pd Tl,0,3
Gd Pd Y,0,3
Gd Pd Zn,0,3
Gd Pr,0,2
Gd Pr Zn,0,3
Gd Pt,0,2
Gd Pt Sb,0,3
Gd Pt Sn,0,3
Gd Pt Zn,0,3
Gd Re,0,2
Gd Re Th,0,3
Gd Rh,0,2
Gd Rh Sn,0,3
Gd Rh Zn,0,3
Gd Ru,0,2
Gd Ru Sm,0,3
Gd Ru Sn,0,3
Gd Sb,0,2
Gd Sb Sc,0,3
Gd Sb Sm,0,3
Gd Sb U,0,3
Gd Sb V,0,3
Gd Sb Yb,0,3
Gd Sb Zn,0,3
Gd Sb Zr,0,3
Gd Sc,0,2
Gd Sn,0,2
Gd Sn Ti,0,3
Gd Sn V,0,3
Gd Sn Zn,0,3
Gd Tb,0,2
Gd Tc,0,2
Gd Th,0,2
Gd Tl,0,2
Gd Tl Y,0,3
Gd Tl Zn,0,3
Gd Tm Zn,0,3
Gd Y,0,2
Gd Y Zn,0,3
Gd Yb,0,2
Gd Zn,0,2
Gd Zr,0,2
Ge Hf,0,2
Ge Hf Ho,0,3
Ge Hf Ir,0,3
Ge Hf Mn,0,3
Ge Hf Mo,0,3
Ge Hf Nb,0,3
Ge Hf Ni,0,3
Ge Hf Os,0,3
Ge Hf Pd,0,3
Ge Hf Pt,0,3
Ge Hf Re,0,3
Ge Hf Rh,0,3
Ge Hf Ru,0,3
Ge Hf Sb,0,3
Ge Hf Sc,0,3
Ge Hf Ta,0,3
Ge Hf V,0,3
Ge Hf Zr,0,3
Ge Hg,0,2
Ge Hg K,0,3
Ge Hg Li,0,3
Ge Hg Rb,0,3
Ge Ho,0,2
Ge Ho In,0,3
Ge Ho In Ni,0,4
Ge Ho In Ru,0,4
Ge Ho Ir,0,3
Ge Ho Li,0,3
Ge Ho Mg,0,3
Ge Ho Mn,0,3
Ge Ho Mn Sn,0,4
Ge Ho Mo Ti,0,4
Ge Ho Nb,0,3
Ge Ho Ni,0,3
Ge Ho Os,0,3
Ge Ho Pd,0,3
Ge Ho Pt,0,3
Ge Ho Re,0,3
Ge Ho Rh,0,3
Ge Ho Ru,0,3
Ge Ho Sc,0,3
Ge Ho Sn,0,3
Ge Ho Ti,0,3
Ge Ho Zn,0,3
Ge In,0,2
Ge In Ir,0,3
Ge In Ir Sr,0,4
Ge In K,0,3
Ge In K Sb,0,4
Ge In La,0,3
Ge In La Li,0,4
Ge In La Mn,0,4
Ge In La Ni,0,4
Ge In Li,0,3
Ge In Li Sr,0,4
Ge In Li Yb,0,4
Ge In Mn Nd,0,4
Ge In Mn Pr,0,4
Ge In Mn Sm,0,4
Ge In Na,0,3
Ge In Nd,0,3
Ge In Nd Ni,0,4
Ge In Nd Ru,0,4
Ge In Ni Pr,0,4
Ge In Ni Sm,0,4
Ge In Ni Tm,0,4
Ge In Ni Yb,0,4
Ge In Pr,0,3
Ge In Pr Ru,0,4
Ge In Rb,0,3
Ge In Rh,0,3
Ge In Rh Sm,0,4
Ge In Rh Tb,0,4
Ge In Ru Sm,0,4
Ge In Ru Tb,0,4
Ge In Sb,0,3
Ge In Sm,0,3
Ge In Sr,0,3
Ge In Sr Yb,0,4
Ge In Tb,0,3
Ge In Y,0,3
Ge In Yb,0,3
Ge Ir,0,2
Ge Ir La,0,3
Ge Ir La Pd,0,4
Ge Ir La Tm,0,4
Ge Ir Lu,0,3
Ge Ir Mn,0,3
Ge Ir Nb,0,3
Ge Ir Nd,0,3
Ge Ir Pr,0,3
Ge Ir Rh U,0,4
Ge Ir Sc,0,3
Ge Ir Sc V,0,4
Ge Ir Sm,0,3
Ge Ir Sr,0,3
Ge Ir Ta,0,3
Ge Ir Tb,0,3
Ge Ir Th,0,3
Ge Ir Ti,0,3
Ge Ir Tm,0,3
Ge Ir U,0,3
Ge Ir Y,0,3
Ge Ir Yb,0,3
Ge Ir Zr,0,3
Ge K,0,2
Ge K Li,0,3
Ge K Pt,0,3
Ge K Tl,0,3
Ge K Y,0,3
Ge K Zn,0,3
Ge La,0,2
Ge La Li,0,3
Ge La Mg,0,3
Ge La Mn,0,3
Ge La Mn Y,0,4
Ge La Mo,0,3
Ge La Nb,0,3
Ge La Ni,0,3
Ge La Os,0,3
Ge La Pd,0,3
Ge La Pd Pt,0,4
Ge La Pd Rh,0,4
Ge La Pt,0,3
Ge La Pt Rh,0,4
Ge La Pt Ru,0,4
Ge La Rh,0,3
Ge La Rh Sb,0,4
Ge La Ru,0,3
Ge La Sb,0,3
Ge La Sc,0,3
Ge La Sn,0,3
Ge La Ti,0,3
Ge La V,0,3
Ge La Zn,0,3
Ge Li,0,2
Ge Li Lu,0,3
Ge Li Mg,0,3
Ge Li Mg Sr,0,4
Ge Li Mn,0,3
Ge Li Na,0,3
Ge Li Nd,0,3
Ge Li Ni,0,3
Ge Li Pd,0,3
Ge Li Pr,0,3
Ge Li Rb,0,3
Ge Li Rh,0,3
Ge Li Sc,0,3
Ge Li Sm,0,3
Ge Li Sr,0,3
Ge Li Tb,0,3
Ge Li Tm,0,3
Ge Li Y,0,3
Ge Li Yb,0,3
Ge Li Zn,0,3
Ge Li Zr,0,3
Ge Lu,0,2
Ge Lu Mg,0,3
Ge Lu Mn,0,3
Ge Lu Mn Sn,0,4
Ge Lu Mo Ti,0,4
Ge Lu Nb,0,3
Ge Lu Ni,0,3
Ge Lu Os,0,3
Ge Lu Pd,0,3
Ge Lu Pt,0,3
Ge Lu Re,0,3
Ge Lu Rh,0,3
Ge Lu Ru,0,3
Ge Lu Sn,0,3
Ge Lu Ti,0,3
Ge Lu V,0,3
Ge Lu Zn,0,3
Ge Mg,0,2
Ge Mg Mn,0,3
Ge Mg Nd,0,3
Ge Mg Ni,0,3
Ge Mg Pr,0,3
Ge Mg Sb,0,3
Ge Mg Sm,0,3
Ge Mg Sn,0,3
Ge Mg Sr,0,3
Ge Mg Tb,0,3
Ge Mg Tm,0,3
Ge Mg Y,0,3
Ge Mg Yb,0,3
Ge Mn,0,2
Ge Mn Nb,0,3
Ge Mn Nd,0,3
Ge Mn Nd Sm,0,4
Ge Mn Nd Sn,0,4
Ge Mn Nd Ti,0,4
Ge Mn Ni,0,3
Ge Mn Ni Ti,0,4
Ge Mn Np,0,3
Ge Mn Os,0,3
Ge Mn Pb,0,3
Ge Mn Pd,0,3
Ge Mn Pr,0,3
Ge Mn Pt,0,3
Ge Mn Rh,0,3
Ge Mn Ru,0,3
Ge Mn Sc,0,3
Ge Mn Sm,0,3
Ge Mn Sm Sn,0,4
Ge Mn Sm Y,0,4
Ge Mn Sn,0,3
Ge Mn Sn Tb,0,4
Ge Mn Sn Tm,0,4
Ge Mn Sr,0,3
Ge Mn Ta,0,3
Ge Mn Tb,0,3
Ge Mn Th,0,3
Ge Mn Ti,0,3
Ge Mn Tm,0,3
Ge Mn U,0,3
Ge Mn V,0,3
Ge Mn V Zr,0,4
Ge Mn Y,0,3
Ge Mn Yb,0,3
Ge Mn Zr,0,3
Ge Mo,0,2
Ge Mo Nb Sn,0,4
Ge Mo Ni,0,3
Ge Mo Rh,0,3
Ge Mo Sc,0,3
Ge Mo Tb Ti,0,4
Ge Mo Ti,0,3
Ge Mo Ti Tm,0,4
Ge Mo U,0,3
Ge Mo V,0,3
Ge Mo W,0,3
Ge Mo Zr,0,3
Ge Na,0,2
Ge Na Pd,0,3
Ge Na Pt,0,3
Ge Na Rb,0,3
Ge Na Sn,0,3
Ge Na Sr,0,3
Ge Na Zn,0,3
Ge Nb,0,2
Ge Nb Nd Rh,0,4
Ge Nb Ni,0,3
Ge Nb Pr Rh,0,4
Ge Nb Pt,0,3
Ge Nb Rh,0,3
Ge Nb Sc,0,3
Ge Nb Sn,0,3
Ge Nb Sn Zr,0,4
Ge Nb Tb,0,3
Ge Nb Ti,0,3
Ge Nb U,0,3
Ge Nb V,0,3
Ge Nb Y,0,3
Ge Nb Zr,0,3
Ge Nd,0,2
Ge Nd Ni,0,3
Ge Nd Ni Tb,0,4
Ge Nd Os,0,3
Ge Nd Pd,0,3
Ge Nd Pt,0,3
Ge Nd Rh,0,3
Ge Nd Rh Ta,0,4
Ge Nd Ru,0,3
Ge Nd Sb,0,3
Ge Nd Sc,0,3
Ge Nd Sn,0,3
Ge Nd Ti,0,3
Ge Nd V,0,3
Ge Nd Zn,0,3
Ge Ni,0,2
Ge Ni Np,0,3
Ge Ni Pd,0,3
Ge Ni Pd U,0,4
Ge Ni Pr,0,3
Ge Ni Pt,0,3
Ge Ni Sc,0,3
Ge Ni Sm,0,3
Ge Ni Sr,0,3
Ge Ni Ta,0,3
Ge Ni Tb,0,3
Ge Ni Th,0,3
Ge Ni Ti,0,3
Ge Ni Tm,0,3
Ge Ni U,0,3
Ge Ni V,0,3
Ge Ni Y,0,3
Ge Ni Yb,0,3
Ge Ni Zn,0,3
Ge Ni Zr,0,3
Ge Np,0,2
Ge Np Pd,0,3
Ge Np Rh,0,3
Ge Np Ru,0,3
Ge Np Tc,0,3
Ge Os,0,2
Ge Os Pr,0,3
Ge Os Sc,0,3
Ge Os Sm,0,3
Ge Os Tb,0,3
Ge Os Th,0,3
Ge Os Ti,0,3
Ge Os Tm,0,3
Ge Os Tm Y,0,4
Ge Os U,0,3
Ge Os V,0,3
Ge Os Y,0,3
Ge Os Yb,0,3
Ge Os Zr,0,3
Ge Pb,0,2
Ge Pb Sr,0,3
Ge Pb Zr,0,3
Ge Pd,0,2
Ge Pd Pr,0,3
Ge Pd Pt U,0,4
Ge Pd Sc,0,3
Ge Pd Sm,0,3
Ge Pd Sr,0,3
Ge Pd Tb,0,3
Ge Pd Th,0,3
Ge Pd Ti,0,3
Ge Pd Tm,0,3
Ge Pd U,0,3
Ge Pd Y,0,3
Ge Pd Yb,0,3
Ge Pd Zr,0,3
Ge Pr,0,2
Ge Pr Pt,0,3
Ge Pr Rh,0,3
Ge Pr Rh Ta,0,4
Ge Pr Ru,0,3
Ge Pr Sb,0,3
Ge Pr Sc,0,3
Ge Pr Ti,0,3
Ge Pr V,0,3
Ge Pr Zn,0,3
Ge Pt,0,2
Ge Pt Rb,0,3
Ge Pt Sc,0,3
Ge Pt Sm,0,3
Ge Pt Sr,0,3
Ge Pt Tb,0,3
Ge Pt Th,0,3
Ge Pt Ti,0,3
Ge Pt Tm,0,3
Ge Pt U,0,3
Ge Pt Y,0,3
Ge Pt Yb,0,3
Ge Pt Zr,0,3
Ge Pu,0,2
Ge Rb,0,2
Ge Rb Tl,0,3
Ge Rb Zn,0,3
Ge Re,0,2
Ge Re Sc,0,3
Ge Rh,0,2
Ge Rh Sc,0,3
Ge Rh Sc V,0,4
Ge Rh Sm,0,3
Ge Rh Sr,0,3
Ge Rh Ta,0,3
Ge Rh Tb,0,3
Ge Rh Th,0,3
Ge Rh Ti,0,3
Ge Rh Tm,0,3
Ge Rh U,0,3
Ge Rh V,0,3
Ge Rh V Y,0,4
Ge Rh Y,0,3
Ge Rh Yb,0,3
Ge Rh Zr,0,3
Ge Ru,0,2
Ge Ru Sc,0,3
Ge Ru Sm,0,3
Ge Ru Sr,0,3
Ge Ru Tb,0,3
Ge Ru Th,0,3
Ge Ru Ti,0,3
Ge Ru Tm,0,3
Ge Ru U,0,3
Ge Ru V,0,3
Ge Ru Y,0,3
Ge Ru Yb,0,3
Ge Ru Zr,0,3
Ge Sb,0,2
Ge Sb Sn,0,3
Ge Sb Ti,0,3
Ge Sb Yb,0,3
Ge Sb Zr,0,3
Ge Sc,0,2
Ge Sc Sm,0,3
Ge Sc Ta,0,3
Ge Sc Tb,0,3
Ge Sc Tm,0,3
Ge Sc V,0,3
Ge Sc Yb,0,3
Ge Sm,0,2
Ge Sm Sn,0,3
Ge Sm Ti,0,3
Ge Sm Zn,0,3
Ge Sn,0,2
Ge Sn Tb,0,3
Ge Sn Tm,0,3
Ge Sn V,0,3
Ge Sn Y,0,3
Ge Sn Yb,0,3
Ge Sn Zr,0,3
Ge Sr,0,2
Ge Sr Zn,0,3
Ge Ta,0,2
Ge Ta V,0,3
Ge Ta Zr,0,3
Ge Tb,0,2
Ge Tb Ti,0,3
Ge Tb Zn,0,3
Ge Tc U,0,3
Ge Th,0,2
Ge Ti,0,2
Ge Ti Tm,0,3
Ge Ti U,0,3
Ge Ti V,0,3
Ge Ti Y,0,3
Ge Tl,0,2
Ge Tm,0,2
Ge Tm V,0,3
Ge Tm Zn,0,3
Ge Tm Zr,0,3
Ge U,0,2
Ge V,0,2
Ge V Zr,0,3
Ge W,0,2
Ge Y,0,2
Ge Y Zn,0,3
Ge Yb,0,2
Ge Yb Zn,0,3
Ge Zn,0,2
Ge Zr,0,2
Hf Hg,0,2
Hf In,0,2
Hf In Ni,0,3
Hf In Ni Sb,0,4
Hf In Pd,0,3
Hf In Pt,0,3
Hf In Rh,0,3
Hf In Rh Zr,0,4
Hf In Sb,0,3
Hf Ir,0,2
Hf Ir Ni,0,3
Hf Ir Sb,0,3
Hf Ir Sn,0,3
Hf La Sb,0,3
Hf Li Sb,0,3
Hf Mg,0,2
Hf Mg Zn,0,3
Hf Mn,0,2
Hf Mn Ru,0,3
Hf Mn Sb,0,3
Hf Mn Sn,0,3
Hf Mn Zr,0,3
Hf Mo,0,2
Hf Mo Ni,0,3
Hf Mo Ru,0,3
Hf Mo Sb,0,3
Hf Mo Ti,0,3
Hf Mo Zr,0,3
Hf Nb,0,2
Hf Nb Sn,0,3
Hf Nb V,0,3
Hf Nb V Zr,0,4
Hf Nb Zr,0,3
Hf Ni,0,2
Hf Ni Os,0,3
Hf Ni Re,0,3
Hf Ni Rh,0,3
Hf Ni Ru,0,3
Hf Ni Sb,0,3
Hf Ni Sn,0,3
Hf Ni Ti,0,3
Hf Ni Ti V,0,4
Hf Ni W,0,3
Hf Os,0,2
Hf Os Sn,0,3
Hf Os V,0,3
Hf Os W,0,3
Hf Pb,0,2
Hf Pd,0,2
Hf Pd Sb,0,3
Hf Pd Sn,0,3
Hf Pt,0,2
Hf Pt Sn,0,3
Hf Pu,0,2
Hf Re,0,2
Hf Re V,0,3
Hf Rh,0,2
Hf Rh Sb,0,3
Hf Rh Sn,0,3
Hf Ru,0,2
Hf Ru Sb,0,3
Hf Ru Ti,0,3
Hf Ru V,0,3
Hf Ru Zn,0,3
Hf Sb,0,2
Hf Sb Ti,0,3
Hf Sb U,0,3
Hf Sb V,0,3
Hf Sb Zn,0,3
Hf Sc,0,2
Hf Sn,0,2
Hf Ta,0,2
Hf Ta V,0,3
Hf Tc,0,2
Hf Th,0,2
Hf Ti,0,2
Hf Ti V,0,3
Hf Ti W,0,3
Hf Tl,0,2
Hf V,0,2
Hf V Y,0,3
Hf V Zr,0,3
Hf W,0,2
Hf W Zr,0,3
Hf Zn,0,2
Hf Zn Zr,0,3
Hf Zr,0,2
Hg Ho,0,2
Hg In,0,2
Hg In K,0,3
Hg In Sr,0,3
Hg K,0,2
Hg K Na,0,3
Hg K Sb,0,3
Hg K Sn,0,3
Hg La,0,2
Hg Li,0,2
Hg Li Mg,0,3
Hg Li Sr,0,3
Hg Li Tl,0,3
Hg Lu,0,2
Hg Mg,0,2
Hg Mn,0,2
Hg Mn Pd,0,3
Hg Na,0,2
Hg Na Pb,0,3
Hg Na Tl,0,3
Hg Nd,0,2
Hg Ni,0,2
Hg Pb,0,2
Hg Pb Sr,0,3
Hg Pb Yb,0,3
Hg Pd,0,2
Hg Pd Sm,0,3
Hg Pr,0,2
Hg Pt,0,2
Hg Pu,0,2
Hg Rb,0,2
Hg Rb Sb,0,3
Hg Rb Sn,0,3
Hg Rh,0,2
Hg Ru Ti,0,3
Hg Sb Zn,0,3
Hg Sc,0,2
Hg Sc Ti,0,3
Hg Sm,0,2
Hg Sn,0,2
Hg Sn Sr,0,3
Hg Sn Yb,0,3
Hg Sr,0,2
Hg Tb,0,2
Hg Th,0,2
Hg Ti,0,2
Hg Ti Zn,0,3
Hg Tl,0,2
Hg Tm,0,2
Hg U,0,2
Hg Y,0,2
Hg Yb,0,2
Hg Zn,0,2
Hg Zr,0,2
Ho In,0,2
Ho In Ir,0,3
Ho In Mg,0,3
Ho In Mn,0,3
Ho In Ni,0,3
Ho In Pd,0,3
Ho In Pt,0,3
Ho In Rh,0,3
Ho In Ru,0,3
Ho In Zn,0,3
Ho Ir,0,2
Ho Ir Sn,0,3
Ho Li Sb,0,3
Ho Li Sn,0,3
Ho Mg,0,2
Ho Mg Pt,0,3
Ho Mg Rh,0,3
Ho Mg Ru,0,3
Ho Mg Sn,0,3
Ho Mg Zn,0,3
Ho Mn,0,2
Ho Mn Ni,0,3
Ho Mn Pr,0,3
Ho Mn Sb Yb,0,4
Ho Mn Sn,0,3
Ho Mn Sn Y,0,4
Ho Mn Tm,0,3
Ho Ni,0,2
Ho Ni Pb,0,3
Ho Ni Ru,0,3
Ho Ni Sb,0,3
Ho Ni Sm,0,3
Ho Ni Sn,0,3
Ho Ni Tb,0,3
Ho Ni Zr,0,3
Ho Os,0,2
Ho Pb,0,2
Ho Pb Pd,0,3
Ho Pd,0,2
Ho Pd Sb,0,3
Ho Pd Sn,0,3
Ho Pd Sn Y,0,4
Ho Pd Tl,0,3
Ho Pd Zn,0,3
Ho Pr,0,2
Ho Pt,0,2
Ho Pt Sb,0,3
Ho Pt Sn,0,3
Ho Pt Zn,0,3
Ho Re,0,2
Ho Rh,0,2
Ho Rh Sn,0,3
Ho Rh Zn,0,3
Ho Ru,0,2
Ho Sb,0,2
Ho Sb U,0,3
Ho Sb Zn,0,3
Ho Sb Zr,0,3
Ho Sn,0,2
Ho Sn V,0,3
Ho Sn Zn,0,3
Ho Tb,0,2
Ho Tc,0,2
Ho Th,0,2
Ho Tl,0,2
Ho Zn,0,2
Ho Zr,0,2
In Ir,0,2
In Ir La,0,3
In Ir La Mg,0,4
In Ir Li,0,3
In Ir Lu,0,3
In Ir Mg,0,3
In Ir Mn,0,3
In Ir Nd,0,3
In Ir Pr,0,3
In Ir Sb,0,3
In Ir Sc,0,3
In Ir Sm,0,3
In Ir Sn,0,3
In Ir Sr,0,3
In Ir Tb,0,3
In Ir Ti,0,3
In Ir Y,0,3
In Ir Yb,0,3
In Ir Zr,0,3
In K,0,2
In K Mg,0,3
In K Mg Rb,0,4
In K Na,0,3
In K Na Sb,0,4
In K Na Tl,0,4
In K Ni,0,3
In K Pb,0,3
In K Sb,0,3
In K Sn,0,3
In K Sr,0,3
In K Zn,0,3
In La,0,2
In La Mg Rh,0,4
In La Mn,0,3
In La Ni,0,3
In La Pb,0,3
In La Pd,0,3
In La Pt,0,3
In La Rh,0,3
In La Ru,0,3
In La Sb,0,3
In La Sn,0,3
In La Y,0,3
In La Zn,0,3
In Li,0,2
In Li Mg,0,3
In Li Pd,0,3
In Li Pt,0,3
In Li Rh,0,3
In Li Ru,0,3
In Li Sn,0,3
In Li Tl,0,3
In Li Y,0,3
In Li Zn,0,3
In Lu,0,2
In Lu Mn,0,3
In Lu Ni,0,3
In Lu Pd,0,3
In Lu Pt,0,3
In Lu Rh,0,3
In Lu Ru,0,3
In Mg,0,2
In Mg Ni,0,3
In Mg Rb,0,3
In Mg Rh Y,0,4
In Mg Sc,0,3
In Mg Sm,0,3
In Mg Sr,0,3
In Mg Ti,0,3
In Mg Tm,0,3
In Mg V,0,3
In Mg Y,0,3
In Mn,0,2
In Mn Nd,0,3
In Mn Nd Zn,0,4
In Mn Ni,0,3
In Mn Ni Sn,0,4
In Mn Os,0,3
In Mn Pd,0,3
In Mn Pd Sb,0,4
In Mn Pd Sn,0,4
In Mn Pr,0,3
In Mn Pr Zn,0,4
In Mn Pt,0,3
In Mn Rh,0,3
In Mn Ru,0,3
In Mn Sb,0,3
In Mn Sc,0,3
In Mn Sm,0,3
In Mn Sm Zn,0,4
In Mn Sn Tm,0,4
In Mn Sn Y,0,4
In Mn Sn Zr,0,4
In Mn Tb,0,3
In Mn Ti,0,3
In Mn Tm,0,3
In Mn V,0,3
In Mn Y,0,3
In Mn Y Zn,0,4
In Mn Yb Zn,0,4
In Mn Zr,0,3
In Mo,0,2
In Na,0,2
In Na Ni,0,3
In Na Pd,0,3
In Na Rb,0,3
In Na Sb,0,3
In Na Sb Sr,0,4
In Na Sn,0,3
In Nb,0,2
In Nd,0,2
In Nd Ni,0,3
In Nd Pd,0,3
In Nd Pt,0,3
In Nd Rh,0,3
In Nd Ru,0,3
In Nd Sn,0,3
In Nd Zn,0,3
In Ni,0,2
In Ni Np,0,3
In Ni Pr,0,3
In Ni Pu,0,3
In Ni Sb,0,3
In Ni Sb U,0,4
In Ni Sb Zr,0,4
In Ni Sc,0,3
In Ni Sm,0,3
In Ni Sn,0,3
In Ni Sr,0,3
In Ni Tb,0,3
In Ni Th,0,3
In Ni Ti,0,3
In Ni Tm,0,3
In Ni U,0,3
In Ni V,0,3
In Ni Y,0,3
In Ni Yb,0,3
In Ni Zn,0,3
In Ni Zr,0,3
In Np,0,2
In Np Pt,0,3
In Np Rh,0,3
In Pb,0,2
In Pb Sn,0,3
In Pb Sr,0,3
In Pb Tl,0,3
In Pb Y,0,3
In Pb Zr,0,3
In Pd,0,2
In Pd Pr,0,3
In Pd Pu,0,3
In Pd Sb,0,3
In Pd Sc,0,3
In Pd Sm,0,3
In Pd Sn Yb,0,4
In Pd Sr,0,3
In Pd Tb,0,3
In Pd Th,0,3
In Pd Ti,0,3
In Pd Tm,0,3
In Pd U,0,3
In Pd Y,0,3
In Pd Yb,0,3
In Pd Zr,0,3
In Pr,0,2
In Pr Pt,0,3
In Pr Rh,0,3
In Pr Ru,0,3
In Pr Tl,0,3
In Pr Zn,0,3
In Pt,0,2
In Pt Pu,0,3
In Pt Sc,0,3
In Pt Sm,0,3
In Pt Sr,0,3
In Pt Tb,0,3
In Pt Th,0,3
In Pt Ti,0,3
In Pt Tm,0,3
In Pt U,0,3
In Pt Y,0,3
In Pt Yb,0,3
In Pt Zr,0,3
In Pu,0,2
In Pu Rh,0,3
In Rb,0,2
In Rb Sb,0,3
In Rh,0,2
In Rh Sb,0,3
In Rh Sc,0,3
In Rh Sm,0,3
In Rh Sr,0,3
In Rh Tb,0,3
In Rh Ti,0,3
In Rh Tm,0,3
In Rh U,0,3
In Rh Y,0,3
In Rh Yb,0,3
In Rh Zr,0,3
In Ru,0,2
In Ru Sc,0,3
In Ru Sm,0,3
In Ru Tb,0,3
In Sb,0,2
In Sb Sn Zn,0,4
In Sb Sr,0,3
In Sb Ti,0,3
In Sb Yb,0,3
In Sb Zn,0,3
In Sb Zr,0,3
In Sc,0,2
In Sc V,0,3
In Sm,0,2
In Sm Sn,0,3
In Sm Zn,0,3
In Sn,0,2
In Sn Tb,0,3
In Sn Th,0,3
In Sn Tl,0,3
In Sn Tm,0,3
In Sn U,0,3
In Sn Y,0,3
In Sr,0,2
In Sr Zn,0,3
In Tb,0,2
In Th,0,2
In Ti,0,2
In Tl,0,2
In Tm,0,2
In U,0,2
In V,0,2
In W,0,2
In Y,0,2
In Yb,0,2
In Yb Zn,0,3
In Zr,0,2
Ir K,0,2
Ir La,0,2
Ir La Mg,0,3
Ir La Sb,0,3
Ir La Sn,0,3
Ir Li,0,2
Ir Li Mg,0,3
Ir Li Sn,0,3
Ir Lu,0,2
Ir Lu Sn,0,3
Ir Mg,0,2
Ir Mg Nd,0,3
Ir Mg Pr,0,3
Ir Mg Sn,0,3
Ir Mg Tb,0,3
Ir Mg Y,0,3
Ir Mn,0,2
Ir Mn Ru,0,3
Ir Mn Sb,0,3
Ir Mn Sn,0,3
Ir Mo,0,2
Ir Mo Ru,0,3
Ir Nb,0,2
Ir Nb V,0,3
Ir Nd,0,2
Ir Nd Sb,0,3
Ir Nd Sn,0,3
Ir Ni,0,2
Ir Ni Ta,0,3
Ir Np,0,2
Ir Np Sn,0,3
Ir Os,0,2
Ir Os Ru,0,3
Ir Os Sn,0,3
Ir Os Th,0,3
Ir Os Zr,0,3
Ir Pa,0,2
Ir Pb,0,2
Ir Pd,0,2
Ir Pr,0,2
Ir Pr Sb,0,3
Ir Pr Sn,0,3
Ir Pt,0,2
Ir Pt U,0,3
Ir Pt Zr,0,3
Ir Pu,0,2
Ir Rb,0,2
Ir Re,0,2
Ir Re Ti,0,3
Ir Rh,0,2
Ir Ru,0,2
Ir Ru Th,0,3
Ir Sb,0,2
Ir Sb Sm,0,3
Ir Sb Ti,0,3
Ir Sb U,0,3
Ir Sb Y,0,3
Ir Sb Yb,0,3
Ir Sb Zr,0,3
Ir Sc,0,2
Ir Sc Sn,0,3
Ir Sc Sn V,0,4
Ir Sm,0,2
Ir Sm Sn,0,3
Ir Sn,0,2
Ir Sn Sr,0,3
Ir Sn Ti,0,3
Ir Sn Ti Zr,0,4
Ir Sn Tm,0,3
Ir Sn U,0,3
Ir Sn V Y,0,4
Ir Sn Y,0,3
Ir Sn Yb,0,3
Ir Sn Zr,0,3
Ir Sr,0,2
Ir Ta,0,2
Ir Tb,0,2
Ir Tc,0,2
Ir Th,0,2
Ir Ti,0,2
Ir Tl,0,2
Ir Tm,0,2
Ir U,0,2
Ir U Zn,0,3
Ir V,0,2
Ir W,0,2
Ir Y,0,2
Ir Yb,0,2
Ir Zn,0,2
Ir Zr,0,2
K Li Sn,0,3
K Mg,0,2
K Mg Na Tl,0,4
K Mg Pb,0,3
K Mg Sb,0,3
K Mg Sn,0,3
K Mn Sb,0,3
K Na,0,2
K Na Sb,0,3
K Na Sb Sn,0,4
K Na Sm Tl,0,4
K Na Sn,0,3
K Na Sn Zn,0,4
K Na Tl,0,3
K Na Tl Zn,0,4
K Pb,0,2
K Pb Rh,0,3
K Pb Sc,0,3
K Pd Sn,0,3
K Pd Tl,0,3
K Sb,0,2
K Sb Sn,0,3
K Sb Tl,0,3
K Sb V,0,3
K Sb Zn,0,3
K Sc Sn,0,3
K Sn,0,2
K Sn Zn,0,3
K Tl,0,2
K Tl Zn,0,3
K Zn,0,2
La Li Sb,0,3
La Li Sn,0,3
La Mg,0,2
La Mg Nd Ni,0,4
La Mg Ni,0,3
La Mg Pd,0,3
La Mg Rh,0,3
La Mg Ru,0,3
La Mg Sb,0,3
La Mg Sn,0,3
La Mg Tl,0,3
La Mg Y,0,3
La Mg Zn,0,3
La Mn Ni,0,3
La Mn Ni Sn,0,4
La Mn Ni Y,0,4
La Mn Ni Zr,0,4
La Mn Pb,0,3
La Mn Sb,0,3
La Mn Sb Zn,0,4
La Mn Sn,0,3
La Mn Y,0,3
La Nd Ni,0,3
La Nd Os,0,3
La Ni,0,2
La Ni Pb,0,3
La Ni Pr,0,3
La Ni Pt,0,3
La Ni Rh,0,3
La Ni Sb,0,3
La Ni Sn,0,3
La Ni Sn Zn,0,4
La Ni Ti,0,3
La Ni Y,0,3
La Ni Zn,0,3
La Os,0,2
La Os Sb,0,3
La Os Th,0,3
La Pb,0,2
La Pb Pd,0,3
La Pb Rh,0,3
La Pb Ru,0,3
La Pb Sb,0,3
La Pb Sn,0,3
La Pb Th,0,3
La Pb Tl,0,3
La Pb Zn,0,3
La Pd,0,2
La Pd Sb,0,3
La Pd Sn,0,3
La Pd Tl,0,3
La Pd Zn,0,3
La Pt,0,2
La Pt Sb,0,3
La Pt Sn,0,3
La Pt Zn,0,3
La Pu,0,2
La Rh,0,2
La Rh Sb,0,3
La Rh Sn,0,3
La Rh Sn Y,0,4
La Rh Zn,0,3
La Ru,0,2
La Ru Sb,0,3
La Ru Sn,0,3
La Ru Th,0,3
La Sb,0,2
La Sb Sc,0,3
La Sb Sn,0,3
La Sb Ti,0,3
La Sb V,0,3
La Sb Y,0,3
La Sb Zn,0,3
La Sb Zr,0,3
La Sn,0,2
La Sn Th,0,3
La Sn Tl,0,3
La Sn Zn,0,3
La Th,0,2
La Tl,0,2
La Tl Zn,0,3
La Y,0,2
La Zn,0,2
Li Lu Sn,0,3
Li Mg,0,2
Li Mg Pb,0,3
Li Mg Pd Sb,0,4
Li Mg Pd Sn,0,4
Li Mg Pt Sb,0,4
Li Mg Pt Sn,0,4
Li Mg Sb,0,3
Li Mg Sn,0,3
Li Mg Sn Sr,0,4
Li Mg Tl,0,3
Li Mg Zn,0,3
Li Mn Sb,0,3
Li Mo,0,2
Li Na Sb,0,3
Li Na Sn,0,3
Li Nd Sb,0,3
Li Nd Sn,0,3
Li Ni Sn,0,3
Li Pb,0,2
Li Pb Pd,0,3
Li Pb Yb,0,3
Li Pb Zr,0,3
Li Pd,0,2
Li Pd Sb,0,3
Li Pd Sn,0,3
Li Pd Tl,0,3
Li Pr Sb,0,3
Li Pr Sn,0,3
Li Pt,0,2
Li Pt Sb,0,3
Li Pt Sn,0,3
Li Rb Sn,0,3
Li Rh,0,2
Li Rh Sn,0,3
Li Ru Sn,0,3
Li Sb,0,2
Li Sb Sm,0,3
Li Sb Sn,0,3
Li Sb Sr,0,3
Li Sb Ti,0,3
Li Sb Tl,0,3
Li Sb Y,0,3
Li Sb Yb,0,3
Li Sb Zn,0,3
Li Sb Zr,0,3
Li Sm Sn,0,3
Li Sn,0,2
Li Sn Sr,0,3
Li Sn Tb,0,3
Li Sn Tb Zn,0,4
Li Sn Tm,0,3
Li Sn V,0,3
Li Sn Y,0,3
Li Sn Yb,0,3
Li Sn Zn,0,3
Li Sr,0,2
Li Tl,0,2
Li Zn,0,2
Lu Mg,0,2
Lu Mg Ni,0,3
Lu Mn,0,2
Lu Mn Sn,0,3
Lu Mn Tb,0,3
Lu Mo Sb,0,3
Lu Ni,0,2
Lu Ni Pb,0,3
Lu Ni Sb,0,3
Lu Ni Sn,0,3
Lu Ni Zr,0,3
Lu Os,0,2
Lu Pb,0,2
Lu Pb Pd,0,3
Lu Pb Rh,0,3
Lu Pd,0,2
Lu Pd Sb,0,3
Lu Pd Sc,0,3
Lu Pd Sn,0,3
Lu Pd Zn,0,3
Lu Pt,0,2
Lu Pt Sb,0,3
Lu Pt Sn,0,3
Lu Re,0,2
Lu Rh,0,2
Lu Rh Sn,0,3
Lu Ru,0,2
Lu Sb,0,2
Lu Sb Zr,0,3
Lu Sn,0,2
Lu Sn Ti,0,3
Lu Sn V,0,3
Lu Sn Zn,0,3
Lu Tb,0,2
Lu Tc,0,2
Lu Th,0,2
Lu Tl,0,2
Lu Zn,0,2
Lu Zr,0,2
Mg Mn,0,2
Mg Mn Ni,0,3
Mg Mn Ni Sb,0,4
Mg Mn Sb,0,3
Mg Mo,0,2
Mg Na,0,2
Mg Na Pb,0,3
Mg Na Sb,0,3
Mg Na Sn,0,3
Mg Nb,0,2
Mg Nd,0,2
Mg Nd Ni,0,3
Mg Nd Os,0,3
Mg Nd Pd,0,3
Mg Nd Pt,0,3
Mg Nd Rh,0,3
Mg Nd Ru,0,3
Mg Nd Sn,0,3
Mg Nd Y,0,3
Mg Ni,0,2
Mg Ni Pd,0,3
Mg Ni Pr,0,3
Mg Ni Sb,0,3
Mg Ni Sc,0,3
Mg Ni Sm,0,3
Mg Ni Sn,0,3
Mg Ni Tb,0,3
Mg Ni Ti,0,3
Mg Ni Y,0,3
Mg Ni Zn,0,3
Mg Os,0,2
Mg Os Sm,0,3
Mg Os Tm,0,3
Mg Pb,0,2
Mg Pb Sr,0,3
Mg Pb Yb,0,3
Mg Pd,0,2
Mg Pd Sb,0,3
Mg Pd Sr,0,3
Mg Pd Tb,0,3
Mg Pd Y,0,3
Mg Pd Yb,0,3
Mg Pd Zn,0,3
Mg Pm,0,2
Mg Pr,0,2
Mg Pr Pt,0,3
Mg Pr Rh,0,3
Mg Pr Ru,0,3
Mg Pr Sn,0,3
Mg Pr Y,0,3
Mg Pt,0,2
Mg Pt Sb,0,3
Mg Pt Sm,0,3
Mg Pt Sn,0,3
Mg Pt Sr,0,3
Mg Pt Tm,0,3
Mg Pt Y,0,3
Mg Pt Yb,0,3
Mg Pt Zn,0,3
Mg Pu,0,2
Mg Rb,0,2
Mg Re,0,2
Mg Rh,0,2
Mg Rh Sm,0,3
Mg Rh Sn,0,3
Mg Rh Y,0,3
Mg Ru,0,2
Mg Ru Sc,0,3
Mg Ru Sm,0,3
Mg Ru Sn,0,3
Mg Ru Tb,0,3
Mg Ru Y,0,3
Mg Sb,0,2
Mg Sb Sm,0,3
Mg Sb Sn,0,3
Mg Sb Sr,0,3
Mg Sb Ti,0,3
Mg Sb Yb,0,3
Mg Sb Zn,0,3
Mg Sc,0,2
Mg Sc Zn,0,3
Mg Sm,0,2
Mg Sm Tl,0,3
Mg Sm Y,0,3
Mg Sm Zn,0,3
Mg Sn,0,2
Mg Sn Sr,0,3
Mg Sn Tb,0,3
Mg Sn Ti,0,3
Mg Sn Tm,0,3
Mg Sn Y,0,3
Mg Sn Yb,0,3
Mg Sr,0,2
Mg Ta,0,2
Mg Tb,0,2
Mg Tb Y,0,3
Mg Tc,0,2
Mg Th,0,2
Mg Ti,0,2
Mg Ti Zn,0,3
Mg Tl,0,2
Mg Tl Y,0,3
Mg Tm,0,2
Mg V,0,2
Mg W,0,2
Mg Y,0,2
Mg Y Zn,0,3
Mg Yb,0,2
Mg Yb Zn,0,3
Mg Zn,0,2
Mg Zn Zr,0,3
Mg Zr,0,2
Mn Mo,0,2
Mn Na Sb,0,3
Mn Nb,0,2
Mn Nd,0,2
Mn Nd Ni,0,3
Mn Nd Sn,0,3
Mn Nd Zr,0,3
Mn Ni,0,2
Mn Ni Pd,0,3
Mn Ni Pd Sn,0,4
Mn Ni Pr,0,3
Mn Ni Pr Sn,0,4
Mn Ni Pt,0,3
Mn Ni Pt Sb,0,4
Mn Ni Rh Sn,0,4
Mn Ni Sb,0,3
Mn Ni Sc,0,3
Mn Ni Sc Zr,0,4
Mn Ni Sm,0,3
Mn Ni Sm Sn,0,4
Mn Ni Sn,0,3
Mn Ni Sn Ti,0,4
Mn Ni Sn V,0,4
Mn Ni Tb,0,3
Mn Ni Th,0,3
Mn Ni U,0,3
Mn Ni Y,0,3
Mn Ni Zn,0,3
Mn Ni Zr,0,3
Mn Np,0,2
Mn Os Sb,0,3
Mn Os Sn,0,3
Mn Pb Rh,0,3
Mn Pb Zr,0,3
Mn Pd,0,2
Mn Pd Pt,0,3
Mn Pd Rh,0,3
Mn Pd Sb,0,3
Mn Pd Sb Sn,0,4
Mn Pd Sn,0,3
Mn Pr,0,2
Mn Pr Sb,0,3
Mn Pr Sb Zn,0,4
Mn Pr Sn,0,3
Mn Pr Tb,0,3
Mn Pr Tm,0,3
Mn Pt,0,2
Mn Pt Rh,0,3
Mn Pt Rh Sb,0,4
Mn Pt Sb,0,3
Mn Pt Sc,0,3
Mn Pt Sn,0,3
Mn Pt Zn,0,3
Mn Pu,0,2
Mn Rb Sb,0,3
Mn Rb Sb Zn,0,4
Mn Re,0,2
Mn Re Y,0,3
Mn Rh,0,2
Mn Rh Sb,0,3
Mn Rh Sn,0,3
Mn Rh Ti,0,3
Mn Rh Tl,0,3
Mn Ru,0,2
Mn Ru Sb,0,3
Mn Ru Sn,0,3
Mn Ru Ti,0,3
Mn Sb,0,2
Mn Sb Sc,0,3
Mn Sb Sc Yb,0,4
Mn Sb Sn,0,3
Mn Sb Sr,0,3
Mn Sb Tb Yb,0,4
Mn Sb Ti,0,3
Mn Sb Ti Zn,0,4
Mn Sb U,0,3
Mn Sb V,0,3
Mn Sb Y,0,3
Mn Sb Y Yb,0,4
Mn Sb Yb,0,3
Mn Sb Yb Zn,0,4
Mn Sb Zn,0,3
Mn Sb Zr,0,3
Mn Sc,0,2
Mn Sc Sn,0,3
Mn Sc Sn Yb,0,4
Mn Sc Tb,0,3
Mn Sc Y,0,3
Mn Sm,0,2
Mn Sm Sn,0,3
Mn Sn,0,2
Mn Sn Sr,0,3
Mn Sn Tb,0,3
Mn Sn Ti,0,3
Mn Sn Ti Y,0,4
Mn Sn Tm,0,3
Mn Sn V,0,3
Mn Sn W,0,3
Mn Sn Y,0,3
Mn Sn Yb,0,3
Mn Sn Zr,0,3
Mn Ta,0,2
Mn Ta V,0,3
Mn Tb,0,2
Mn Tb Y,0,3
Mn Tc,0,2
Mn Th,0,2
Mn Th Y,0,3
Mn Ti,0,2
Mn Ti V,0,3
Mn Ti V Zr,0,4
Mn Ti Zr,0,3
Mn Tl Zr,0,3
Mn Tm,0,2
Mn U,0,2
Mn V,0,2
Mn V Zr,0,3
Mn Y,0,2
Mn Yb,0,2
Mn Zn,0,2
Mn Zn Zr,0,3
Mn Zr,0,2
Mo Nb,0,2
Mo Nb Ni,0,3
Mo Nb Re,0,3
Mo Nb Sn,0,3
Mo Nb Ta,0,3
Mo Nb Ta V,0,4
Mo Nb Ta W,0,4
Mo Nb Ti,0,3
Mo Nb Ti V,0,4
Mo Nb Ti Zr,0,4
Mo Nb U,0,3
Mo Nb V,0,3
Mo Nb V W,0,4
Mo Nb W,0,3
Mo Nb Zr,0,3
Mo Ni,0,2
Mo Ni Re,0,3
Mo Ni Sb,0,3
Mo Ni Ta,0,3
Mo Ni Ti,0,3
Mo Ni V,0,3
Mo Ni Zr,0,3
Mo Os,0,2
Mo Os Ru,0,3
Mo Os W,0,3
Mo Pd,0,2
Mo Pd Rh,0,3
Mo Pd Rh Ru,0,4
Mo Pd Ru,0,3
Mo Pt,0,2
Mo Pu U,0,3
Mo Re,0,2
Mo Re Ru,0,3
Mo Re V,0,3
Mo Rh,0,2
Mo Rh Ru,0,3
Mo Ru,0,2
Mo Ru Sb,0,3
Mo Ru Ta,0,3
Mo Ru W,0,3
Mo Ru Zr,0,3
Mo Sb,0,2
Mo Sb Ti,0,3
Mo Sn,0,2
Mo Sn Ti,0,3
Mo Sn Zn,0,3
Mo Ta,0,2
Mo Ta V,0,3
Mo Ta V W,0,4
Mo Ta W,0,3
Mo Tc,0,2
Mo Ti,0,2
Mo Ti Zr,0,3
Mo U,0,2
Mo V,0,2
Mo V W,0,3
Mo V Zr,0,3
Mo W,0,2
Mo W Zr,0,3
Mo Zn,0,2
Mo Zr,0,2
Na Ni Sn,0,3
Na Pb,0,2
Na Pd Sn,0,3
Na Pt,0,2
Na Rb Sb,0,3
Na Rb Sn,0,3
Na Sb,0,2
Na Sb Sn,0,3
Na Sb Tl,0,3
Na Sb Zn,0,3
Na Sn,0,2
Na Sn Sr,0,3
Na Sn Tl,0,3
Na Sn Yb,0,3
Na Sn Zn,0,3
Na Tl,0,2
Na V X0+,0,3
Na Zn,0,2
Nb Ni,0,2
Nb Ni Pd Sb,0,4
Nb Ni Sb,0,3
Nb Ni Sc Sn,0,4
Nb Ni Sn,0,3
Nb Ni Ti,0,3
Nb Ni V,0,3
Nb Os,0,2
Nb Pb,0,2
Nb Pd,0,2
Nb Pd Pt,0,3
Nb Pd Rh,0,3
Nb Pd Zr,0,3
Nb Pt,0,2
Nb Re,0,2
Nb Re Ta,0,3
Nb Re V,0,3
Nb Rh,0,2
Nb Rh Ru,0,3
Nb Rh Sb,0,3
Nb Rh Sn,0,3
Nb Rh Ti,0,3
Nb Ru,0,2
Nb Ru Sb,0,3
Nb Sb,0,2
Nb Sb Sn,0,3
Nb Sb U,0,3
Nb Sn,0,2
Nb Sn Ta,0,3
Nb Sn Tb,0,3
Nb Sn Ti,0,3
Nb Sn V,0,3
Nb Sn Zr,0,3
Nb Ta,0,2
Nb Ta Ti,0,3
Nb Ta V,0,3
Nb Ta V W,0,4
Nb Ta W,0,3
Nb Tc,0,2
Nb Th,0,2
Nb Ti,0,2
Nb Ti V Zr,0,4
Nb Ti Zr,0,3
Nb Tl,0,2
Nb U,0,2
Nb U Zr,0,3
Nb V,0,2
Nb V W,0,3
Nb V Zr,0,3
Nb W,0,2
Nb Y,0,2
Nb Zn,0,2
Nb Zn Zr,0,3
Nb Zr,0,2
Nd Ni,0,2
Nd Ni Ru,0,3
Nd Ni Sb,0,3
Nd Ni Sn,0,3
Nd Ni Zr,0,3
Nd Os,0,2
Nd Os Sb,0,3
Nd Pb,0,2
Nd Pb Zn,0,3
Nd Pd,0,2
Nd Pd Ru,0,3
Nd Pd Sb,0,3
Nd Pd Sn,0,3
Nd Pd Tl,0,3
Nd Pd Zn,0,3
Nd Pr,0,2
Nd Pr Sb,0,3
Nd Pt,0,2
Nd Pt Sb,0,3
Nd Pt Sn,0,3
Nd Pu,0,2
Nd Re,0,2
Nd Rh,0,2
Nd Rh Sn,0,3
Nd Rh Zn,0,3
Nd Ru,0,2
Nd Ru Sb,0,3
Nd Ru Sn,0,3
Nd Sb,0,2
Nd Sb Sc,0,3
Nd Sb Sm,0,3
Nd Sb Sn Ti,0,4
Nd Sb Ti,0,3
Nd Sb V,0,3
Nd Sb Zn,0,3
Nd Sm,0,2
Nd Sn,0,2
Nd Sn Zn,0,3
Nd Th,0,2
Nd Tl,0,2
Nd Tl Zn,0,3
Nd Tm,0,2
Nd Y,0,2
Nd Zn,0,2
Ni Np,0,2
Ni Np Sn,0,3
Ni Pb,0,2
Ni Pb Pr,0,3
Ni Pb Sc,0,3
Ni Pb Tb,0,3
Ni Pb Tm,0,3
Ni Pb Y,0,3
Ni Pb Zr,0,3
Ni Pd,0,2
Ni Pd Sn,0,3
Ni Pd Ti,0,3
Ni Pd V,0,3
Ni Pr,0,2
Ni Pr Sb,0,3
Ni Pr Sb Sn,0,4
Ni Pr Sn,0,3
Ni Pr Y,0,3
Ni Pr Zn,0,3
Ni Pt,0,2
Ni Pt Sn,0,3
Ni Pt Ti,0,3
Ni Pt U,0,3
Ni Pu,0,2
Ni Pu Sn,0,3
Ni Re,0,2
Ni Re Sn,0,3
Ni Rh,0,2
Ni Rh Sn,0,3
Ni Rh Tb,0,3
Ni Ru,0,2
Ni Ru Sb,0,3
Ni Ru Sm,0,3
Ni Ru Tb,0,3
Ni Ru Y,0,3
Ni Sb,0,2
Ni Sb Sc,0,3
Ni Sb Sm,0,3
Ni Sb Sm Sn,0,4
Ni Sb Sn,0,3
Ni Sb Sn Tb,0,4
Ni Sb Sn Ti,0,4
Ni Sb Sn U,0,4
Ni Sb Sn Yb,0,4
Ni Sb Sn Zr,0,4
Ni Sb Sr,0,3
Ni Sb Tb,0,3
Ni Sb Ti,0,3
Ni Sb Tm,0,3
Ni Sb U,0,3
Ni Sb V,0,3
Ni Sb Y,0,3
Ni Sb Yb,0,3
Ni Sb Zn,0,3
Ni Sb Zr,0,3
Ni Sc,0,2
Ni Sc Sn,0,3
Ni Sc Sn Ti,0,4
Ni Sc Sn Zr,0,4
Ni Sc V Zr,0,4
Ni Sc Y,0,3
Ni Sm,0,2
Ni Sm Sn,0,3
Ni Sm Tb,0,3
Ni Sm Y,0,3
Ni Sm Zn,0,3
Ni Sn,0,2
Ni Sn Sr,0,3
Ni Sn Tb,0,3
Ni Sn Th,0,3
Ni Sn Th U,0,4
Ni Sn Ti,0,3
Ni Sn Tm,0,3
Ni Sn U,0,3
Ni Sn V,0,3
Ni Sn Y,0,3
Ni Sn Y Zr,0,4
Ni Sn Yb,0,3
Ni Sn Zn,0,3
Ni Sn Zr,0,3
Ni Sr,0,2
Ni Ta,0,2
Ni Ta Ti,0,3
Ni Ta V,0,3
Ni Tb,0,2
Ni Tb Y,0,3
Ni Tb Zn,0,3
Ni Tb Zr,0,3
Ni Tc,0,2
Ni Th,0,2
Ni Ti,0,2
Ni Ti V,0,3
Ni Ti Y,0,3
Ni Ti Zn,0,3
Ni Ti Zr,0,3
Ni Tl,0,2
Ni Tm,0,2
Ni Tm Zn,0,3
Ni Tm Zr,0,3
Ni U,0,2
Ni U Zn,0,3
Ni V,0,2
Ni V Zr,0,3
Ni W,0,2
Ni Y,0,2
Ni Y Zr,0,3
Ni Yb,0,2
Ni Yb Zr,0,3
Ni Zn,0,2
Ni Zn Zr,0,3
Ni Zr,0,2
Np Os,0,2
Np Pd,0,2
Np Pt,0,2
Np Pu,0,2
Np Re,0,2
Np Rh,0,2
Np Ru,0,2
Np Sb,0,2
Np Sn,0,2
Np Tl,0,2
Np U,0,2
Np Zr,0,2
Os Pr,0,2
Os Pr Sb,0,3
Os Pt,0,2
Os Pu,0,2
Os Re,0,2
Os Re Ti,0,3
Os Ru,0,2
Os Ru Th,0,3
Os Sb,0,2
Os Sb Sm,0,3
Os Sb Sr,0,3
Os Sc,0,2
Os Sm,0,2
Os Sn,0,2
Os Ta,0,2
Os Tb,0,2
Os Tc,0,2
Os Th,0,2
Os Ti,0,2
Os Ti V,0,3
Os Tm,0,2
Os U,0,2
Os U Zn,0,3
Os V,0,2
Os V Zr,0,3
Os W,0,2
Os Y,0,2
Os Yb,0,2
Os Zr,0,2
Pa Pt,0,2
Pa Rh,0,2
Pa Sb,0,2
Pa Th,0,2
Pb Pd,0,2
Pb Pd Pr,0,3
Pb Pd Rh,0,3
Pb Pd Sm,0,3
Pb Pd Tb,0,3
Pb Pd Ti,0,3
Pb Pd Tl,0,3
Pb Pd Tm,0,3
Pb Pd Y,0,3
Pb Pd Zr,0,3
Pb Pr,0,2
Pb Pr Zn,0,3
Pb Pt,0,2
Pb Pt Tl,0,3
Pb Pt Yb,0,3
Pb Pu,0,2
Pb Rb,0,2
Pb Rh,0,2
Pb Rh Sm,0,3
Pb Rh Sr,0,3
Pb Rh Ta,0,3
Pb Rh U,0,3
Pb Rh Yb,0,3
Pb Sb,0,2
Pb Sb Zr,0,3
Pb Sc,0,2
Pb Sm,0,2
Pb Sn,0,2
Pb Sn Sr,0,3
Pb Sn Zr,0,3
Pb Sr,0,2
Pb Sr Zn,0,3
Pb Tb,0,2
Pb Th,0,2
Pb Ti,0,2
Pb Ti Zr,0,3
Pb Tl,0,2
Pb Tm,0,2
Pb U,0,2
Pb V,0,2
Pb V Zr,0,3
Pb Y,0,2
Pb Yb,0,2
Pb Yb Zn,0,3
Pb Zn Zr,0,3
Pb Zr,0,2
Pd Pr,0,2
Pd Pr Sb,0,3
Pd Pr Sn,0,3
Pd Pr Tl,0,3
Pd Pr Zn,0,3
Pd Pt,0,2
Pd Pt Sn,0,3
Pd Pt U,0,3
Pd Pu,0,2
Pd Pu Sn,0,3
Pd Re,0,2
Pd Rh,0,2
Pd Rh Ru,0,3
Pd Rh Ta,0,3
Pd Rh U,0,3
Pd Rh Zr,0,3
Pd Ru,0,2
Pd Ru Ta,0,3
Pd Ru Zr,0,3
Pd Sb,0,2
Pd Sb Sc,0,3
Pd Sb Sm,0,3
Pd Sb Sr,0,3
Pd Sb Tb,0,3
Pd Sb Tl,0,3
Pd Sb Tm,0,3
Pd Sb U,0,3
Pd Sb Y,0,3
Pd Sb Yb,0,3
Pd Sb Zr,0,3
Pd Sc,0,2
Pd Sc Sn,0,3
Pd Sc Zn,0,3
Pd Sm,0,2
Pd Sm Sn,0,3
Pd Sm Tl,0,3
Pd Sm Zn,0,3
Pd Sn,0,2
Pd Sn Sr,0,3
Pd Sn Tb,0,3
Pd Sn Tm,0,3
Pd Sn Tm Y,0,4
Pd Sn U,0,3
Pd Sn Y,0,3
Pd Sn Y Yb,0,4
Pd Sn Yb,0,3
Pd Sn Zr,0,3
Pd Sr,0,2
Pd Sr Tl,0,3
Pd Ta,0,2
Pd Tb,0,2
Pd Tb Tl,0,3
Pd Tb Zn,0,3
Pd Tc,0,2
Pd Th,0,2
Pd Ti,0,2
Pd Tl,0,2
Pd Tl Y,0,3
Pd Tl Yb,0,3
Pd Tm,0,2
Pd Tm Zn,0,3
Pd U,0,2
Pd U Y,0,3
Pd V,0,2
Pd W,0,2
Pd Y,0,2
Pd Y Zn,0,3
Pd Yb,0,2
Pd Yb Zn,0,3
Pd Zn,0,2
Pd Zr,0,2
Pm Sn,0,2
Pr Pt,0,2
Pr Pt Sb,0,3
Pr Pt Sn,0,3
Pr Pt Zn,0,3
Pr Pu,0,2
Pr Re,0,2
Pr Rh,0,2
Pr Rh Sb,0,3
Pr Rh Sn,0,3
Pr Rh Zn,0,3
Pr Ru,0,2
Pr Ru Sb,0,3
Pr Ru Sn,0,3
Pr Sb,0,2
Pr Sb Sc,0,3
Pr Sb Ti,0,3
Pr Sb V,0,3
Pr Sb Zn,0,3
Pr Sn,0,2
Pr Sn Y,0,3
Pr Sn Zn,0,3
Pr Tb,0,2
Pr Th,0,2
Pr Th Y,0,3
Pr Tl,0,2
Pr Y,0,2
Pr Zn,0,2
Pt Pu,0,2
Pt Pu Sn,0,3
Pt Re,0,2
Pt Re Ti,0,3
Pt Rh,0,2
Pt Sb,0,2
Pt Sb Sc,0,3
Pt Sb Sm,0,3
Pt Sb Sn,0,3
Pt Sb Sr,0,3
Pt Sb Tb,0,3
Pt Sb Ti,0,3
Pt Sb Tm,0,3
Pt Sb U,0,3
Pt Sb V,0,3
Pt Sb Y,0,3
Pt Sb Yb,0,3
Pt Sb Zr,0,3
Pt Sc,0,2
Pt Sc Sn,0,3
Pt Sc Zn,0,3
Pt Sm,0,2
Pt Sm Sn,0,3
Pt Sn,0,2
Pt Sn Sr,0,3
Pt Sn Tb,0,3
Pt Sn Th,0,3
Pt Sn Ti,0,3
Pt Sn Tm,0,3
Pt Sn U,0,3
Pt Sn Y,0,3
Pt Sn Yb,0,3
Pt Sn Zn,0,3
Pt Sn Zr,0,3
Pt Sr,0,2
Pt Sr Zn,0,3
Pt Ta,0,2
Pt Tb,0,2
Pt Tc,0,2
Pt Th,0,2
Pt Ti,0,2
Pt Tl,0,2
Pt Tm,0,2
Pt U,0,2
Pt V,0,2
Pt W,0,2
Pt Y,0,2
Pt Yb,0,2
Pt Yb Zn,0,3
Pt Zn,0,2
Pt Zr,0,2
Pu Re,0,2
Pu Rh,0,2
Pu Ru,0,2
Pu Sb,0,2
Pu Sc,0,2
Pu Sm,0,2
Pu Sn,0,2
Pu Sn U,0,3
Pu Th,0,2
Pu U,0,2
Pu Zn,0,2
Pu Zr,0,2
Rb Sb,0,2
Rb Sb Sn,0,3
Rb Sb V,0,3
Rb Sb Zn,0,3
Rb Sn,0,2
Rb Sn Tl,0,3
Rb Sn Zn,0,3
Rb Tl,0,2
Rb Zn,0,2
Re Rh,0,2
Re Ru,0,2
Re Sc,0,2
Re Sm,0,2
Re Sn,0,2
Re Ta,0,2
Re Tb,0,2
Re Tb Th,0,3
Re Tc,0,2
Re Th,0,2
Re Th U,0,3
Re Th Y,0,3
Re Ti,0,2
Re Ti V,0,3
Re Tm,0,2
Re U,0,2
Re V,0,2
Re V Zr,0,3
Re W,0,2
Re Y,0,2
Re Yb,0,2
Re Zr,0,2
Rh Ru,0,2
Rh Ru U,0,3
Rh Sb,0,2
Rh Sb Tb,0,3
Rh Sb Th,0,3
Rh Sb Ti,0,3
Rh Sb U,0,3
Rh Sb V,0,3
Rh Sb Yb,0,3
Rh Sb Zr,0,3
Rh Sc,0,2
Rh Sc Sn,0,3
Rh Sc Sn V,0,4
Rh Sc Zn,0,3
Rh Sm,0,2
Rh Sm Sn,0,3
Rh Sm Zn,0,3
Rh Sn,0,2
Rh Sn Sr,0,3
Rh Sn Ta,0,3
Rh Sn Tb,0,3
Rh Sn Th,0,3
Rh Sn Ti,0,3
Rh Sn Tm,0,3
Rh Sn U,0,3
Rh Sn V,0,3
Rh Sn Y,0,3
Rh Sn Yb,0,3
Rh Sn Zr,0,3
Rh Sr,0,2
Rh Ta,0,2
Rh Ta Ti,0,3
Rh Tb,0,2
Rh Tb Zn,0,3
Rh Tc,0,2
Rh Th,0,2
Rh Ti,0,2
Rh Ti V,0,3
Rh Tm,0,2
Rh U,0,2
Rh U Zn,0,3
Rh V,0,2
Rh W,0,2
Rh Y,0,2
Rh Yb,0,2
Rh Zn,0,2
Rh Zr,0,2
Ru Sb,0,2
Ru Sb Sr,0,3
Ru Sb Ta,0,3
Ru Sb Ti,0,3
Ru Sb U,0,3
Ru Sb V,0,3
Ru Sb Yb,0,3
Ru Sb Zn,0,3
Ru Sb Zr,0,3
Ru Sc,0,2
Ru Sm,0,2
Ru Sm Sn,0,3
Ru Sn,0,2
Ru Sn Tb,0,3
Ru Sn U,0,3
Ru Sn Y,0,3
Ru Sn Zn,0,3
Ru Sn Zr,0,3
Ru Ta,0,2
Ru Tb,0,2
Ru Tc,0,2
Ru Th,0,2
Ru Ti,0,2
Ru Ti V,0,3
Ru Tm,0,2
Ru U,0,2
Ru U Zn,0,3
Ru V,0,2
Ru V Zr,0,3
Ru W,0,2
Ru Y,0,2
Ru Y Zn,0,3
Ru Yb,0,2
Ru Zn,0,2
Ru Zr,0,2
Sb Sc,0,2
Sb Sc Sm,0,3
Sb Sc Tb,0,3
Sb Sc U,0,3
Sb Sc V,0,3
Sb Sm,0,2
Sb Sm Sn Ti,0,4
Sb Sm Ti,0,3
Sb Sm V,0,3
Sb Sm Zn,0,3
Sb Sn,0,2
Sb Sn Sr,0,3
Sb Sn Th,0,3
Sb Sn Ti,0,3
Sb Sn U,0,3
Sb Sn Zn,0,3
Sb Sn Zr,0,3
Sb Sr,0,2
Sb Sr Zn,0,3
Sb Ta,0,2
Sb Tb,0,2
Sb Tb Ti,0,3
Sb Tb V,0,3
Sb Tb Zn,0,3
Sb Tb Zr,0,3
Sb Th,0,2
Sb Th U,0,3
Sb Ti,0,2
Sb Ti U,0,3
Sb Ti V,0,3
Sb Ti Yb,0,3
Sb Ti Zn,0,3
Sb Ti Zr,0,3
Sb Tl,0,2
Sb Tl Zn,0,3
Sb Tm,0,2
Sb Tm Zr,0,3
Sb U,0,2
Sb U V,0,3
Sb U Y,0,3
Sb U Zr,0,3
Sb V,0,2
Sb V Zr,0,3
Sb Y,0,2
Sb Y Zr,0,3
Sb Yb,0,2
Sb Yb Zn,0,3
Sb Zn,0,2
Sb Zn Zr,0,3
Sb Zr,0,2
Sc Sn,0,2
Sc Sn V,0,3
Sc Tc,0,2
Sc Th,0,2
Sc Tl,0,2
Sc Y,0,2
Sc Zn,0,2
Sc Zr,0,2
Sm Sn,0,2
Sm Sn Zn,0,3
Sm Th,0,2
Sm Tl,0,2
Sm Tl Zn,0,3
Sm Zn,0,2
Sn Sr,0,2
Sn Sr Tl,0,3
Sn Sr Zn,0,3
Sn Ta,0,2
Sn Tb,0,2
Sn Tb Zn,0,3
Sn Tc,0,2
Sn Th,0,2
Sn Ti,0,2
Sn Ti Tm,0,3
Sn Ti V,0,3
Sn Ti Zn,0,3
Sn Ti Zr,0,3
Sn Tl,0,2
Sn Tm,0,2
Sn Tm V,0,3
Sn Tm Zn,0,3
Sn U,0,2
Sn V,0,2
Sn V Y,0,3
Sn V Zr,0,3
Sn Y,0,2
Sn Y Zn,0,3
Sn Yb,0,2
Sn Yb Zn,0,3
Sn Zn,0,2
Sn Zn Zr,0,3
Sn Zr,0,2
Sr Tl,0,2
Sr Zn,0,2
Ta Tc,0,2
Ta Ti,0,2
Ta V,0,2
Ta V W,0,3
Ta W,0,2
Ta Zn,0,2
Ta Zr,0,2
Tb Tc,0,2
Tb Th,0,2
Tb Tl,0,2
Tb Zn,0,2
Tb Zr,0,2
Tc Th,0,2
Tc Ti,0,2
Tc Tm,0,2
Tc V,0,2
Tc W,0,2
Tc Y,0,2
Tc Zr,0,2
Th Tl,0,2
Th U,0,2
Th Y,0,2
Th Zn,0,2
Th Zr,0,2
Ti Tl,0,2
Ti U,0,2
Ti U Zr,0,3
Ti V,0,2
Ti W,0,2
Ti W Zr,0,3
Ti Y,0,2
Ti Zn,0,2
Ti Zn Zr,0,3
Ti Zr,0,2
Tl Tm,0,2
Tl U,0,2
Tl Y,0,2
Tl Yb,0,2
Tl Zr,0,2
Tm Zn,0,2
U Zn,0,2
U Zr,0,2
V W,0,2
V W Zr,0,3
V Zn,0,2
V Zr,0,2
W Y,0,2
W Zr,0,2
Y Yb,0,2
Y Zn,0,2
Y Zn Zr,0,3
Y Zr,0,2
Yb Zn,0,2
Zn Zr,0,2
